<?xml version="1.0" encoding="UTF-8"?>
<beans xmlns="http://www.springframework.org/schema/beans"
	xmlns:context="http://www.springframework.org/schema/context"
	xmlns:mvc="http://www.springframework.org/schema/mvc" xmlns:xsi="http://www.w3.org/2001/XMLSchema-instance"
	xsi:schemaLocation="
        http://www.springframework.org/schema/beans     
        http://www.springframework.org/schema/beans/spring-beans.xsd
        http://www.springframework.org/schema/context 
        http://www.springframework.org/schema/context/spring-context.xsd
        http://www.springframework.org/schema/mvc
        http://www.springframework.org/schema/mvc/spring-mvc.xsd">

	<!-- Enables the Spring MVC @Controller programming model -->
	<bean id="contentNegotiationManager"
		class="org.springframework.web.accept.ContentNegotiationManagerFactoryBean">
		<property name="favorPathExtension" value="false" />
		<property name="favorParameter" value="true" />
		<property name="parameterName" value="mediaType" />
		<property name="ignoreAcceptHeader" value="true" />
		<property name="useJaf" value="false" />
		<property name="defaultContentType" value="application/json" />
		<property name="mediaTypes">
			<map>
				<entry key="json" value="application/json" />
				<entry key="xml" value="application/xml" />
			</map>
		</property>
	</bean>
	
	<mvc:annotation-driven
		content-negotiation-manager="contentNegotiationManager">
		<mvc:message-converters>
			<!-- Use the HibernateAware mapper instead of the default -->
			<bean
				class="org.springframework.http.converter.json.MappingJackson2HttpMessageConverter">
				<property name="objectMapper">
					<bean class="com.clinic.clinic.api.translator.HibernateAwareObjectMapper" />
				</property>
			</bean>
		</mvc:message-converters>
		
		<mvc:path-matching suffix-pattern="false" registered-suffixes-only="true" />
	</mvc:annotation-driven>

	<!-- Scan RESTful WS API -->
	<context:component-scan base-package="com.clinic.clinic.api.ws" />
	<context:annotation-config />
	
	<!-- Handles HTTP GET requests for /resources/** by efficiently serving 
		up static resources in the ${webappRoot}/resources directory -->
		
	<bean id="multipartResolver"
        class="org.springframework.web.multipart.commons.CommonsMultipartResolver">   	
	</bean>
	
	<bean id="bizLogicExceptionAdvice"
          class="com.clinic.clinic.common.exception.BizExceptionAdvice">
    </bean>
    
	<bean id="bizLogicResponseAdvice"
          class="com.clinic.clinic.common.exception.BizLogicResponseAdvice">
    </bean>
</beans>
