-- MySQL dump 10.13  Distrib 5.1.73, for redhat-linux-gnu (x86_64)
--
-- Host: localhost    Database: cliniccore_db
-- ------------------------------------------------------
-- Server version	5.1.73

/*!40101 SET @OLD_CHARACTER_SET_CLIENT=@@CHARACTER_SET_CLIENT */;
/*!40101 SET @OLD_CHARACTER_SET_RESULTS=@@CHARACTER_SET_RESULTS */;
/*!40101 SET @OLD_COLLATION_CONNECTION=@@COLLATION_CONNECTION */;
/*!40101 SET NAMES utf8 */;
/*!40103 SET @OLD_TIME_ZONE=@@TIME_ZONE */;
/*!40103 SET TIME_ZONE='+00:00' */;
/*!40014 SET @OLD_UNIQUE_CHECKS=@@UNIQUE_CHECKS, UNIQUE_CHECKS=0 */;
/*!40014 SET @OLD_FOREIGN_KEY_CHECKS=@@FOREIGN_KEY_CHECKS, FOREIGN_KEY_CHECKS=0 */;
/*!40101 SET @OLD_SQL_MODE=@@SQL_MODE, SQL_MODE='NO_AUTO_VALUE_ON_ZERO' */;
/*!40111 SET @OLD_SQL_NOTES=@@SQL_NOTES, SQL_NOTES=0 */;

--
-- Table structure for table `account`
--

DROP TABLE IF EXISTS `account`;
/*!40101 SET @saved_cs_client     = @@character_set_client */;
/*!40101 SET character_set_client = utf8 */;
CREATE TABLE `account` (
  `id` int(11) NOT NULL AUTO_INCREMENT,
  `annual_fee_id` int(11) DEFAULT NULL,
  `place_id` int(11) DEFAULT NULL,
  `subcategory_id` int(11) DEFAULT NULL,
  `cost_id` int(11) DEFAULT NULL,
  `address_id` int(11) DEFAULT NULL,
  `experience` double DEFAULT NULL,
  `code` varchar(45) DEFAULT NULL,
  `phone_number` varchar(45) NOT NULL COMMENT 'phone_number login',
  `id_card` varchar(45) NOT NULL,
  `id_card_date` date DEFAULT NULL,
  `permanent_address` varchar(1024) DEFAULT NULL,
  `passport` varchar(45) DEFAULT NULL COMMENT 'PASSPORT',
  `first_name` varchar(45) NOT NULL,
  `last_name` varchar(45) NOT NULL,
  `midle_name` varchar(45) DEFAULT NULL,
  `gender` int(11) DEFAULT NULL,
  `login_name` varchar(45) NOT NULL,
  `email` varchar(45) NOT NULL COMMENT 'email login',
  `birthday` bigint(20) NOT NULL,
  `image_url` varchar(500) DEFAULT NULL,
  `facebook` varchar(45) DEFAULT NULL,
  `facebook_id` varchar(45) DEFAULT NULL COMMENT 'facebook_id login',
  `google_plus_id` varchar(45) DEFAULT NULL COMMENT 'google_plus_id login',
  `website` varchar(45) DEFAULT NULL,
  `hashed_password` varchar(256) DEFAULT NULL,
  `need_change_pwd` tinyint(1) DEFAULT NULL,
  `active_flag` smallint(6) DEFAULT '1' COMMENT 'new/active/deactivated/deleted',
  `begin_active_time` bigint(20) DEFAULT NULL,
  `end_active_time` bigint(20) DEFAULT NULL,
  `is_deleted` tinyint(1) DEFAULT '0',
  `created_by` int(11) DEFAULT NULL,
  `created_datetime` bigint(20) DEFAULT NULL,
  `last_updated_by` int(11) DEFAULT NULL,
  `last_updated` bigint(20) DEFAULT NULL,
  `rate_id` int(11) DEFAULT NULL,
  `birdthday` bigint(20) NOT NULL,
  `device_token` varchar(256) DEFAULT NULL,
  PRIMARY KEY (`id`),
  UNIQUE KEY `email_UNIQUE` (`email`),
  UNIQUE KEY `UK_k9qlqijt38kmryafdhhq04lon` (`code`),
  UNIQUE KEY `facebook_id_UNIQUE` (`facebook_id`),
  UNIQUE KEY `google_plus_id_UNIQUE` (`google_plus_id`),
  KEY `fk_annual_fee_account_idx` (`annual_fee_id`),
  KEY `fk_account_place_idx` (`place_id`),
  KEY `fk_account_subcategory_idx` (`subcategory_id`),
  KEY `fk_account_cost_idx` (`cost_id`),
  KEY `fk_account_address_idx` (`address_id`),
  KEY `fk_account_rate_idx` (`rate_id`),
  CONSTRAINT `fk_account_address` FOREIGN KEY (`address_id`) REFERENCES `address` (`id`) ON DELETE NO ACTION ON UPDATE NO ACTION,
  CONSTRAINT `fk_account_annual_fee` FOREIGN KEY (`annual_fee_id`) REFERENCES `annual_fee` (`id`) ON DELETE NO ACTION ON UPDATE NO ACTION,
  CONSTRAINT `fk_account_cost` FOREIGN KEY (`cost_id`) REFERENCES `cost` (`id`) ON DELETE NO ACTION ON UPDATE NO ACTION,
  CONSTRAINT `fk_account_place` FOREIGN KEY (`place_id`) REFERENCES `place` (`id`) ON DELETE NO ACTION ON UPDATE NO ACTION,
  CONSTRAINT `fk_account_rate` FOREIGN KEY (`rate_id`) REFERENCES `rate` (`id`) ON DELETE NO ACTION ON UPDATE NO ACTION,
  CONSTRAINT `fk_account_subcategory` FOREIGN KEY (`subcategory_id`) REFERENCES `subcategory` (`id`) ON DELETE NO ACTION ON UPDATE NO ACTION
) ENGINE=InnoDB AUTO_INCREMENT=408 DEFAULT CHARSET=utf8;
/*!40101 SET character_set_client = @saved_cs_client */;

--
-- Dumping data for table `account`
--

LOCK TABLES `account` WRITE;
/*!40000 ALTER TABLE `account` DISABLE KEYS */;
INSERT INTO `account` VALUES (1,1,1,1,1,1,9,'DOCTOR000001','01687482737','215215883',NULL,NULL,NULL,'Vương','Đỗ','a',1,'215215883','vuongdt92@gmail.com',13254,'/var/hcmus/abc.png',NULL,NULL,NULL,NULL,'e10adc3949ba59abbe56e057f20f883e',NULL,1,NULL,NULL,0,NULL,NULL,NULL,NULL,0,0,NULL),(2,NULL,NULL,NULL,NULL,NULL,NULL,NULL,'+841663016163','225483004',NULL,NULL,NULL,'Quang Vũ','Lưu',NULL,NULL,'225483004','quangvu.luu92@gmail.com',0,NULL,NULL,NULL,NULL,NULL,'e10adc3949ba59abbe56e057f20f883e',NULL,1,NULL,NULL,0,NULL,NULL,NULL,NULL,NULL,0,NULL),(3,1,1,5,1,1,2,'NURSE000001','0909448445','215215115',NULL,NULL,NULL,'Bích','Tô','Ngọc',2,'215215115','bichto@gmail.com',12234,'/var/hcmus/abc.png',NULL,NULL,NULL,NULL,'e10adc3949ba59abbe56e057f20f883e',NULL,1,NULL,NULL,0,NULL,NULL,NULL,NULL,NULL,0,NULL),(4,1,1,6,1,1,3,'NURSE000002','0933002993','215215116',NULL,NULL,NULL,'Nguyên','Nguyễn','Thảo',2,'215215116','nguyen@gmail.com',323412,'/var/hcmus/abc.png',NULL,NULL,NULL,NULL,'e10adc3949ba59abbe56e057f20f883e',NULL,1,NULL,NULL,0,NULL,NULL,NULL,NULL,NULL,0,NULL),(5,1,1,7,1,1,2,'NURSE000003','0989331242','215215117',NULL,NULL,NULL,'Ngô','Tô','Kim',2,'215215117','nguyet@gmail.com',23123,'/var/hcmus/abc.png',NULL,NULL,NULL,NULL,'e10adc3949ba59abbe56e057f20f883e',NULL,1,NULL,NULL,0,NULL,NULL,NULL,NULL,NULL,0,NULL),(6,1,1,8,1,1,4,'NURSE000004','0967234455','215215118',NULL,NULL,NULL,'Vu','Nguyên','Văn',1,'215215118','vu@gmail.com',34121,'/var/hcmus/abc.png',NULL,NULL,NULL,NULL,'e10adc3949ba59abbe56e057f20f883e',NULL,1,NULL,NULL,0,NULL,NULL,NULL,NULL,NULL,0,NULL),(8,NULL,1,NULL,1,1,NULL,NULL,'+84123456789','215215001',NULL,NULL,NULL,'Roma','Murphy',NULL,0,'215215001','Susana.Gusikowski91@gmail.com',0,NULL,NULL,NULL,NULL,NULL,'e10adc3949ba59abbe56e057f20f883e',NULL,1,NULL,NULL,0,NULL,NULL,NULL,NULL,NULL,0,NULL),(9,NULL,1,NULL,1,1,NULL,NULL,'+84123456789','215215002',NULL,NULL,NULL,'Zechariah','Feest',NULL,0,'215215002','Alexandre.Jacobi@gmail.com',0,NULL,NULL,NULL,NULL,NULL,'e10adc3949ba59abbe56e057f20f883e',NULL,1,NULL,NULL,0,NULL,NULL,NULL,NULL,NULL,0,NULL),(10,NULL,1,NULL,1,1,NULL,NULL,'+84123456789','215215003',NULL,NULL,NULL,'Idell','Collins',NULL,0,'215215003','Forest.Schroeder96@yahoo.com',0,NULL,NULL,NULL,NULL,NULL,'e10adc3949ba59abbe56e057f20f883e',NULL,1,NULL,NULL,0,NULL,NULL,NULL,NULL,NULL,0,NULL),(11,NULL,1,NULL,1,1,NULL,NULL,'+84123456789','215215004',NULL,NULL,NULL,'Libby','Rowe',NULL,0,'215215004','Javonte41@yahoo.com',0,NULL,NULL,NULL,NULL,NULL,'e10adc3949ba59abbe56e057f20f883e',NULL,1,NULL,NULL,0,NULL,NULL,NULL,NULL,NULL,0,NULL),(12,NULL,1,NULL,1,1,NULL,NULL,'+84123456789','215215005',NULL,NULL,NULL,'Kennedi','Orn',NULL,0,'215215005','Myrtice_Swaniawski20@yahoo.com',0,NULL,NULL,NULL,NULL,NULL,'e10adc3949ba59abbe56e057f20f883e',NULL,1,NULL,NULL,0,NULL,NULL,NULL,NULL,NULL,0,NULL),(13,NULL,1,NULL,1,1,NULL,NULL,'+84123456789','215215006',NULL,NULL,NULL,'Peter','Durgan',NULL,0,'215215006','Howard50@hotmail.com',0,NULL,NULL,NULL,NULL,NULL,'e10adc3949ba59abbe56e057f20f883e',NULL,1,NULL,NULL,0,NULL,NULL,NULL,NULL,NULL,0,NULL),(14,NULL,1,NULL,1,1,NULL,NULL,'+84123456789','215215007',NULL,NULL,NULL,'Murray','Jenkins',NULL,0,'215215007','Fabian_Krajcik@gmail.com',0,NULL,NULL,NULL,NULL,NULL,'e10adc3949ba59abbe56e057f20f883e',NULL,1,NULL,NULL,0,NULL,NULL,NULL,NULL,NULL,0,NULL),(15,NULL,1,NULL,1,1,NULL,NULL,'+84123456789','215215008',NULL,NULL,NULL,'Laverne','Corwin',NULL,0,'215215008','Lonny_Medhurst7@yahoo.com',0,NULL,NULL,NULL,NULL,NULL,'e10adc3949ba59abbe56e057f20f883e',NULL,1,NULL,NULL,0,NULL,NULL,NULL,NULL,NULL,0,NULL),(16,NULL,1,NULL,1,1,NULL,NULL,'+84123456789','215215009',NULL,NULL,NULL,'Florian','Bogan',NULL,0,'215215009','Jerome_Kulas88@yahoo.com',0,NULL,NULL,NULL,NULL,NULL,'e10adc3949ba59abbe56e057f20f883e',NULL,1,NULL,NULL,0,NULL,NULL,NULL,NULL,NULL,0,NULL),(17,NULL,1,NULL,1,1,NULL,NULL,'+84123456789','215215010',NULL,NULL,NULL,'Loyal','Kohler',NULL,0,'215215010','Elmira52@hotmail.com',0,NULL,NULL,NULL,NULL,NULL,'e10adc3949ba59abbe56e057f20f883e',NULL,1,NULL,NULL,0,NULL,NULL,NULL,NULL,NULL,0,NULL),(18,NULL,1,NULL,1,1,NULL,NULL,'+84123456789','215215011',NULL,NULL,NULL,'Sarai','Deckow',NULL,0,'215215011','Mortimer.Labadie@yahoo.com',0,NULL,NULL,NULL,NULL,NULL,'e10adc3949ba59abbe56e057f20f883e',NULL,1,NULL,NULL,0,NULL,NULL,NULL,NULL,NULL,0,NULL),(19,NULL,1,NULL,1,1,NULL,NULL,'+84123456789','215215012',NULL,NULL,NULL,'Andrew','Weissnat',NULL,0,'215215012','Osborne96@gmail.com',0,NULL,NULL,NULL,NULL,NULL,'e10adc3949ba59abbe56e057f20f883e',NULL,1,NULL,NULL,0,NULL,NULL,NULL,NULL,NULL,0,NULL),(20,NULL,1,NULL,1,1,NULL,NULL,'+84123456789','215215013',NULL,NULL,NULL,'Merl','Rath',NULL,0,'215215013','Moriah25@hotmail.com',0,NULL,NULL,NULL,NULL,NULL,'e10adc3949ba59abbe56e057f20f883e',NULL,1,NULL,NULL,0,NULL,NULL,NULL,NULL,NULL,0,NULL),(21,NULL,1,NULL,1,1,NULL,NULL,'+84123456789','215215014',NULL,NULL,NULL,'Ryan','Sawayn',NULL,0,'215215014','Kirstin.Torphy46@gmail.com',0,NULL,NULL,NULL,NULL,NULL,'e10adc3949ba59abbe56e057f20f883e',NULL,1,NULL,NULL,0,NULL,NULL,NULL,NULL,NULL,0,NULL),(22,NULL,1,NULL,1,1,NULL,NULL,'+84123456789','215215015',NULL,NULL,NULL,'Tess','Crona',NULL,0,'215215015','Amaya97@yahoo.com',0,NULL,NULL,NULL,NULL,NULL,'e10adc3949ba59abbe56e057f20f883e',NULL,1,NULL,NULL,0,NULL,NULL,NULL,NULL,NULL,0,NULL),(23,NULL,1,NULL,1,1,NULL,NULL,'+84123456789','215215016',NULL,NULL,NULL,'Granville','Morissette',NULL,0,'215215016','Katharina_Zemlak@hotmail.com',0,NULL,NULL,NULL,NULL,NULL,'e10adc3949ba59abbe56e057f20f883e',NULL,1,NULL,NULL,0,NULL,NULL,NULL,NULL,NULL,0,NULL),(24,NULL,1,NULL,1,1,NULL,NULL,'+84123456789','215215017',NULL,NULL,NULL,'Elza','Shields',NULL,0,'215215017','Emil.Dooley27@hotmail.com',0,NULL,NULL,NULL,NULL,NULL,'e10adc3949ba59abbe56e057f20f883e',NULL,1,NULL,NULL,0,NULL,NULL,NULL,NULL,NULL,0,NULL),(25,NULL,1,NULL,1,1,NULL,NULL,'+84123456789','215215018',NULL,NULL,NULL,'Arvel','Heaney',NULL,0,'215215018','Ariel.Bogisich@yahoo.com',0,NULL,NULL,NULL,NULL,NULL,'e10adc3949ba59abbe56e057f20f883e',NULL,1,NULL,NULL,0,NULL,NULL,NULL,NULL,NULL,0,NULL),(26,NULL,1,NULL,1,1,NULL,NULL,'+84123456789','215215019',NULL,NULL,NULL,'Karlee','Kuhn',NULL,0,'215215019','Chet11@hotmail.com',0,NULL,NULL,NULL,NULL,NULL,'e10adc3949ba59abbe56e057f20f883e',NULL,1,NULL,NULL,0,NULL,NULL,NULL,NULL,NULL,0,NULL),(27,NULL,1,NULL,1,1,NULL,NULL,'+84123456789','215215020',NULL,NULL,NULL,'Zella','Nicolas',NULL,0,'215215020','Susana.Hahn@yahoo.com',0,NULL,NULL,NULL,NULL,NULL,'e10adc3949ba59abbe56e057f20f883e',NULL,1,NULL,NULL,0,NULL,NULL,NULL,NULL,NULL,0,NULL),(28,NULL,1,NULL,1,1,NULL,NULL,'+84123456789','215215021',NULL,NULL,NULL,'Constantin','Purdy',NULL,0,'215215021','Brayan.Hilll70@yahoo.com',0,NULL,NULL,NULL,NULL,NULL,'e10adc3949ba59abbe56e057f20f883e',NULL,1,NULL,NULL,0,NULL,NULL,NULL,NULL,NULL,0,NULL),(29,NULL,1,NULL,1,1,NULL,NULL,'+84123456789','215215022',NULL,NULL,NULL,'Bethel','Heathcote',NULL,0,'215215022','Darian.Swaniawski@hotmail.com',0,NULL,NULL,NULL,NULL,NULL,'e10adc3949ba59abbe56e057f20f883e',NULL,1,NULL,NULL,0,NULL,NULL,NULL,NULL,NULL,0,NULL),(30,NULL,1,NULL,1,1,NULL,NULL,'+84123456789','215215023',NULL,NULL,NULL,'Amya','Abshire',NULL,0,'215215023','Shaniya41@yahoo.com',0,NULL,NULL,NULL,NULL,NULL,'e10adc3949ba59abbe56e057f20f883e',NULL,1,NULL,NULL,0,NULL,NULL,NULL,NULL,NULL,0,NULL),(31,NULL,1,NULL,1,1,NULL,NULL,'+84123456789','215215024',NULL,NULL,NULL,'Amelie','Davis',NULL,0,'215215024','Kayleigh_Fritsch27@hotmail.com',0,NULL,NULL,NULL,NULL,NULL,'e10adc3949ba59abbe56e057f20f883e',NULL,1,NULL,NULL,0,NULL,NULL,NULL,NULL,NULL,0,NULL),(32,NULL,1,NULL,1,1,NULL,NULL,'+84123456789','215215025',NULL,NULL,NULL,'Dorcas','Hartmann',NULL,0,'215215025','Webster11@hotmail.com',0,NULL,NULL,NULL,NULL,NULL,'e10adc3949ba59abbe56e057f20f883e',NULL,1,NULL,NULL,0,NULL,NULL,NULL,NULL,NULL,0,NULL),(33,NULL,1,NULL,1,1,NULL,NULL,'+84123456789','215215026',NULL,NULL,NULL,'Sven','Dietrich',NULL,0,'215215026','Junius.Gleason42@yahoo.com',0,NULL,NULL,NULL,NULL,NULL,'e10adc3949ba59abbe56e057f20f883e',NULL,1,NULL,NULL,0,NULL,NULL,NULL,NULL,NULL,0,NULL),(34,NULL,1,NULL,1,1,NULL,NULL,'+84123456789','215215027',NULL,NULL,NULL,'Stan','Mosciski',NULL,0,'215215027','Osbaldo88@gmail.com',0,NULL,NULL,NULL,NULL,NULL,'e10adc3949ba59abbe56e057f20f883e',NULL,1,NULL,NULL,0,NULL,NULL,NULL,NULL,NULL,0,NULL),(35,NULL,1,NULL,1,1,NULL,NULL,'+84123456789','215215028',NULL,NULL,NULL,'George','McCullough',NULL,0,'215215028','Jane26@yahoo.com',0,NULL,NULL,NULL,NULL,NULL,'e10adc3949ba59abbe56e057f20f883e',NULL,1,NULL,NULL,0,NULL,NULL,NULL,NULL,NULL,0,NULL),(36,NULL,1,NULL,1,1,NULL,NULL,'+84123456789','215215029',NULL,NULL,NULL,'Aubrey','Koch',NULL,0,'215215029','Elmer95@gmail.com',0,NULL,NULL,NULL,NULL,NULL,'e10adc3949ba59abbe56e057f20f883e',NULL,1,NULL,NULL,0,NULL,NULL,NULL,NULL,NULL,0,NULL),(37,NULL,1,NULL,1,1,NULL,NULL,'+84123456789','215215030',NULL,NULL,NULL,'Steve','McGlynn',NULL,0,'215215030','Fiona11@hotmail.com',0,NULL,NULL,NULL,NULL,NULL,'e10adc3949ba59abbe56e057f20f883e',NULL,1,NULL,NULL,0,NULL,NULL,NULL,NULL,NULL,0,NULL),(38,NULL,1,NULL,1,1,NULL,NULL,'+84123456789','215215031',NULL,NULL,NULL,'Arno','Schowalter',NULL,0,'215215031','Dimitri_Hermiston74@gmail.com',0,NULL,NULL,NULL,NULL,NULL,'e10adc3949ba59abbe56e057f20f883e',NULL,1,NULL,NULL,0,NULL,NULL,NULL,NULL,NULL,0,NULL),(39,NULL,1,NULL,1,1,NULL,NULL,'+84123456789','215215032',NULL,NULL,NULL,'Miracle','Hansen',NULL,0,'215215032','Dameon81@hotmail.com',0,NULL,NULL,NULL,NULL,NULL,'e10adc3949ba59abbe56e057f20f883e',NULL,1,NULL,NULL,0,NULL,NULL,NULL,NULL,NULL,0,NULL),(40,NULL,1,NULL,1,1,NULL,NULL,'+84123456789','215215033',NULL,NULL,NULL,'Kailee','Pfannerstill',NULL,0,'215215033','Etha_Hauck59@yahoo.com',0,NULL,NULL,NULL,NULL,NULL,'e10adc3949ba59abbe56e057f20f883e',NULL,1,NULL,NULL,0,NULL,NULL,NULL,NULL,NULL,0,NULL),(41,NULL,1,NULL,1,1,NULL,NULL,'+84123456789','215215034',NULL,NULL,NULL,'Elton','Will',NULL,0,'215215034','Judson42@hotmail.com',0,NULL,NULL,NULL,NULL,NULL,'e10adc3949ba59abbe56e057f20f883e',NULL,1,NULL,NULL,0,NULL,NULL,NULL,NULL,NULL,0,NULL),(42,NULL,1,NULL,1,1,NULL,NULL,'+84123456789','215215035',NULL,NULL,NULL,'Sigrid','Ankunding',NULL,0,'215215035','Thora.Cummerata0@yahoo.com',0,NULL,NULL,NULL,NULL,NULL,'e10adc3949ba59abbe56e057f20f883e',NULL,1,NULL,NULL,0,NULL,NULL,NULL,NULL,NULL,0,NULL),(43,NULL,1,NULL,1,1,NULL,NULL,'+84123456789','215215036',NULL,NULL,NULL,'Chaya','Crona',NULL,0,'215215036','Cicero62@yahoo.com',0,NULL,NULL,NULL,NULL,NULL,'e10adc3949ba59abbe56e057f20f883e',NULL,1,NULL,NULL,0,NULL,NULL,NULL,NULL,NULL,0,NULL),(44,NULL,1,NULL,1,1,NULL,NULL,'+84123456789','215215037',NULL,NULL,NULL,'Darian','Feest',NULL,0,'215215037','Wallace92@hotmail.com',0,NULL,NULL,NULL,NULL,NULL,'e10adc3949ba59abbe56e057f20f883e',NULL,1,NULL,NULL,0,NULL,NULL,NULL,NULL,NULL,0,NULL),(45,NULL,1,NULL,1,1,NULL,NULL,'+84123456789','215215038',NULL,NULL,NULL,'Ocie','Cartwright',NULL,0,'215215038','Nicholaus.Crist@yahoo.com',0,NULL,NULL,NULL,NULL,NULL,'e10adc3949ba59abbe56e057f20f883e',NULL,1,NULL,NULL,0,NULL,NULL,NULL,NULL,NULL,0,NULL),(46,NULL,1,NULL,1,1,NULL,NULL,'+84123456789','215215039',NULL,NULL,NULL,'Abdiel','Kuphal',NULL,0,'215215039','Bryana54@hotmail.com',0,NULL,NULL,NULL,NULL,NULL,'e10adc3949ba59abbe56e057f20f883e',NULL,1,NULL,NULL,0,NULL,NULL,NULL,NULL,NULL,0,NULL),(47,NULL,1,NULL,1,1,NULL,NULL,'+84123456789','215215040',NULL,NULL,NULL,'Erica','Shanahan',NULL,0,'215215040','Royce.Brown@hotmail.com',0,NULL,NULL,NULL,NULL,NULL,'e10adc3949ba59abbe56e057f20f883e',NULL,1,NULL,NULL,0,NULL,NULL,NULL,NULL,NULL,0,NULL),(48,NULL,1,NULL,1,1,NULL,NULL,'+84123456789','215215041',NULL,NULL,NULL,'Alexandrea','Goodwin',NULL,0,'215215041','Mireille88@hotmail.com',0,NULL,NULL,NULL,NULL,NULL,'e10adc3949ba59abbe56e057f20f883e',NULL,1,NULL,NULL,0,NULL,NULL,NULL,NULL,NULL,0,NULL),(49,NULL,1,NULL,1,1,NULL,NULL,'+84123456789','215215042',NULL,NULL,NULL,'Forest','Hickle',NULL,0,'215215042','Jovan_Herman@hotmail.com',0,NULL,NULL,NULL,NULL,NULL,'e10adc3949ba59abbe56e057f20f883e',NULL,1,NULL,NULL,0,NULL,NULL,NULL,NULL,NULL,0,NULL),(50,NULL,1,NULL,1,1,NULL,NULL,'+84123456789','215215043',NULL,NULL,NULL,'Elinor','Yost',NULL,0,'215215043','Linwood_Eichmann@yahoo.com',0,NULL,NULL,NULL,NULL,NULL,'e10adc3949ba59abbe56e057f20f883e',NULL,1,NULL,NULL,0,NULL,NULL,NULL,NULL,NULL,0,NULL),(51,NULL,1,NULL,1,1,NULL,NULL,'+84123456789','215215044',NULL,NULL,NULL,'Domenico','Bailey',NULL,0,'215215044','Lew.Keebler@yahoo.com',0,NULL,NULL,NULL,NULL,NULL,'e10adc3949ba59abbe56e057f20f883e',NULL,1,NULL,NULL,0,NULL,NULL,NULL,NULL,NULL,0,NULL),(52,NULL,1,NULL,1,1,NULL,NULL,'+84123456789','215215045',NULL,NULL,NULL,'Bernard','Koch',NULL,0,'215215045','Reid.Ebert@gmail.com',0,NULL,NULL,NULL,NULL,NULL,'e10adc3949ba59abbe56e057f20f883e',NULL,1,NULL,NULL,0,NULL,NULL,NULL,NULL,NULL,0,NULL),(53,NULL,1,NULL,1,1,NULL,NULL,'+84123456789','215215046',NULL,NULL,NULL,'Chelsey','Hodkiewicz',NULL,0,'215215046','Miracle.Reilly39@hotmail.com',0,NULL,NULL,NULL,NULL,NULL,'e10adc3949ba59abbe56e057f20f883e',NULL,1,NULL,NULL,0,NULL,NULL,NULL,NULL,NULL,0,NULL),(54,NULL,1,NULL,1,1,NULL,NULL,'+84123456789','215215047',NULL,NULL,NULL,'Gilbert','Erdman',NULL,0,'215215047','Ima38@gmail.com',0,NULL,NULL,NULL,NULL,NULL,'e10adc3949ba59abbe56e057f20f883e',NULL,1,NULL,NULL,0,NULL,NULL,NULL,NULL,NULL,0,NULL),(55,NULL,1,NULL,1,1,NULL,NULL,'+84123456789','215215048',NULL,NULL,NULL,'Nova','Hegmann',NULL,0,'215215048','Velda_Hirthe85@hotmail.com',0,NULL,NULL,NULL,NULL,NULL,'e10adc3949ba59abbe56e057f20f883e',NULL,1,NULL,NULL,0,NULL,NULL,NULL,NULL,NULL,0,NULL),(56,NULL,1,NULL,1,1,NULL,NULL,'+84123456789','215215049',NULL,NULL,NULL,'Ilene','Ullrich',NULL,0,'215215049','Jasmin53@hotmail.com',0,NULL,NULL,NULL,NULL,NULL,'e10adc3949ba59abbe56e057f20f883e',NULL,1,NULL,NULL,0,NULL,NULL,NULL,NULL,NULL,0,NULL),(57,NULL,1,NULL,1,1,NULL,NULL,'+84123456789','215215050',NULL,NULL,NULL,'Randal','Kris',NULL,0,'215215050','Jordi91@yahoo.com',0,NULL,NULL,NULL,NULL,NULL,'e10adc3949ba59abbe56e057f20f883e',NULL,1,NULL,NULL,0,NULL,NULL,NULL,NULL,NULL,0,NULL),(58,NULL,1,NULL,1,1,NULL,NULL,'+84123456789','215215051',NULL,NULL,NULL,'Graciela','Tremblay',NULL,0,'215215051','Gunnar74@yahoo.com',0,NULL,NULL,NULL,NULL,NULL,'e10adc3949ba59abbe56e057f20f883e',NULL,1,NULL,NULL,0,NULL,NULL,NULL,NULL,NULL,0,NULL),(59,NULL,1,NULL,1,1,NULL,NULL,'+84123456789','215215052',NULL,NULL,NULL,'Antonette','Kunde',NULL,0,'215215052','Abagail_Lubowitz@hotmail.com',0,NULL,NULL,NULL,NULL,NULL,'e10adc3949ba59abbe56e057f20f883e',NULL,1,NULL,NULL,0,NULL,NULL,NULL,NULL,NULL,0,NULL),(60,NULL,1,NULL,1,1,NULL,NULL,'+84123456789','215215053',NULL,NULL,NULL,'Kailey','Dickens',NULL,0,'215215053','Gordon.Spencer@hotmail.com',0,NULL,NULL,NULL,NULL,NULL,'e10adc3949ba59abbe56e057f20f883e',NULL,1,NULL,NULL,0,NULL,NULL,NULL,NULL,NULL,0,NULL),(61,NULL,1,NULL,1,1,NULL,NULL,'+84123456789','215215054',NULL,NULL,NULL,'Maddison','Brakus',NULL,0,'215215054','Cicero.Mann28@yahoo.com',0,NULL,NULL,NULL,NULL,NULL,'e10adc3949ba59abbe56e057f20f883e',NULL,1,NULL,NULL,0,NULL,NULL,NULL,NULL,NULL,0,NULL),(62,NULL,1,NULL,1,1,NULL,NULL,'+84123456789','215215055',NULL,NULL,NULL,'Ollie','Armstrong',NULL,0,'215215055','Gilda_Kilback77@gmail.com',0,NULL,NULL,NULL,NULL,NULL,'e10adc3949ba59abbe56e057f20f883e',NULL,1,NULL,NULL,0,NULL,NULL,NULL,NULL,NULL,0,NULL),(63,NULL,1,NULL,1,1,NULL,NULL,'+84123456789','215215056',NULL,NULL,NULL,'Rex','Daniel',NULL,0,'215215056','Nina.Lindgren@gmail.com',0,NULL,NULL,NULL,NULL,NULL,'e10adc3949ba59abbe56e057f20f883e',NULL,1,NULL,NULL,0,NULL,NULL,NULL,NULL,NULL,0,NULL),(64,NULL,1,NULL,1,1,NULL,NULL,'+84123456789','215215057',NULL,NULL,NULL,'Madeline','Abshire',NULL,0,'215215057','Isidro46@hotmail.com',0,NULL,NULL,NULL,NULL,NULL,'e10adc3949ba59abbe56e057f20f883e',NULL,1,NULL,NULL,0,NULL,NULL,NULL,NULL,NULL,0,NULL),(65,NULL,1,NULL,1,1,NULL,NULL,'+84123456789','215215058',NULL,NULL,NULL,'Cristian','Hand',NULL,0,'215215058','Carmen55@hotmail.com',0,NULL,NULL,NULL,NULL,NULL,'e10adc3949ba59abbe56e057f20f883e',NULL,1,NULL,NULL,0,NULL,NULL,NULL,NULL,NULL,0,NULL),(66,NULL,1,NULL,1,1,NULL,NULL,'+84123456789','215215059',NULL,NULL,NULL,'Orval','Schaden',NULL,0,'215215059','Clarabelle.Nikolaus59@hotmail.com',0,NULL,NULL,NULL,NULL,NULL,'e10adc3949ba59abbe56e057f20f883e',NULL,1,NULL,NULL,0,NULL,NULL,NULL,NULL,NULL,0,NULL),(67,NULL,1,NULL,1,1,NULL,NULL,'+84123456789','215215060',NULL,NULL,NULL,'Murl','Kilback',NULL,0,'215215060','Troy.Russel@gmail.com',0,NULL,NULL,NULL,NULL,NULL,'e10adc3949ba59abbe56e057f20f883e',NULL,1,NULL,NULL,0,NULL,NULL,NULL,NULL,NULL,0,NULL),(68,NULL,1,NULL,1,1,NULL,NULL,'+84123456789','215215061',NULL,NULL,NULL,'Lenny','Hintz',NULL,0,'215215061','Harvey.Gorczany@yahoo.com',0,NULL,NULL,NULL,NULL,NULL,'e10adc3949ba59abbe56e057f20f883e',NULL,1,NULL,NULL,0,NULL,NULL,NULL,NULL,NULL,0,NULL),(69,NULL,1,NULL,1,1,NULL,NULL,'+84123456789','215215062',NULL,NULL,NULL,'Isac','Glover',NULL,0,'215215062','Ralph.Simonis@hotmail.com',0,NULL,NULL,NULL,NULL,NULL,'e10adc3949ba59abbe56e057f20f883e',NULL,1,NULL,NULL,0,NULL,NULL,NULL,NULL,NULL,0,NULL),(70,NULL,1,NULL,1,1,NULL,NULL,'+84123456789','215215063',NULL,NULL,NULL,'Tremayne','Sipes',NULL,0,'215215063','Myrtle_Torp66@yahoo.com',0,NULL,NULL,NULL,NULL,NULL,'e10adc3949ba59abbe56e057f20f883e',NULL,1,NULL,NULL,0,NULL,NULL,NULL,NULL,NULL,0,NULL),(71,NULL,1,NULL,1,1,NULL,NULL,'+84123456789','215215064',NULL,NULL,NULL,'Broderick','Tillman',NULL,0,'215215064','Anibal.Kessler@gmail.com',0,NULL,NULL,NULL,NULL,NULL,'e10adc3949ba59abbe56e057f20f883e',NULL,1,NULL,NULL,0,NULL,NULL,NULL,NULL,NULL,0,NULL),(72,NULL,1,NULL,1,1,NULL,NULL,'+84123456789','215215065',NULL,NULL,NULL,'Deonte','Nolan',NULL,0,'215215065','Amir.Veum64@gmail.com',0,NULL,NULL,NULL,NULL,NULL,'e10adc3949ba59abbe56e057f20f883e',NULL,1,NULL,NULL,0,NULL,NULL,NULL,NULL,NULL,0,NULL),(73,NULL,1,NULL,1,1,NULL,NULL,'+84123456789','215215066',NULL,NULL,NULL,'Juvenal','Grimes',NULL,0,'215215066','Electa_Doyle@hotmail.com',0,NULL,NULL,NULL,NULL,NULL,'e10adc3949ba59abbe56e057f20f883e',NULL,1,NULL,NULL,0,NULL,NULL,NULL,NULL,NULL,0,NULL),(74,NULL,1,NULL,1,1,NULL,NULL,'+84123456789','215215067',NULL,NULL,NULL,'Stewart','Weissnat',NULL,0,'215215067','Maurine.Reichert@gmail.com',0,NULL,NULL,NULL,NULL,NULL,'e10adc3949ba59abbe56e057f20f883e',NULL,1,NULL,NULL,0,NULL,NULL,NULL,NULL,NULL,0,NULL),(75,NULL,1,NULL,1,1,NULL,NULL,'+84123456789','215215068',NULL,NULL,NULL,'Amber','Jenkins',NULL,0,'215215068','Luther96@yahoo.com',0,NULL,NULL,NULL,NULL,NULL,'e10adc3949ba59abbe56e057f20f883e',NULL,1,NULL,NULL,0,NULL,NULL,NULL,NULL,NULL,0,NULL),(76,NULL,1,NULL,1,1,NULL,NULL,'+84123456789','215215069',NULL,NULL,NULL,'Abe','Senger',NULL,0,'215215069','Lina_Torphy66@yahoo.com',0,NULL,NULL,NULL,NULL,NULL,'e10adc3949ba59abbe56e057f20f883e',NULL,1,NULL,NULL,0,NULL,NULL,NULL,NULL,NULL,0,NULL),(77,NULL,1,NULL,1,1,NULL,NULL,'+84123456789','215215070',NULL,NULL,NULL,'Gunner','Lesch',NULL,0,'215215070','Emelie_Will93@gmail.com',0,NULL,NULL,NULL,NULL,NULL,'e10adc3949ba59abbe56e057f20f883e',NULL,1,NULL,NULL,0,NULL,NULL,NULL,NULL,NULL,0,NULL),(78,NULL,1,NULL,1,1,NULL,NULL,'+84123456789','215215071',NULL,NULL,NULL,'Dashawn','Abernathy',NULL,0,'215215071','Zane_Boyle@yahoo.com',0,NULL,NULL,NULL,NULL,NULL,'e10adc3949ba59abbe56e057f20f883e',NULL,1,NULL,NULL,0,NULL,NULL,NULL,NULL,NULL,0,NULL),(79,NULL,1,NULL,1,1,NULL,NULL,'+84123456789','215215072',NULL,NULL,NULL,'Donna','Leannon',NULL,0,'215215072','Laurie_OConnell@hotmail.com',0,NULL,NULL,NULL,NULL,NULL,'e10adc3949ba59abbe56e057f20f883e',NULL,1,NULL,NULL,0,NULL,NULL,NULL,NULL,NULL,0,NULL),(80,NULL,1,NULL,1,1,NULL,NULL,'+84123456789','215215073',NULL,NULL,NULL,'Bert','Huel',NULL,0,'215215073','Desiree34@hotmail.com',0,NULL,NULL,NULL,NULL,NULL,'e10adc3949ba59abbe56e057f20f883e',NULL,1,NULL,NULL,0,NULL,NULL,NULL,NULL,NULL,0,NULL),(81,NULL,1,NULL,1,1,NULL,NULL,'+84123456789','215215074',NULL,NULL,NULL,'Alexa','Mohr',NULL,0,'215215074','Kennith.Welch49@yahoo.com',0,NULL,NULL,NULL,NULL,NULL,'e10adc3949ba59abbe56e057f20f883e',NULL,1,NULL,NULL,0,NULL,NULL,NULL,NULL,NULL,0,NULL),(82,NULL,1,NULL,1,1,NULL,NULL,'+84123456789','215215075',NULL,NULL,NULL,'Renee','Rath',NULL,0,'215215075','Maryjane_Gerhold56@yahoo.com',0,NULL,NULL,NULL,NULL,NULL,'e10adc3949ba59abbe56e057f20f883e',NULL,1,NULL,NULL,0,NULL,NULL,NULL,NULL,NULL,0,NULL),(83,NULL,1,NULL,1,1,NULL,NULL,'+84123456789','215215076',NULL,NULL,NULL,'Ryder','Torphy',NULL,0,'215215076','Marielle_Langworth21@hotmail.com',0,NULL,NULL,NULL,NULL,NULL,'e10adc3949ba59abbe56e057f20f883e',NULL,1,NULL,NULL,0,NULL,NULL,NULL,NULL,NULL,0,NULL),(84,NULL,1,NULL,1,1,NULL,NULL,'+84123456789','215215077',NULL,NULL,NULL,'Kyle','Romaguera',NULL,0,'215215077','Jaiden.Tillman38@yahoo.com',0,NULL,NULL,NULL,NULL,NULL,'e10adc3949ba59abbe56e057f20f883e',NULL,1,NULL,NULL,0,NULL,NULL,NULL,NULL,NULL,0,NULL),(85,NULL,1,NULL,1,1,NULL,NULL,'+84123456789','215215078',NULL,NULL,NULL,'Sherwood','Schimmel',NULL,0,'215215078','Jarod_Goldner@hotmail.com',0,NULL,NULL,NULL,NULL,NULL,'e10adc3949ba59abbe56e057f20f883e',NULL,1,NULL,NULL,0,NULL,NULL,NULL,NULL,NULL,0,NULL),(86,NULL,1,NULL,1,1,NULL,NULL,'+84123456789','215215079',NULL,NULL,NULL,'Margaretta','Lesch',NULL,0,'215215079','Lennie_Kling@yahoo.com',0,NULL,NULL,NULL,NULL,NULL,'e10adc3949ba59abbe56e057f20f883e',NULL,1,NULL,NULL,0,NULL,NULL,NULL,NULL,NULL,0,NULL),(87,NULL,1,NULL,1,1,NULL,NULL,'+84123456789','215215080',NULL,NULL,NULL,'Horace','Franecki',NULL,0,'215215080','Jefferey.Walsh@yahoo.com',0,NULL,NULL,NULL,NULL,NULL,'e10adc3949ba59abbe56e057f20f883e',NULL,1,NULL,NULL,0,NULL,NULL,NULL,NULL,NULL,0,NULL),(88,NULL,1,NULL,1,1,NULL,NULL,'+84123456789','215215081',NULL,NULL,NULL,'Monserrate','Rogahn',NULL,0,'215215081','Veda_Schroeder41@hotmail.com',0,NULL,NULL,NULL,NULL,NULL,'e10adc3949ba59abbe56e057f20f883e',NULL,1,NULL,NULL,0,NULL,NULL,NULL,NULL,NULL,0,NULL),(89,NULL,1,NULL,1,1,NULL,NULL,'+84123456789','215215082',NULL,NULL,NULL,'Rosalyn','Macejkovic',NULL,0,'215215082','Whitney.Parisian@gmail.com',0,NULL,NULL,NULL,NULL,NULL,'e10adc3949ba59abbe56e057f20f883e',NULL,1,NULL,NULL,0,NULL,NULL,NULL,NULL,NULL,0,NULL),(90,NULL,1,NULL,1,1,NULL,NULL,'+84123456789','215215083',NULL,NULL,NULL,'Lamont','Hirthe',NULL,0,'215215083','Trevion.Schuppe4@yahoo.com',0,NULL,NULL,NULL,NULL,NULL,'e10adc3949ba59abbe56e057f20f883e',NULL,1,NULL,NULL,0,NULL,NULL,NULL,NULL,NULL,0,NULL),(91,NULL,1,NULL,1,1,NULL,NULL,'+84123456789','215215084',NULL,NULL,NULL,'Dolly','Runolfsdottir',NULL,0,'215215084','Mina.Cole@gmail.com',0,NULL,NULL,NULL,NULL,NULL,'e10adc3949ba59abbe56e057f20f883e',NULL,1,NULL,NULL,0,NULL,NULL,NULL,NULL,NULL,0,NULL),(92,NULL,1,NULL,1,1,NULL,NULL,'+84123456789','215215085',NULL,NULL,NULL,'Nelson','Collier',NULL,0,'215215085','Kailee.Boehm@gmail.com',0,NULL,NULL,NULL,NULL,NULL,'e10adc3949ba59abbe56e057f20f883e',NULL,1,NULL,NULL,0,NULL,NULL,NULL,NULL,NULL,0,NULL),(93,NULL,1,NULL,1,1,NULL,NULL,'+84123456789','215215086',NULL,NULL,NULL,'Jermaine','Leffler',NULL,0,'215215086','Myron.Hermiston79@gmail.com',0,NULL,NULL,NULL,NULL,NULL,'e10adc3949ba59abbe56e057f20f883e',NULL,1,NULL,NULL,0,NULL,NULL,NULL,NULL,NULL,0,NULL),(94,NULL,1,NULL,1,1,NULL,NULL,'+84123456789','215215087',NULL,NULL,NULL,'Chaya','Lowe',NULL,0,'215215087','Sandrine_Kihn@yahoo.com',0,NULL,NULL,NULL,NULL,NULL,'e10adc3949ba59abbe56e057f20f883e',NULL,1,NULL,NULL,0,NULL,NULL,NULL,NULL,NULL,0,NULL),(95,NULL,1,NULL,1,1,NULL,NULL,'+84123456789','215215088',NULL,NULL,NULL,'Alda','Hayes',NULL,0,'215215088','Jermain45@gmail.com',0,NULL,NULL,NULL,NULL,NULL,'e10adc3949ba59abbe56e057f20f883e',NULL,1,NULL,NULL,0,NULL,NULL,NULL,NULL,NULL,0,NULL),(96,NULL,1,NULL,1,1,NULL,NULL,'+84123456789','215215089',NULL,NULL,NULL,'Sedrick','Swaniawski',NULL,0,'215215089','Grayce.Krajcik55@yahoo.com',0,NULL,NULL,NULL,NULL,NULL,'e10adc3949ba59abbe56e057f20f883e',NULL,1,NULL,NULL,0,NULL,NULL,NULL,NULL,NULL,0,NULL),(97,NULL,1,NULL,1,1,NULL,NULL,'+84123456789','215215090',NULL,NULL,NULL,'Lonie','Gorczany',NULL,0,'215215090','Elian_Wolff12@gmail.com',0,NULL,NULL,NULL,NULL,NULL,'e10adc3949ba59abbe56e057f20f883e',NULL,1,NULL,NULL,0,NULL,NULL,NULL,NULL,NULL,0,NULL),(98,NULL,1,NULL,1,1,NULL,NULL,'+84123456789','215215091',NULL,NULL,NULL,'Devon','Schulist',NULL,0,'215215091','Federico60@yahoo.com',0,NULL,NULL,NULL,NULL,NULL,'e10adc3949ba59abbe56e057f20f883e',NULL,1,NULL,NULL,0,NULL,NULL,NULL,NULL,NULL,0,NULL),(99,NULL,1,NULL,1,1,NULL,NULL,'+84123456789','215215092',NULL,NULL,NULL,'Arnoldo','Volkman',NULL,0,'215215092','Eliezer.Lueilwitz@hotmail.com',0,NULL,NULL,NULL,NULL,NULL,'e10adc3949ba59abbe56e057f20f883e',NULL,1,NULL,NULL,0,NULL,NULL,NULL,NULL,NULL,0,NULL),(100,NULL,1,NULL,1,1,NULL,NULL,'+84123456789','215215093',NULL,NULL,NULL,'Willis','Bergnaum',NULL,0,'215215093','Mafalda50@yahoo.com',0,NULL,NULL,NULL,NULL,NULL,'e10adc3949ba59abbe56e057f20f883e',NULL,1,NULL,NULL,0,NULL,NULL,NULL,NULL,NULL,0,NULL),(101,NULL,1,NULL,1,1,NULL,NULL,'+84123456789','215215094',NULL,NULL,NULL,'Nicolas','Considine',NULL,0,'215215094','Amie32@yahoo.com',0,NULL,NULL,NULL,NULL,NULL,'e10adc3949ba59abbe56e057f20f883e',NULL,1,NULL,NULL,0,NULL,NULL,NULL,NULL,NULL,0,NULL),(102,NULL,1,NULL,1,1,NULL,NULL,'+84123456789','215215095',NULL,NULL,NULL,'Zoila','Gulgowski',NULL,0,'215215095','Annie_Muller15@hotmail.com',0,NULL,NULL,NULL,NULL,NULL,'e10adc3949ba59abbe56e057f20f883e',NULL,1,NULL,NULL,0,NULL,NULL,NULL,NULL,NULL,0,NULL),(103,NULL,1,NULL,1,1,NULL,NULL,'+84123456789','215215096',NULL,NULL,NULL,'Caleb','Metz',NULL,0,'215215096','Murl.Tromp@gmail.com',0,NULL,NULL,NULL,NULL,NULL,'e10adc3949ba59abbe56e057f20f883e',NULL,1,NULL,NULL,0,NULL,NULL,NULL,NULL,NULL,0,NULL),(104,NULL,1,NULL,1,1,NULL,NULL,'+84123456789','215215097',NULL,NULL,NULL,'Garth','Armstrong',NULL,0,'215215097','Cathrine.Jast@yahoo.com',0,NULL,NULL,NULL,NULL,NULL,'e10adc3949ba59abbe56e057f20f883e',NULL,1,NULL,NULL,0,NULL,NULL,NULL,NULL,NULL,0,NULL),(105,NULL,1,NULL,1,1,NULL,NULL,'+84123456789','215215098',NULL,NULL,NULL,'Terrance','Collier',NULL,0,'215215098','Marie39@gmail.com',0,NULL,NULL,NULL,NULL,NULL,'e10adc3949ba59abbe56e057f20f883e',NULL,1,NULL,NULL,0,NULL,NULL,NULL,NULL,NULL,0,NULL),(106,NULL,1,NULL,1,1,NULL,NULL,'+84123456789','215215099',NULL,NULL,NULL,'Albert','Wolf',NULL,0,'215215099','Emile.Gutmann85@gmail.com',0,NULL,NULL,NULL,NULL,NULL,'e10adc3949ba59abbe56e057f20f883e',NULL,1,NULL,NULL,0,NULL,NULL,NULL,NULL,NULL,0,NULL),(107,NULL,1,NULL,1,1,NULL,NULL,'+84123456789','215215100',NULL,NULL,NULL,'Jayde','Reynolds',NULL,0,'215215100','Joey_Heaney@gmail.com',0,NULL,NULL,NULL,NULL,NULL,'e10adc3949ba59abbe56e057f20f883e',NULL,1,NULL,NULL,0,NULL,NULL,NULL,NULL,NULL,0,NULL),(108,NULL,NULL,NULL,NULL,NULL,NULL,NULL,'+84123456789','215215101',NULL,NULL,NULL,'Alize','Wiegand',NULL,0,'215215101','Xavier.Balistreri47@hotmail.com',0,NULL,NULL,NULL,NULL,NULL,'e10adc3949ba59abbe56e057f20f883e',NULL,1,NULL,NULL,0,NULL,NULL,NULL,NULL,NULL,0,NULL),(109,NULL,NULL,NULL,NULL,NULL,NULL,NULL,'+84123456789','215215102',NULL,NULL,NULL,'Ellen','Casper',NULL,0,'215215102','Vella66@gmail.com',0,NULL,NULL,NULL,NULL,NULL,'e10adc3949ba59abbe56e057f20f883e',NULL,1,NULL,NULL,0,NULL,NULL,NULL,NULL,NULL,0,NULL),(110,NULL,NULL,NULL,NULL,NULL,NULL,NULL,'+84123456789','215215103',NULL,NULL,NULL,'Alberta','Bradtke',NULL,0,'215215103','Alvis81@gmail.com',0,NULL,NULL,NULL,NULL,NULL,'e10adc3949ba59abbe56e057f20f883e',NULL,1,NULL,NULL,0,NULL,NULL,NULL,NULL,NULL,0,NULL),(111,NULL,NULL,NULL,NULL,NULL,NULL,NULL,'+84123456789','215215104',NULL,NULL,NULL,'Bailee','Stehr',NULL,0,'215215104','Brandy.Kuhlman@gmail.com',0,NULL,NULL,NULL,NULL,NULL,'e10adc3949ba59abbe56e057f20f883e',NULL,1,NULL,NULL,0,NULL,NULL,NULL,NULL,NULL,0,NULL),(112,NULL,NULL,NULL,NULL,NULL,NULL,NULL,'+84123456789','215215105',NULL,NULL,NULL,'Pietro','Howe',NULL,0,'215215105','Coralie.Gerhold@hotmail.com',0,NULL,NULL,NULL,NULL,NULL,'e10adc3949ba59abbe56e057f20f883e',NULL,1,NULL,NULL,0,NULL,NULL,NULL,NULL,NULL,0,NULL),(113,NULL,NULL,NULL,NULL,NULL,NULL,NULL,'+84123456789','215215106',NULL,NULL,NULL,'Richard','Tremblay',NULL,0,'215215106','Terrence37@hotmail.com',0,NULL,NULL,NULL,NULL,NULL,'e10adc3949ba59abbe56e057f20f883e',NULL,1,NULL,NULL,0,NULL,NULL,NULL,NULL,NULL,0,NULL),(114,NULL,NULL,NULL,NULL,NULL,NULL,NULL,'+84123456789','215215107',NULL,NULL,NULL,'Frances','Mayert',NULL,0,'215215107','Mathias.Kling@gmail.com',0,NULL,NULL,NULL,NULL,NULL,'e10adc3949ba59abbe56e057f20f883e',NULL,1,NULL,NULL,0,NULL,NULL,NULL,NULL,NULL,0,NULL),(115,NULL,NULL,NULL,NULL,NULL,NULL,NULL,'+84123456789','215215108',NULL,NULL,NULL,'Esta','Runte',NULL,0,'215215108','Jalon.Homenick95@hotmail.com',0,NULL,NULL,NULL,NULL,NULL,'e10adc3949ba59abbe56e057f20f883e',NULL,1,NULL,NULL,0,NULL,NULL,NULL,NULL,NULL,0,NULL),(116,NULL,NULL,NULL,NULL,NULL,NULL,NULL,'+84123456789','215215109',NULL,NULL,NULL,'Titus','Fisher',NULL,0,'215215109','Layla26@yahoo.com',0,NULL,NULL,NULL,NULL,NULL,'e10adc3949ba59abbe56e057f20f883e',NULL,1,NULL,NULL,0,NULL,NULL,NULL,NULL,NULL,0,NULL),(117,NULL,NULL,NULL,NULL,NULL,NULL,NULL,'+84123456789','215215110',NULL,NULL,NULL,'Cortney','Dicki',NULL,0,'215215110','Kody13@gmail.com',0,NULL,NULL,NULL,NULL,NULL,'e10adc3949ba59abbe56e057f20f883e',NULL,1,NULL,NULL,0,NULL,NULL,NULL,NULL,NULL,0,NULL),(118,NULL,NULL,NULL,NULL,NULL,NULL,NULL,'+84123456789','215215111',NULL,NULL,NULL,'Leonora','Miller',NULL,0,'215215111','Albertha_Romaguera74@gmail.com',0,NULL,NULL,NULL,NULL,NULL,'e10adc3949ba59abbe56e057f20f883e',NULL,1,NULL,NULL,0,NULL,NULL,NULL,NULL,NULL,0,NULL),(119,NULL,NULL,NULL,NULL,NULL,NULL,NULL,'+84123456789','215215112',NULL,NULL,NULL,'Ted','Torp',NULL,0,'215215112','Augustine4@gmail.com',0,NULL,NULL,NULL,NULL,NULL,'e10adc3949ba59abbe56e057f20f883e',NULL,1,NULL,NULL,0,NULL,NULL,NULL,NULL,NULL,0,NULL),(120,NULL,NULL,NULL,NULL,NULL,NULL,NULL,'+84123456789','215215113',NULL,NULL,NULL,'Liza','O\'Kon',NULL,0,'215215113','Mabel.Daugherty@hotmail.com',0,NULL,NULL,NULL,NULL,NULL,'e10adc3949ba59abbe56e057f20f883e',NULL,1,NULL,NULL,0,NULL,NULL,NULL,NULL,NULL,0,NULL),(121,NULL,NULL,NULL,NULL,NULL,NULL,NULL,'+84123456789','215215114',NULL,NULL,NULL,'Dallin','Labadie',NULL,0,'215215114','Lillie26@yahoo.com',0,NULL,NULL,NULL,NULL,NULL,'e10adc3949ba59abbe56e057f20f883e',NULL,1,NULL,NULL,0,NULL,NULL,NULL,NULL,NULL,0,NULL),(122,NULL,NULL,NULL,NULL,NULL,NULL,NULL,'+84123456789','215215115',NULL,NULL,NULL,'Malvina','Larson',NULL,0,'215215115','Clifton.Marks@hotmail.com',0,NULL,NULL,NULL,NULL,NULL,'e10adc3949ba59abbe56e057f20f883e',NULL,1,NULL,NULL,0,NULL,NULL,NULL,NULL,NULL,0,NULL),(123,NULL,NULL,NULL,NULL,NULL,NULL,NULL,'+84123456789','215215116',NULL,NULL,NULL,'Colleen','Olson',NULL,0,'215215116','Destinee.Bins@yahoo.com',0,NULL,NULL,NULL,NULL,NULL,'e10adc3949ba59abbe56e057f20f883e',NULL,1,NULL,NULL,0,NULL,NULL,NULL,NULL,NULL,0,NULL),(124,NULL,NULL,NULL,NULL,NULL,NULL,NULL,'+84123456789','215215117',NULL,NULL,NULL,'Mayra','DuBuque',NULL,0,'215215117','Daniella.Cormier@hotmail.com',0,NULL,NULL,NULL,NULL,NULL,'e10adc3949ba59abbe56e057f20f883e',NULL,1,NULL,NULL,0,NULL,NULL,NULL,NULL,NULL,0,NULL),(125,NULL,NULL,NULL,NULL,NULL,NULL,NULL,'+84123456789','215215118',NULL,NULL,NULL,'Bernice','Russel',NULL,0,'215215118','Zola_Wolff@yahoo.com',0,NULL,NULL,NULL,NULL,NULL,'e10adc3949ba59abbe56e057f20f883e',NULL,1,NULL,NULL,0,NULL,NULL,NULL,NULL,NULL,0,NULL),(126,NULL,NULL,NULL,NULL,NULL,NULL,NULL,'+84123456789','215215119',NULL,NULL,NULL,'Karlie','Parisian',NULL,0,'215215119','Riley41@yahoo.com',0,NULL,NULL,NULL,NULL,NULL,'e10adc3949ba59abbe56e057f20f883e',NULL,1,NULL,NULL,0,NULL,NULL,NULL,NULL,NULL,0,NULL),(127,NULL,NULL,NULL,NULL,NULL,NULL,NULL,'+84123456789','215215120',NULL,NULL,NULL,'Eldred','Buckridge',NULL,0,'215215120','Sophia.Hilpert19@hotmail.com',0,NULL,NULL,NULL,NULL,NULL,'e10adc3949ba59abbe56e057f20f883e',NULL,1,NULL,NULL,0,NULL,NULL,NULL,NULL,NULL,0,NULL),(128,NULL,NULL,NULL,NULL,NULL,NULL,NULL,'+84123456789','215215121',NULL,NULL,NULL,'Zackary','Marvin',NULL,0,'215215121','Tess83@hotmail.com',0,NULL,NULL,NULL,NULL,NULL,'e10adc3949ba59abbe56e057f20f883e',NULL,1,NULL,NULL,0,NULL,NULL,NULL,NULL,NULL,0,NULL),(129,NULL,NULL,NULL,NULL,NULL,NULL,NULL,'+84123456789','215215122',NULL,NULL,NULL,'Misty','Feest',NULL,0,'215215122','Tom95@yahoo.com',0,NULL,NULL,NULL,NULL,NULL,'e10adc3949ba59abbe56e057f20f883e',NULL,1,NULL,NULL,0,NULL,NULL,NULL,NULL,NULL,0,NULL),(130,NULL,NULL,NULL,NULL,NULL,NULL,NULL,'+84123456789','215215123',NULL,NULL,NULL,'Monserrat','Osinski',NULL,0,'215215123','Reyna.Strosin@yahoo.com',0,NULL,NULL,NULL,NULL,NULL,'e10adc3949ba59abbe56e057f20f883e',NULL,1,NULL,NULL,0,NULL,NULL,NULL,NULL,NULL,0,NULL),(131,NULL,NULL,NULL,NULL,NULL,NULL,NULL,'+84123456789','215215124',NULL,NULL,NULL,'Susie','Schmeler',NULL,0,'215215124','Caleb_Bosco@yahoo.com',0,NULL,NULL,NULL,NULL,NULL,'e10adc3949ba59abbe56e057f20f883e',NULL,1,NULL,NULL,0,NULL,NULL,NULL,NULL,NULL,0,NULL),(132,NULL,NULL,NULL,NULL,NULL,NULL,NULL,'+84123456789','215215125',NULL,NULL,NULL,'Eden','Kreiger',NULL,0,'215215125','Garland_Friesen@gmail.com',0,NULL,NULL,NULL,NULL,NULL,'e10adc3949ba59abbe56e057f20f883e',NULL,1,NULL,NULL,0,NULL,NULL,NULL,NULL,NULL,0,NULL),(133,NULL,NULL,NULL,NULL,NULL,NULL,NULL,'+84123456789','215215126',NULL,NULL,NULL,'Elinore','Lowe',NULL,0,'215215126','Santa.Aufderhar23@hotmail.com',0,NULL,NULL,NULL,NULL,NULL,'e10adc3949ba59abbe56e057f20f883e',NULL,1,NULL,NULL,0,NULL,NULL,NULL,NULL,NULL,0,NULL),(134,NULL,NULL,NULL,NULL,NULL,NULL,NULL,'+84123456789','215215127',NULL,NULL,NULL,'Austyn','Borer',NULL,0,'215215127','Devante.Towne@yahoo.com',0,NULL,NULL,NULL,NULL,NULL,'e10adc3949ba59abbe56e057f20f883e',NULL,1,NULL,NULL,0,NULL,NULL,NULL,NULL,NULL,0,NULL),(135,NULL,NULL,NULL,NULL,NULL,NULL,NULL,'+84123456789','215215128',NULL,NULL,NULL,'Myra','Aufderhar',NULL,0,'215215128','Darrell.Schroeder@hotmail.com',0,NULL,NULL,NULL,NULL,NULL,'e10adc3949ba59abbe56e057f20f883e',NULL,1,NULL,NULL,0,NULL,NULL,NULL,NULL,NULL,0,NULL),(136,NULL,NULL,NULL,NULL,NULL,NULL,NULL,'+84123456789','215215129',NULL,NULL,NULL,'Christa','Crooks',NULL,0,'215215129','Rosemarie26@yahoo.com',0,NULL,NULL,NULL,NULL,NULL,'e10adc3949ba59abbe56e057f20f883e',NULL,1,NULL,NULL,0,NULL,NULL,NULL,NULL,NULL,0,NULL),(137,NULL,NULL,NULL,NULL,NULL,NULL,NULL,'+84123456789','215215130',NULL,NULL,NULL,'Zelda','Strosin',NULL,0,'215215130','Alexander.Jakubowski@hotmail.com',0,NULL,NULL,NULL,NULL,NULL,'e10adc3949ba59abbe56e057f20f883e',NULL,1,NULL,NULL,0,NULL,NULL,NULL,NULL,NULL,0,NULL),(138,NULL,NULL,NULL,NULL,NULL,NULL,NULL,'+84123456789','215215131',NULL,NULL,NULL,'Darby','Christiansen',NULL,0,'215215131','Celestino.Jones23@gmail.com',0,NULL,NULL,NULL,NULL,NULL,'e10adc3949ba59abbe56e057f20f883e',NULL,1,NULL,NULL,0,NULL,NULL,NULL,NULL,NULL,0,NULL),(139,NULL,NULL,NULL,NULL,NULL,NULL,NULL,'+84123456789','215215132',NULL,NULL,NULL,'Adonis','Steuber',NULL,0,'215215132','Bulah81@hotmail.com',0,NULL,NULL,NULL,NULL,NULL,'e10adc3949ba59abbe56e057f20f883e',NULL,1,NULL,NULL,0,NULL,NULL,NULL,NULL,NULL,0,NULL),(140,NULL,NULL,NULL,NULL,NULL,NULL,NULL,'+84123456789','215215133',NULL,NULL,NULL,'Carolanne','King',NULL,0,'215215133','Alisha_Lemke@gmail.com',0,NULL,NULL,NULL,NULL,NULL,'e10adc3949ba59abbe56e057f20f883e',NULL,1,NULL,NULL,0,NULL,NULL,NULL,NULL,NULL,0,NULL),(141,NULL,NULL,NULL,NULL,NULL,NULL,NULL,'+84123456789','215215134',NULL,NULL,NULL,'Jordi','Spinka',NULL,0,'215215134','Keanu_Runolfsdottir30@hotmail.com',0,NULL,NULL,NULL,NULL,NULL,'e10adc3949ba59abbe56e057f20f883e',NULL,1,NULL,NULL,0,NULL,NULL,NULL,NULL,NULL,0,NULL),(142,NULL,NULL,NULL,NULL,NULL,NULL,NULL,'+84123456789','215215135',NULL,NULL,NULL,'Elenor','Kulas',NULL,0,'215215135','Lila.Leuschke@yahoo.com',0,NULL,NULL,NULL,NULL,NULL,'e10adc3949ba59abbe56e057f20f883e',NULL,1,NULL,NULL,0,NULL,NULL,NULL,NULL,NULL,0,NULL),(143,NULL,NULL,NULL,NULL,NULL,NULL,NULL,'+84123456789','215215136',NULL,NULL,NULL,'Cara','Zemlak',NULL,0,'215215136','Waino_Marks32@hotmail.com',0,NULL,NULL,NULL,NULL,NULL,'e10adc3949ba59abbe56e057f20f883e',NULL,1,NULL,NULL,0,NULL,NULL,NULL,NULL,NULL,0,NULL),(144,NULL,NULL,NULL,NULL,NULL,NULL,NULL,'+84123456789','215215137',NULL,NULL,NULL,'Molly','Mills',NULL,0,'215215137','Kathlyn47@gmail.com',0,NULL,NULL,NULL,NULL,NULL,'e10adc3949ba59abbe56e057f20f883e',NULL,1,NULL,NULL,0,NULL,NULL,NULL,NULL,NULL,0,NULL),(145,NULL,NULL,NULL,NULL,NULL,NULL,NULL,'+84123456789','215215138',NULL,NULL,NULL,'Fleta','Farrell',NULL,0,'215215138','Justus.West22@gmail.com',0,NULL,NULL,NULL,NULL,NULL,'e10adc3949ba59abbe56e057f20f883e',NULL,1,NULL,NULL,0,NULL,NULL,NULL,NULL,NULL,0,NULL),(146,NULL,NULL,NULL,NULL,NULL,NULL,NULL,'+84123456789','215215139',NULL,NULL,NULL,'Salvador','O\'Reilly',NULL,0,'215215139','Alden_Dach@hotmail.com',0,NULL,NULL,NULL,NULL,NULL,'e10adc3949ba59abbe56e057f20f883e',NULL,1,NULL,NULL,0,NULL,NULL,NULL,NULL,NULL,0,NULL),(147,NULL,NULL,NULL,NULL,NULL,NULL,NULL,'+84123456789','215215140',NULL,NULL,NULL,'Shawn','Douglas',NULL,0,'215215140','Damian.Walter@gmail.com',0,NULL,NULL,NULL,NULL,NULL,'e10adc3949ba59abbe56e057f20f883e',NULL,1,NULL,NULL,0,NULL,NULL,NULL,NULL,NULL,0,NULL),(148,NULL,NULL,NULL,NULL,NULL,NULL,NULL,'+84123456789','215215141',NULL,NULL,NULL,'Willard','Thompson',NULL,0,'215215141','Alize.Weimann33@hotmail.com',0,NULL,NULL,NULL,NULL,NULL,'e10adc3949ba59abbe56e057f20f883e',NULL,1,NULL,NULL,0,NULL,NULL,NULL,NULL,NULL,0,NULL),(149,NULL,NULL,NULL,NULL,NULL,NULL,NULL,'+84123456789','215215142',NULL,NULL,NULL,'Cristal','Wisozk',NULL,0,'215215142','Hertha86@gmail.com',0,NULL,NULL,NULL,NULL,NULL,'e10adc3949ba59abbe56e057f20f883e',NULL,1,NULL,NULL,0,NULL,NULL,NULL,NULL,NULL,0,NULL),(150,NULL,NULL,NULL,NULL,NULL,NULL,NULL,'+84123456789','215215143',NULL,NULL,NULL,'Vicenta','Bruen',NULL,0,'215215143','Antoinette18@hotmail.com',0,NULL,NULL,NULL,NULL,NULL,'e10adc3949ba59abbe56e057f20f883e',NULL,1,NULL,NULL,0,NULL,NULL,NULL,NULL,NULL,0,NULL),(151,NULL,NULL,NULL,NULL,NULL,NULL,NULL,'+84123456789','215215144',NULL,NULL,NULL,'Lorine','Hahn',NULL,0,'215215144','Tyler45@hotmail.com',0,NULL,NULL,NULL,NULL,NULL,'e10adc3949ba59abbe56e057f20f883e',NULL,1,NULL,NULL,0,NULL,NULL,NULL,NULL,NULL,0,NULL),(152,NULL,NULL,NULL,NULL,NULL,NULL,NULL,'+84123456789','215215145',NULL,NULL,NULL,'Daija','Stracke',NULL,0,'215215145','Lionel.Langworth47@gmail.com',0,NULL,NULL,NULL,NULL,NULL,'e10adc3949ba59abbe56e057f20f883e',NULL,1,NULL,NULL,0,NULL,NULL,NULL,NULL,NULL,0,NULL),(153,NULL,NULL,NULL,NULL,NULL,NULL,NULL,'+84123456789','215215146',NULL,NULL,NULL,'Maye','Pouros',NULL,0,'215215146','Hailie29@gmail.com',0,NULL,NULL,NULL,NULL,NULL,'e10adc3949ba59abbe56e057f20f883e',NULL,1,NULL,NULL,0,NULL,NULL,NULL,NULL,NULL,0,NULL),(154,NULL,NULL,NULL,NULL,NULL,NULL,NULL,'+84123456789','215215147',NULL,NULL,NULL,'Krystina','Runolfsdottir',NULL,0,'215215147','Benjamin_Schimmel70@gmail.com',0,NULL,NULL,NULL,NULL,NULL,'e10adc3949ba59abbe56e057f20f883e',NULL,1,NULL,NULL,0,NULL,NULL,NULL,NULL,NULL,0,NULL),(155,NULL,NULL,NULL,NULL,NULL,NULL,NULL,'+84123456789','215215148',NULL,NULL,NULL,'Grant','Schowalter',NULL,0,'215215148','Rachael_Rohan60@yahoo.com',0,NULL,NULL,NULL,NULL,NULL,'e10adc3949ba59abbe56e057f20f883e',NULL,1,NULL,NULL,0,NULL,NULL,NULL,NULL,NULL,0,NULL),(156,NULL,NULL,NULL,NULL,NULL,NULL,NULL,'+84123456789','215215149',NULL,NULL,NULL,'Dixie','Kutch',NULL,0,'215215149','Monique85@yahoo.com',0,NULL,NULL,NULL,NULL,NULL,'e10adc3949ba59abbe56e057f20f883e',NULL,1,NULL,NULL,0,NULL,NULL,NULL,NULL,NULL,0,NULL),(157,NULL,NULL,NULL,NULL,NULL,NULL,NULL,'+84123456789','215215150',NULL,NULL,NULL,'Shana','Goodwin',NULL,0,'215215150','Roy_Crist39@gmail.com',0,NULL,NULL,NULL,NULL,NULL,'e10adc3949ba59abbe56e057f20f883e',NULL,1,NULL,NULL,0,NULL,NULL,NULL,NULL,NULL,0,NULL),(158,NULL,NULL,NULL,NULL,NULL,NULL,NULL,'+84123456789','215215151',NULL,NULL,NULL,'Carroll','Reichel',NULL,0,'215215151','Stefan95@yahoo.com',0,NULL,NULL,NULL,NULL,NULL,'e10adc3949ba59abbe56e057f20f883e',NULL,1,NULL,NULL,0,NULL,NULL,NULL,NULL,NULL,0,NULL),(159,NULL,NULL,NULL,NULL,NULL,NULL,NULL,'+84123456789','215215152',NULL,NULL,NULL,'Nannie','Grant',NULL,0,'215215152','Darius.Klocko@yahoo.com',0,NULL,NULL,NULL,NULL,NULL,'e10adc3949ba59abbe56e057f20f883e',NULL,1,NULL,NULL,0,NULL,NULL,NULL,NULL,NULL,0,NULL),(160,NULL,NULL,NULL,NULL,NULL,NULL,NULL,'+84123456789','215215153',NULL,NULL,NULL,'Dewayne','Carter',NULL,0,'215215153','Eulalia87@hotmail.com',0,NULL,NULL,NULL,NULL,NULL,'e10adc3949ba59abbe56e057f20f883e',NULL,1,NULL,NULL,0,NULL,NULL,NULL,NULL,NULL,0,NULL),(161,NULL,NULL,NULL,NULL,NULL,NULL,NULL,'+84123456789','215215154',NULL,NULL,NULL,'Ludwig','Schumm',NULL,0,'215215154','Verla.Crist49@hotmail.com',0,NULL,NULL,NULL,NULL,NULL,'e10adc3949ba59abbe56e057f20f883e',NULL,1,NULL,NULL,0,NULL,NULL,NULL,NULL,NULL,0,NULL),(162,NULL,NULL,NULL,NULL,NULL,NULL,NULL,'+84123456789','215215155',NULL,NULL,NULL,'Elliott','Schinner',NULL,0,'215215155','Rhianna.Wisozk32@hotmail.com',0,NULL,NULL,NULL,NULL,NULL,'e10adc3949ba59abbe56e057f20f883e',NULL,1,NULL,NULL,0,NULL,NULL,NULL,NULL,NULL,0,NULL),(163,NULL,NULL,NULL,NULL,NULL,NULL,NULL,'+84123456789','215215156',NULL,NULL,NULL,'Reynold','Walter',NULL,0,'215215156','Norberto_Kovacek10@yahoo.com',0,NULL,NULL,NULL,NULL,NULL,'e10adc3949ba59abbe56e057f20f883e',NULL,1,NULL,NULL,0,NULL,NULL,NULL,NULL,NULL,0,NULL),(164,NULL,NULL,NULL,NULL,NULL,NULL,NULL,'+84123456789','215215157',NULL,NULL,NULL,'Zella','Ankunding',NULL,0,'215215157','Joan26@hotmail.com',0,NULL,NULL,NULL,NULL,NULL,'e10adc3949ba59abbe56e057f20f883e',NULL,1,NULL,NULL,0,NULL,NULL,NULL,NULL,NULL,0,NULL),(165,NULL,NULL,NULL,NULL,NULL,NULL,NULL,'+84123456789','215215158',NULL,NULL,NULL,'Hilario','Pagac',NULL,0,'215215158','Matteo_Metz@hotmail.com',0,NULL,NULL,NULL,NULL,NULL,'e10adc3949ba59abbe56e057f20f883e',NULL,1,NULL,NULL,0,NULL,NULL,NULL,NULL,NULL,0,NULL),(166,NULL,NULL,NULL,NULL,NULL,NULL,NULL,'+84123456789','215215159',NULL,NULL,NULL,'Tad','Maggio',NULL,0,'215215159','Camille_Bechtelar@gmail.com',0,NULL,NULL,NULL,NULL,NULL,'e10adc3949ba59abbe56e057f20f883e',NULL,1,NULL,NULL,0,NULL,NULL,NULL,NULL,NULL,0,NULL),(167,NULL,NULL,NULL,NULL,NULL,NULL,NULL,'+84123456789','215215160',NULL,NULL,NULL,'Maegan','Beier',NULL,0,'215215160','Jaime.Jones@yahoo.com',0,NULL,NULL,NULL,NULL,NULL,'e10adc3949ba59abbe56e057f20f883e',NULL,1,NULL,NULL,0,NULL,NULL,NULL,NULL,NULL,0,NULL),(168,NULL,NULL,NULL,NULL,NULL,NULL,NULL,'+84123456789','215215161',NULL,NULL,NULL,'Julie','Klein',NULL,0,'215215161','Monserrat_Krajcik34@gmail.com',0,NULL,NULL,NULL,NULL,NULL,'e10adc3949ba59abbe56e057f20f883e',NULL,1,NULL,NULL,0,NULL,NULL,NULL,NULL,NULL,0,NULL),(169,NULL,NULL,NULL,NULL,NULL,NULL,NULL,'+84123456789','215215162',NULL,NULL,NULL,'Mckenzie','Kuvalis',NULL,0,'215215162','Brandyn.Jones73@yahoo.com',0,NULL,NULL,NULL,NULL,NULL,'e10adc3949ba59abbe56e057f20f883e',NULL,1,NULL,NULL,0,NULL,NULL,NULL,NULL,NULL,0,NULL),(170,NULL,NULL,NULL,NULL,NULL,NULL,NULL,'+84123456789','215215163',NULL,NULL,NULL,'Bill','Borer',NULL,0,'215215163','Rubye.Gleason60@hotmail.com',0,NULL,NULL,NULL,NULL,NULL,'e10adc3949ba59abbe56e057f20f883e',NULL,1,NULL,NULL,0,NULL,NULL,NULL,NULL,NULL,0,NULL),(171,NULL,NULL,NULL,NULL,NULL,NULL,NULL,'+84123456789','215215164',NULL,NULL,NULL,'Vincenza','Trantow',NULL,0,'215215164','Gus.Zemlak55@gmail.com',0,NULL,NULL,NULL,NULL,NULL,'e10adc3949ba59abbe56e057f20f883e',NULL,1,NULL,NULL,0,NULL,NULL,NULL,NULL,NULL,0,NULL),(172,NULL,NULL,NULL,NULL,NULL,NULL,NULL,'+84123456789','215215165',NULL,NULL,NULL,'Kylie','Lowe',NULL,0,'215215165','Jamey_Lehner@yahoo.com',0,NULL,NULL,NULL,NULL,NULL,'e10adc3949ba59abbe56e057f20f883e',NULL,1,NULL,NULL,0,NULL,NULL,NULL,NULL,NULL,0,NULL),(173,NULL,NULL,NULL,NULL,NULL,NULL,NULL,'+84123456789','215215166',NULL,NULL,NULL,'Gunnar','Reichert',NULL,0,'215215166','Geovanni_Waters@gmail.com',0,NULL,NULL,NULL,NULL,NULL,'e10adc3949ba59abbe56e057f20f883e',NULL,1,NULL,NULL,0,NULL,NULL,NULL,NULL,NULL,0,NULL),(174,NULL,NULL,NULL,NULL,NULL,NULL,NULL,'+84123456789','215215167',NULL,NULL,NULL,'Carleton','Bogan',NULL,0,'215215167','Eriberto.Ankunding97@yahoo.com',0,NULL,NULL,NULL,NULL,NULL,'e10adc3949ba59abbe56e057f20f883e',NULL,1,NULL,NULL,0,NULL,NULL,NULL,NULL,NULL,0,NULL),(175,NULL,NULL,NULL,NULL,NULL,NULL,NULL,'+84123456789','215215168',NULL,NULL,NULL,'Janice','Collier',NULL,0,'215215168','Rolando_King62@yahoo.com',0,NULL,NULL,NULL,NULL,NULL,'e10adc3949ba59abbe56e057f20f883e',NULL,1,NULL,NULL,0,NULL,NULL,NULL,NULL,NULL,0,NULL),(176,NULL,NULL,NULL,NULL,NULL,NULL,NULL,'+84123456789','215215169',NULL,NULL,NULL,'Sherwood','Lind',NULL,0,'215215169','Norris_Stehr@yahoo.com',0,NULL,NULL,NULL,NULL,NULL,'e10adc3949ba59abbe56e057f20f883e',NULL,1,NULL,NULL,0,NULL,NULL,NULL,NULL,NULL,0,NULL),(177,NULL,NULL,NULL,NULL,NULL,NULL,NULL,'+84123456789','215215170',NULL,NULL,NULL,'Samara','Borer',NULL,0,'215215170','Julian_Daugherty@yahoo.com',0,NULL,NULL,NULL,NULL,NULL,'e10adc3949ba59abbe56e057f20f883e',NULL,1,NULL,NULL,0,NULL,NULL,NULL,NULL,NULL,0,NULL),(178,NULL,NULL,NULL,NULL,NULL,NULL,NULL,'+84123456789','215215171',NULL,NULL,NULL,'Antoinette','Bosco',NULL,0,'215215171','Millie42@yahoo.com',0,NULL,NULL,NULL,NULL,NULL,'e10adc3949ba59abbe56e057f20f883e',NULL,1,NULL,NULL,0,NULL,NULL,NULL,NULL,NULL,0,NULL),(179,NULL,NULL,NULL,NULL,NULL,NULL,NULL,'+84123456789','215215172',NULL,NULL,NULL,'Bella','Kohler',NULL,0,'215215172','Janet.Lebsack97@hotmail.com',0,NULL,NULL,NULL,NULL,NULL,'e10adc3949ba59abbe56e057f20f883e',NULL,1,NULL,NULL,0,NULL,NULL,NULL,NULL,NULL,0,NULL),(180,NULL,NULL,NULL,NULL,NULL,NULL,NULL,'+84123456789','215215173',NULL,NULL,NULL,'Adriel','Keeling',NULL,0,'215215173','Mckenna.Wintheiser16@gmail.com',0,NULL,NULL,NULL,NULL,NULL,'e10adc3949ba59abbe56e057f20f883e',NULL,1,NULL,NULL,0,NULL,NULL,NULL,NULL,NULL,0,NULL),(181,NULL,NULL,NULL,NULL,NULL,NULL,NULL,'+84123456789','215215174',NULL,NULL,NULL,'Kiera','Lesch',NULL,0,'215215174','Eldon12@gmail.com',0,NULL,NULL,NULL,NULL,NULL,'e10adc3949ba59abbe56e057f20f883e',NULL,1,NULL,NULL,0,NULL,NULL,NULL,NULL,NULL,0,NULL),(182,NULL,NULL,NULL,NULL,NULL,NULL,NULL,'+84123456789','215215175',NULL,NULL,NULL,'Jeramie','Casper',NULL,0,'215215175','Pete.Bashirian45@yahoo.com',0,NULL,NULL,NULL,NULL,NULL,'e10adc3949ba59abbe56e057f20f883e',NULL,1,NULL,NULL,0,NULL,NULL,NULL,NULL,NULL,0,NULL),(183,NULL,NULL,NULL,NULL,NULL,NULL,NULL,'+84123456789','215215176',NULL,NULL,NULL,'Brycen','Rohan',NULL,0,'215215176','Ursula_Rippin4@yahoo.com',0,NULL,NULL,NULL,NULL,NULL,'e10adc3949ba59abbe56e057f20f883e',NULL,1,NULL,NULL,0,NULL,NULL,NULL,NULL,NULL,0,NULL),(184,NULL,NULL,NULL,NULL,NULL,NULL,NULL,'+84123456789','215215177',NULL,NULL,NULL,'Myra','Douglas',NULL,0,'215215177','Korbin.Nitzsche14@gmail.com',0,NULL,NULL,NULL,NULL,NULL,'e10adc3949ba59abbe56e057f20f883e',NULL,1,NULL,NULL,0,NULL,NULL,NULL,NULL,NULL,0,NULL),(185,NULL,NULL,NULL,NULL,NULL,NULL,NULL,'+84123456789','215215178',NULL,NULL,NULL,'Catharine','Greenfelder',NULL,0,'215215178','Hadley.Brown@yahoo.com',0,NULL,NULL,NULL,NULL,NULL,'e10adc3949ba59abbe56e057f20f883e',NULL,1,NULL,NULL,0,NULL,NULL,NULL,NULL,NULL,0,NULL),(186,NULL,NULL,NULL,NULL,NULL,NULL,NULL,'+84123456789','215215179',NULL,NULL,NULL,'Isai','Aufderhar',NULL,0,'215215179','Chadrick_Block87@hotmail.com',0,NULL,NULL,NULL,NULL,NULL,'e10adc3949ba59abbe56e057f20f883e',NULL,1,NULL,NULL,0,NULL,NULL,NULL,NULL,NULL,0,NULL),(187,NULL,NULL,NULL,NULL,NULL,NULL,NULL,'+84123456789','215215180',NULL,NULL,NULL,'Camilla','Armstrong',NULL,0,'215215180','Freddie41@hotmail.com',0,NULL,NULL,NULL,NULL,NULL,'e10adc3949ba59abbe56e057f20f883e',NULL,1,NULL,NULL,0,NULL,NULL,NULL,NULL,NULL,0,NULL),(188,NULL,NULL,NULL,NULL,NULL,NULL,NULL,'+84123456789','215215181',NULL,NULL,NULL,'Jerry','Lehner',NULL,0,'215215181','Donna.Friesen20@hotmail.com',0,NULL,NULL,NULL,NULL,NULL,'e10adc3949ba59abbe56e057f20f883e',NULL,1,NULL,NULL,0,NULL,NULL,NULL,NULL,NULL,0,NULL),(189,NULL,NULL,NULL,NULL,NULL,NULL,NULL,'+84123456789','215215182',NULL,NULL,NULL,'Josephine','Davis',NULL,0,'215215182','Xander.Boehm@gmail.com',0,NULL,NULL,NULL,NULL,NULL,'e10adc3949ba59abbe56e057f20f883e',NULL,1,NULL,NULL,0,NULL,NULL,NULL,NULL,NULL,0,NULL),(190,NULL,NULL,NULL,NULL,NULL,NULL,NULL,'+84123456789','215215183',NULL,NULL,NULL,'Santa','Watsica',NULL,0,'215215183','Theo81@hotmail.com',0,NULL,NULL,NULL,NULL,NULL,'e10adc3949ba59abbe56e057f20f883e',NULL,1,NULL,NULL,0,NULL,NULL,NULL,NULL,NULL,0,NULL),(191,NULL,NULL,NULL,NULL,NULL,NULL,NULL,'+84123456789','215215184',NULL,NULL,NULL,'Tara','Kilback',NULL,0,'215215184','Raven.Hane82@gmail.com',0,NULL,NULL,NULL,NULL,NULL,'e10adc3949ba59abbe56e057f20f883e',NULL,1,NULL,NULL,0,NULL,NULL,NULL,NULL,NULL,0,NULL),(192,NULL,NULL,NULL,NULL,NULL,NULL,NULL,'+84123456789','215215185',NULL,NULL,NULL,'Elias','Kiehn',NULL,0,'215215185','Zackary_Johnston91@yahoo.com',0,NULL,NULL,NULL,NULL,NULL,'e10adc3949ba59abbe56e057f20f883e',NULL,1,NULL,NULL,0,NULL,NULL,NULL,NULL,NULL,0,NULL),(193,NULL,NULL,NULL,NULL,NULL,NULL,NULL,'+84123456789','215215186',NULL,NULL,NULL,'Lynn','Strosin',NULL,0,'215215186','Mellie_Kuphal@gmail.com',0,NULL,NULL,NULL,NULL,NULL,'e10adc3949ba59abbe56e057f20f883e',NULL,1,NULL,NULL,0,NULL,NULL,NULL,NULL,NULL,0,NULL),(194,NULL,NULL,NULL,NULL,NULL,NULL,NULL,'+84123456789','215215187',NULL,NULL,NULL,'Marc','Stamm',NULL,0,'215215187','Wiley.McGlynn@hotmail.com',0,NULL,NULL,NULL,NULL,NULL,'e10adc3949ba59abbe56e057f20f883e',NULL,1,NULL,NULL,0,NULL,NULL,NULL,NULL,NULL,0,NULL),(195,NULL,NULL,NULL,NULL,NULL,NULL,NULL,'+84123456789','215215188',NULL,NULL,NULL,'Carolyne','Altenwerth',NULL,0,'215215188','Timothy71@yahoo.com',0,NULL,NULL,NULL,NULL,NULL,'e10adc3949ba59abbe56e057f20f883e',NULL,1,NULL,NULL,0,NULL,NULL,NULL,NULL,NULL,0,NULL),(196,NULL,NULL,NULL,NULL,NULL,NULL,NULL,'+84123456789','215215189',NULL,NULL,NULL,'Kellen','Marvin',NULL,0,'215215189','Aleen_Ryan@hotmail.com',0,NULL,NULL,NULL,NULL,NULL,'e10adc3949ba59abbe56e057f20f883e',NULL,1,NULL,NULL,0,NULL,NULL,NULL,NULL,NULL,0,NULL),(197,NULL,NULL,NULL,NULL,NULL,NULL,NULL,'+84123456789','215215190',NULL,NULL,NULL,'Isom','Schinner',NULL,0,'215215190','Josiah.Becker@gmail.com',0,NULL,NULL,NULL,NULL,NULL,'e10adc3949ba59abbe56e057f20f883e',NULL,1,NULL,NULL,0,NULL,NULL,NULL,NULL,NULL,0,NULL),(198,NULL,NULL,NULL,NULL,NULL,NULL,NULL,'+84123456789','215215191',NULL,NULL,NULL,'Manuel','Bailey',NULL,0,'215215191','Coy_Roob84@gmail.com',0,NULL,NULL,NULL,NULL,NULL,'e10adc3949ba59abbe56e057f20f883e',NULL,1,NULL,NULL,0,NULL,NULL,NULL,NULL,NULL,0,NULL),(199,NULL,NULL,NULL,NULL,NULL,NULL,NULL,'+84123456789','215215192',NULL,NULL,NULL,'Deion','Bogan',NULL,0,'215215192','Giovanna.Thompson13@gmail.com',0,NULL,NULL,NULL,NULL,NULL,'e10adc3949ba59abbe56e057f20f883e',NULL,1,NULL,NULL,0,NULL,NULL,NULL,NULL,NULL,0,NULL),(200,NULL,NULL,NULL,NULL,NULL,NULL,NULL,'+84123456789','215215193',NULL,NULL,NULL,'Flossie','Bosco',NULL,0,'215215193','Marlen91@yahoo.com',0,NULL,NULL,NULL,NULL,NULL,'e10adc3949ba59abbe56e057f20f883e',NULL,1,NULL,NULL,0,NULL,NULL,NULL,NULL,NULL,0,NULL),(201,NULL,NULL,NULL,NULL,NULL,NULL,NULL,'+84123456789','215215194',NULL,NULL,NULL,'Coleman','Lueilwitz',NULL,0,'215215194','Brook.Shanahan@hotmail.com',0,NULL,NULL,NULL,NULL,NULL,'e10adc3949ba59abbe56e057f20f883e',NULL,1,NULL,NULL,0,NULL,NULL,NULL,NULL,NULL,0,NULL),(202,NULL,NULL,NULL,NULL,NULL,NULL,NULL,'+84123456789','215215195',NULL,NULL,NULL,'Norene','Wisozk',NULL,0,'215215195','Hayley77@hotmail.com',0,NULL,NULL,NULL,NULL,NULL,'e10adc3949ba59abbe56e057f20f883e',NULL,1,NULL,NULL,0,NULL,NULL,NULL,NULL,NULL,0,NULL),(203,NULL,NULL,NULL,NULL,NULL,NULL,NULL,'+84123456789','215215196',NULL,NULL,NULL,'Wilfrid','Fadel',NULL,0,'215215196','Wanda21@gmail.com',0,NULL,NULL,NULL,NULL,NULL,'e10adc3949ba59abbe56e057f20f883e',NULL,1,NULL,NULL,0,NULL,NULL,NULL,NULL,NULL,0,NULL),(204,NULL,NULL,NULL,NULL,NULL,NULL,NULL,'+84123456789','215215197',NULL,NULL,NULL,'Drew','Stamm',NULL,0,'215215197','Brown_Schowalter54@yahoo.com',0,NULL,NULL,NULL,NULL,NULL,'e10adc3949ba59abbe56e057f20f883e',NULL,1,NULL,NULL,0,NULL,NULL,NULL,NULL,NULL,0,NULL),(205,NULL,NULL,NULL,NULL,NULL,NULL,NULL,'+84123456789','215215198',NULL,NULL,NULL,'Napoleon','Thompson',NULL,0,'215215198','Jovany.McClure57@hotmail.com',0,NULL,NULL,NULL,NULL,NULL,'e10adc3949ba59abbe56e057f20f883e',NULL,1,NULL,NULL,0,NULL,NULL,NULL,NULL,NULL,0,NULL),(206,NULL,NULL,NULL,NULL,NULL,NULL,NULL,'+84123456789','215215199',NULL,NULL,NULL,'Dewitt','Boyer',NULL,0,'215215199','Earlene_Berge71@hotmail.com',0,NULL,NULL,NULL,NULL,NULL,'e10adc3949ba59abbe56e057f20f883e',NULL,1,NULL,NULL,0,NULL,NULL,NULL,NULL,NULL,0,NULL),(207,NULL,NULL,NULL,NULL,NULL,NULL,NULL,'+84123456789','215215200',NULL,NULL,NULL,'Harvey','Kunde',NULL,0,'215215200','Harley.Pouros10@yahoo.com',0,NULL,NULL,NULL,NULL,NULL,'e10adc3949ba59abbe56e057f20f883e',NULL,1,NULL,NULL,0,NULL,NULL,NULL,NULL,NULL,0,NULL),(208,NULL,NULL,8,NULL,NULL,NULL,NULL,'+84123456789','215215201',NULL,NULL,NULL,'Corbin','Paucek',NULL,0,'215215201','Paul43@gmail.com',0,NULL,NULL,NULL,NULL,NULL,'e10adc3949ba59abbe56e057f20f883e',NULL,1,NULL,NULL,0,NULL,NULL,NULL,NULL,NULL,0,NULL),(209,NULL,NULL,NULL,NULL,NULL,NULL,NULL,'+84123456789','215215202',NULL,NULL,NULL,'Alexanne','Kshlerin',NULL,0,'215215202','Tina22@hotmail.com',0,NULL,NULL,NULL,NULL,NULL,'e10adc3949ba59abbe56e057f20f883e',NULL,1,NULL,NULL,0,NULL,NULL,NULL,NULL,NULL,0,NULL),(210,NULL,NULL,NULL,NULL,NULL,NULL,NULL,'+84123456789','215215203',NULL,NULL,NULL,'Alexys','McClure',NULL,0,'215215203','Herminio_Collier@yahoo.com',0,NULL,NULL,NULL,NULL,NULL,'e10adc3949ba59abbe56e057f20f883e',NULL,1,NULL,NULL,0,NULL,NULL,NULL,NULL,NULL,0,NULL),(211,NULL,NULL,NULL,NULL,NULL,NULL,NULL,'+84123456789','215215204',NULL,NULL,NULL,'Pearline','Wolf',NULL,0,'215215204','Darian16@hotmail.com',0,NULL,NULL,NULL,NULL,NULL,'e10adc3949ba59abbe56e057f20f883e',NULL,1,NULL,NULL,0,NULL,NULL,NULL,NULL,NULL,0,NULL),(212,NULL,NULL,NULL,NULL,NULL,NULL,NULL,'+84123456789','215215205',NULL,NULL,NULL,'Yvonne','Kiehn',NULL,0,'215215205','Hayden52@gmail.com',0,NULL,NULL,NULL,NULL,NULL,'e10adc3949ba59abbe56e057f20f883e',NULL,1,NULL,NULL,0,NULL,NULL,NULL,NULL,NULL,0,NULL),(213,NULL,NULL,NULL,NULL,NULL,NULL,NULL,'+84123456789','215215206',NULL,NULL,NULL,'Joana','Rempel',NULL,0,'215215206','Elwin4@hotmail.com',0,NULL,NULL,NULL,NULL,NULL,'e10adc3949ba59abbe56e057f20f883e',NULL,1,NULL,NULL,0,NULL,NULL,NULL,NULL,NULL,0,NULL),(214,NULL,NULL,NULL,NULL,NULL,NULL,NULL,'+84123456789','215215207',NULL,NULL,NULL,'Gladyce','Lockman',NULL,0,'215215207','Orie98@yahoo.com',0,NULL,NULL,NULL,NULL,NULL,'e10adc3949ba59abbe56e057f20f883e',NULL,1,NULL,NULL,0,NULL,NULL,NULL,NULL,NULL,0,NULL),(215,NULL,NULL,NULL,NULL,NULL,NULL,NULL,'+84123456789','215215208',NULL,NULL,NULL,'Kara','McKenzie',NULL,0,'215215208','Kadin_Zulauf@yahoo.com',0,NULL,NULL,NULL,NULL,NULL,'e10adc3949ba59abbe56e057f20f883e',NULL,1,NULL,NULL,0,NULL,NULL,NULL,NULL,NULL,0,NULL),(216,NULL,NULL,NULL,NULL,NULL,NULL,NULL,'+84123456789','215215209',NULL,NULL,NULL,'Jed','Dickinson',NULL,0,'215215209','Fabian82@gmail.com',0,NULL,NULL,NULL,NULL,NULL,'e10adc3949ba59abbe56e057f20f883e',NULL,1,NULL,NULL,0,NULL,NULL,NULL,NULL,NULL,0,NULL),(217,NULL,NULL,NULL,NULL,NULL,NULL,NULL,'+84123456789','215215210',NULL,NULL,NULL,'Hannah','Hickle',NULL,0,'215215210','Alanis70@yahoo.com',0,NULL,NULL,NULL,NULL,NULL,'e10adc3949ba59abbe56e057f20f883e',NULL,1,NULL,NULL,0,NULL,NULL,NULL,NULL,NULL,0,NULL),(218,NULL,NULL,NULL,NULL,NULL,NULL,NULL,'+84123456789','215215211',NULL,NULL,NULL,'Carson','Jerde',NULL,0,'215215211','Lucile46@hotmail.com',0,NULL,NULL,NULL,NULL,NULL,'e10adc3949ba59abbe56e057f20f883e',NULL,1,NULL,NULL,0,NULL,NULL,NULL,NULL,NULL,0,NULL),(219,NULL,NULL,NULL,NULL,NULL,NULL,NULL,'+84123456789','215215212',NULL,NULL,NULL,'Johnson','MacGyver',NULL,0,'215215212','Hayley.Gleason49@hotmail.com',0,NULL,NULL,NULL,NULL,NULL,'e10adc3949ba59abbe56e057f20f883e',NULL,1,NULL,NULL,0,NULL,NULL,NULL,NULL,NULL,0,NULL),(220,NULL,NULL,NULL,NULL,NULL,NULL,NULL,'+84123456789','215215213',NULL,NULL,NULL,'Victor','Hegmann',NULL,0,'215215213','Julius_Waters32@gmail.com',0,NULL,NULL,NULL,NULL,NULL,'e10adc3949ba59abbe56e057f20f883e',NULL,1,NULL,NULL,0,NULL,NULL,NULL,NULL,NULL,0,NULL),(221,NULL,NULL,NULL,NULL,NULL,NULL,NULL,'+84123456789','215215214',NULL,NULL,NULL,'Heather','Lubowitz',NULL,0,'215215214','Adah65@hotmail.com',0,NULL,NULL,NULL,NULL,NULL,'e10adc3949ba59abbe56e057f20f883e',NULL,1,NULL,NULL,0,NULL,NULL,NULL,NULL,NULL,0,NULL),(222,NULL,NULL,NULL,NULL,NULL,NULL,NULL,'+84123456789','215215215',NULL,NULL,NULL,'Giovani','Parisian',NULL,0,'215215215','Jaycee_West24@yahoo.com',0,NULL,NULL,NULL,NULL,NULL,'e10adc3949ba59abbe56e057f20f883e',NULL,1,NULL,NULL,0,NULL,NULL,NULL,NULL,NULL,0,NULL),(223,NULL,NULL,NULL,NULL,NULL,NULL,NULL,'+84123456789','215215216',NULL,NULL,NULL,'Georgette','Schulist',NULL,0,'215215216','Riley_Quigley73@yahoo.com',0,NULL,NULL,NULL,NULL,NULL,'e10adc3949ba59abbe56e057f20f883e',NULL,1,NULL,NULL,0,NULL,NULL,NULL,NULL,NULL,0,NULL),(224,NULL,NULL,NULL,NULL,NULL,NULL,NULL,'+84123456789','215215217',NULL,NULL,NULL,'Pablo','Deckow',NULL,0,'215215217','Deanna.Auer45@yahoo.com',0,NULL,NULL,NULL,NULL,NULL,'e10adc3949ba59abbe56e057f20f883e',NULL,1,NULL,NULL,0,NULL,NULL,NULL,NULL,NULL,0,NULL),(225,NULL,NULL,NULL,NULL,NULL,NULL,NULL,'+84123456789','215215218',NULL,NULL,NULL,'Victoria','Yundt',NULL,0,'215215218','Alice.Hane@hotmail.com',0,NULL,NULL,NULL,NULL,NULL,'e10adc3949ba59abbe56e057f20f883e',NULL,1,NULL,NULL,0,NULL,NULL,NULL,NULL,NULL,0,NULL),(226,NULL,NULL,NULL,NULL,NULL,NULL,NULL,'+84123456789','215215219',NULL,NULL,NULL,'Hadley','Rutherford',NULL,0,'215215219','Aleen.Legros6@hotmail.com',0,NULL,NULL,NULL,NULL,NULL,'e10adc3949ba59abbe56e057f20f883e',NULL,1,NULL,NULL,0,NULL,NULL,NULL,NULL,NULL,0,NULL),(227,NULL,NULL,NULL,NULL,NULL,NULL,NULL,'+84123456789','215215220',NULL,NULL,NULL,'Virginia','Powlowski',NULL,0,'215215220','Maritza92@gmail.com',0,NULL,NULL,NULL,NULL,NULL,'e10adc3949ba59abbe56e057f20f883e',NULL,1,NULL,NULL,0,NULL,NULL,NULL,NULL,NULL,0,NULL),(228,NULL,NULL,NULL,NULL,NULL,NULL,NULL,'+84123456789','215215221',NULL,NULL,NULL,'Kennedi','Miller',NULL,0,'215215221','Sandrine.Nolan63@hotmail.com',0,NULL,NULL,NULL,NULL,NULL,'e10adc3949ba59abbe56e057f20f883e',NULL,1,NULL,NULL,0,NULL,NULL,NULL,NULL,NULL,0,NULL),(229,NULL,NULL,NULL,NULL,NULL,NULL,NULL,'+84123456789','215215222',NULL,NULL,NULL,'Nyasia','Trantow',NULL,0,'215215222','Gilbert.Russel34@gmail.com',0,NULL,NULL,NULL,NULL,NULL,'e10adc3949ba59abbe56e057f20f883e',NULL,1,NULL,NULL,0,NULL,NULL,NULL,NULL,NULL,0,NULL),(230,NULL,NULL,NULL,NULL,NULL,NULL,NULL,'+84123456789','215215223',NULL,NULL,NULL,'Geo','Shields',NULL,0,'215215223','Felix_Wilderman5@yahoo.com',0,NULL,NULL,NULL,NULL,NULL,'e10adc3949ba59abbe56e057f20f883e',NULL,1,NULL,NULL,0,NULL,NULL,NULL,NULL,NULL,0,NULL),(231,NULL,NULL,NULL,NULL,NULL,NULL,NULL,'+84123456789','215215224',NULL,NULL,NULL,'Anna','McCullough',NULL,0,'215215224','Peyton_Anderson96@yahoo.com',0,NULL,NULL,NULL,NULL,NULL,'e10adc3949ba59abbe56e057f20f883e',NULL,1,NULL,NULL,0,NULL,NULL,NULL,NULL,NULL,0,NULL),(232,NULL,NULL,NULL,NULL,NULL,NULL,NULL,'+84123456789','215215225',NULL,NULL,NULL,'Wallace','Legros',NULL,0,'215215225','Laney_Connelly90@hotmail.com',0,NULL,NULL,NULL,NULL,NULL,'e10adc3949ba59abbe56e057f20f883e',NULL,1,NULL,NULL,0,NULL,NULL,NULL,NULL,NULL,0,NULL),(233,NULL,NULL,NULL,NULL,NULL,NULL,NULL,'+84123456789','215215226',NULL,NULL,NULL,'Hellen','Trantow',NULL,0,'215215226','Elta_Rowe@yahoo.com',0,NULL,NULL,NULL,NULL,NULL,'e10adc3949ba59abbe56e057f20f883e',NULL,1,NULL,NULL,0,NULL,NULL,NULL,NULL,NULL,0,NULL),(234,NULL,NULL,NULL,NULL,NULL,NULL,NULL,'+84123456789','215215227',NULL,NULL,NULL,'Anne','Kiehn',NULL,0,'215215227','Trevion_Luettgen@gmail.com',0,NULL,NULL,NULL,NULL,NULL,'e10adc3949ba59abbe56e057f20f883e',NULL,1,NULL,NULL,0,NULL,NULL,NULL,NULL,NULL,0,NULL),(235,NULL,NULL,NULL,NULL,NULL,NULL,NULL,'+84123456789','215215228',NULL,NULL,NULL,'Luella','Crooks',NULL,0,'215215228','Kylee76@hotmail.com',0,NULL,NULL,NULL,NULL,NULL,'e10adc3949ba59abbe56e057f20f883e',NULL,1,NULL,NULL,0,NULL,NULL,NULL,NULL,NULL,0,NULL),(236,NULL,NULL,NULL,NULL,NULL,NULL,NULL,'+84123456789','215215229',NULL,NULL,NULL,'Era','Cronin',NULL,0,'215215229','Alex.Pouros49@hotmail.com',0,NULL,NULL,NULL,NULL,NULL,'e10adc3949ba59abbe56e057f20f883e',NULL,1,NULL,NULL,0,NULL,NULL,NULL,NULL,NULL,0,NULL),(237,NULL,NULL,NULL,NULL,NULL,NULL,NULL,'+84123456789','215215230',NULL,NULL,NULL,'Rod','Nitzsche',NULL,0,'215215230','Estella21@hotmail.com',0,NULL,NULL,NULL,NULL,NULL,'e10adc3949ba59abbe56e057f20f883e',NULL,1,NULL,NULL,0,NULL,NULL,NULL,NULL,NULL,0,NULL),(238,NULL,NULL,NULL,NULL,NULL,NULL,NULL,'+84123456789','215215231',NULL,NULL,NULL,'Earnest','Morissette',NULL,0,'215215231','Ofelia.Metz82@hotmail.com',0,NULL,NULL,NULL,NULL,NULL,'e10adc3949ba59abbe56e057f20f883e',NULL,1,NULL,NULL,0,NULL,NULL,NULL,NULL,NULL,0,NULL),(239,NULL,NULL,NULL,NULL,NULL,NULL,NULL,'+84123456789','215215232',NULL,NULL,NULL,'Danial','Kihn',NULL,0,'215215232','Davion_Lowe57@hotmail.com',0,NULL,NULL,NULL,NULL,NULL,'e10adc3949ba59abbe56e057f20f883e',NULL,1,NULL,NULL,0,NULL,NULL,NULL,NULL,NULL,0,NULL),(240,NULL,NULL,NULL,NULL,NULL,NULL,NULL,'+84123456789','215215233',NULL,NULL,NULL,'Karley','Stiedemann',NULL,0,'215215233','Sabryna.Haag@gmail.com',0,NULL,NULL,NULL,NULL,NULL,'e10adc3949ba59abbe56e057f20f883e',NULL,1,NULL,NULL,0,NULL,NULL,NULL,NULL,NULL,0,NULL),(241,NULL,NULL,NULL,NULL,NULL,NULL,NULL,'+84123456789','215215234',NULL,NULL,NULL,'Hattie','Gusikowski',NULL,0,'215215234','Lizeth12@gmail.com',0,NULL,NULL,NULL,NULL,NULL,'e10adc3949ba59abbe56e057f20f883e',NULL,1,NULL,NULL,0,NULL,NULL,NULL,NULL,NULL,0,NULL),(242,NULL,NULL,NULL,NULL,NULL,NULL,NULL,'+84123456789','215215235',NULL,NULL,NULL,'Eliezer','Hahn',NULL,0,'215215235','Merle.Bashirian27@hotmail.com',0,NULL,NULL,NULL,NULL,NULL,'e10adc3949ba59abbe56e057f20f883e',NULL,1,NULL,NULL,0,NULL,NULL,NULL,NULL,NULL,0,NULL),(243,NULL,NULL,NULL,NULL,NULL,NULL,NULL,'+84123456789','215215236',NULL,NULL,NULL,'Paula','Reinger',NULL,0,'215215236','Jeanette38@hotmail.com',0,NULL,NULL,NULL,NULL,NULL,'e10adc3949ba59abbe56e057f20f883e',NULL,1,NULL,NULL,0,NULL,NULL,NULL,NULL,NULL,0,NULL),(244,NULL,NULL,NULL,NULL,NULL,NULL,NULL,'+84123456789','215215237',NULL,NULL,NULL,'Ivy','Bernhard',NULL,0,'215215237','Pattie3@hotmail.com',0,NULL,NULL,NULL,NULL,NULL,'e10adc3949ba59abbe56e057f20f883e',NULL,1,NULL,NULL,0,NULL,NULL,NULL,NULL,NULL,0,NULL),(245,NULL,NULL,NULL,NULL,NULL,NULL,NULL,'+84123456789','215215238',NULL,NULL,NULL,'Camila','Schowalter',NULL,0,'215215238','Camille30@hotmail.com',0,NULL,NULL,NULL,NULL,NULL,'e10adc3949ba59abbe56e057f20f883e',NULL,1,NULL,NULL,0,NULL,NULL,NULL,NULL,NULL,0,NULL),(246,NULL,NULL,NULL,NULL,NULL,NULL,NULL,'+84123456789','215215239',NULL,NULL,NULL,'General','Schultz',NULL,0,'215215239','Crystal64@yahoo.com',0,NULL,NULL,NULL,NULL,NULL,'e10adc3949ba59abbe56e057f20f883e',NULL,1,NULL,NULL,0,NULL,NULL,NULL,NULL,NULL,0,NULL),(247,NULL,NULL,NULL,NULL,NULL,NULL,NULL,'+84123456789','215215240',NULL,NULL,NULL,'Rosie','Franecki',NULL,0,'215215240','Myrtis27@yahoo.com',0,NULL,NULL,NULL,NULL,NULL,'e10adc3949ba59abbe56e057f20f883e',NULL,1,NULL,NULL,0,NULL,NULL,NULL,NULL,NULL,0,NULL),(248,NULL,NULL,NULL,NULL,NULL,NULL,NULL,'+84123456789','215215241',NULL,NULL,NULL,'Marlene','Conn',NULL,0,'215215241','Arlo_Denesik@hotmail.com',0,NULL,NULL,NULL,NULL,NULL,'e10adc3949ba59abbe56e057f20f883e',NULL,1,NULL,NULL,0,NULL,NULL,NULL,NULL,NULL,0,NULL),(249,NULL,NULL,NULL,NULL,NULL,NULL,NULL,'+84123456789','215215242',NULL,NULL,NULL,'Jamey','Hagenes',NULL,0,'215215242','Hermann93@gmail.com',0,NULL,NULL,NULL,NULL,NULL,'e10adc3949ba59abbe56e057f20f883e',NULL,1,NULL,NULL,0,NULL,NULL,NULL,NULL,NULL,0,NULL),(250,NULL,NULL,NULL,NULL,NULL,NULL,NULL,'+84123456789','215215243',NULL,NULL,NULL,'Roderick','Murazik',NULL,0,'215215243','Robbie_Mills@hotmail.com',0,NULL,NULL,NULL,NULL,NULL,'e10adc3949ba59abbe56e057f20f883e',NULL,1,NULL,NULL,0,NULL,NULL,NULL,NULL,NULL,0,NULL),(251,NULL,NULL,NULL,NULL,NULL,NULL,NULL,'+84123456789','215215244',NULL,NULL,NULL,'Audrey','Cruickshank',NULL,0,'215215244','Audreanne.Marvin@gmail.com',0,NULL,NULL,NULL,NULL,NULL,'e10adc3949ba59abbe56e057f20f883e',NULL,1,NULL,NULL,0,NULL,NULL,NULL,NULL,NULL,0,NULL),(252,NULL,NULL,NULL,NULL,NULL,NULL,NULL,'+84123456789','215215245',NULL,NULL,NULL,'Mike','Rempel',NULL,0,'215215245','Opal_Trantow@hotmail.com',0,NULL,NULL,NULL,NULL,NULL,'e10adc3949ba59abbe56e057f20f883e',NULL,1,NULL,NULL,0,NULL,NULL,NULL,NULL,NULL,0,NULL),(253,NULL,NULL,NULL,NULL,NULL,NULL,NULL,'+84123456789','215215246',NULL,NULL,NULL,'Jerald','Hudson',NULL,0,'215215246','Bennie_Dietrich24@gmail.com',0,NULL,NULL,NULL,NULL,NULL,'e10adc3949ba59abbe56e057f20f883e',NULL,1,NULL,NULL,0,NULL,NULL,NULL,NULL,NULL,0,NULL),(254,NULL,NULL,NULL,NULL,NULL,NULL,NULL,'+84123456789','215215247',NULL,NULL,NULL,'Kareem','Gleichner',NULL,0,'215215247','Doyle_Rodriguez90@gmail.com',0,NULL,NULL,NULL,NULL,NULL,'e10adc3949ba59abbe56e057f20f883e',NULL,1,NULL,NULL,0,NULL,NULL,NULL,NULL,NULL,0,NULL),(255,NULL,NULL,NULL,NULL,NULL,NULL,NULL,'+84123456789','215215248',NULL,NULL,NULL,'Karine','Grady',NULL,0,'215215248','Jaida_Murray@hotmail.com',0,NULL,NULL,NULL,NULL,NULL,'e10adc3949ba59abbe56e057f20f883e',NULL,1,NULL,NULL,0,NULL,NULL,NULL,NULL,NULL,0,NULL),(256,NULL,NULL,NULL,NULL,NULL,NULL,NULL,'+84123456789','215215249',NULL,NULL,NULL,'Leo','Kreiger',NULL,0,'215215249','Devon_Wintheiser64@yahoo.com',0,NULL,NULL,NULL,NULL,NULL,'e10adc3949ba59abbe56e057f20f883e',NULL,1,NULL,NULL,0,NULL,NULL,NULL,NULL,NULL,0,NULL),(257,NULL,NULL,NULL,NULL,NULL,NULL,NULL,'+84123456789','215215250',NULL,NULL,NULL,'Gust','Sawayn',NULL,0,'215215250','Luz24@hotmail.com',0,NULL,NULL,NULL,NULL,NULL,'e10adc3949ba59abbe56e057f20f883e',NULL,1,NULL,NULL,0,NULL,NULL,NULL,NULL,NULL,0,NULL),(258,NULL,NULL,NULL,NULL,NULL,NULL,NULL,'+84123456789','215215251',NULL,NULL,NULL,'Leif','Christiansen',NULL,0,'215215251','Autumn_Altenwerth38@gmail.com',0,NULL,NULL,NULL,NULL,NULL,'e10adc3949ba59abbe56e057f20f883e',NULL,1,NULL,NULL,0,NULL,NULL,NULL,NULL,NULL,0,NULL),(259,NULL,NULL,NULL,NULL,NULL,NULL,NULL,'+84123456789','215215252',NULL,NULL,NULL,'Everardo','Hilll',NULL,0,'215215252','Halie.Schowalter93@hotmail.com',0,NULL,NULL,NULL,NULL,NULL,'e10adc3949ba59abbe56e057f20f883e',NULL,1,NULL,NULL,0,NULL,NULL,NULL,NULL,NULL,0,NULL),(260,NULL,NULL,NULL,NULL,NULL,NULL,NULL,'+84123456789','215215253',NULL,NULL,NULL,'Cullen','Reinger',NULL,0,'215215253','Elza_Bogan78@gmail.com',0,NULL,NULL,NULL,NULL,NULL,'e10adc3949ba59abbe56e057f20f883e',NULL,1,NULL,NULL,0,NULL,NULL,NULL,NULL,NULL,0,NULL),(261,NULL,NULL,NULL,NULL,NULL,NULL,NULL,'+84123456789','215215254',NULL,NULL,NULL,'Jermain','Hilpert',NULL,0,'215215254','Bette42@gmail.com',0,NULL,NULL,NULL,NULL,NULL,'e10adc3949ba59abbe56e057f20f883e',NULL,1,NULL,NULL,0,NULL,NULL,NULL,NULL,NULL,0,NULL),(262,NULL,NULL,NULL,NULL,NULL,NULL,NULL,'+84123456789','215215255',NULL,NULL,NULL,'Harmony','Kozey',NULL,0,'215215255','Adrianna_Treutel80@gmail.com',0,NULL,NULL,NULL,NULL,NULL,'e10adc3949ba59abbe56e057f20f883e',NULL,1,NULL,NULL,0,NULL,NULL,NULL,NULL,NULL,0,NULL),(263,NULL,NULL,NULL,NULL,NULL,NULL,NULL,'+84123456789','215215256',NULL,NULL,NULL,'Adan','Homenick',NULL,0,'215215256','Greg.Frami@yahoo.com',0,NULL,NULL,NULL,NULL,NULL,'e10adc3949ba59abbe56e057f20f883e',NULL,1,NULL,NULL,0,NULL,NULL,NULL,NULL,NULL,0,NULL),(264,NULL,NULL,NULL,NULL,NULL,NULL,NULL,'+84123456789','215215257',NULL,NULL,NULL,'Candida','Hegmann',NULL,0,'215215257','Cathrine_Ernser@yahoo.com',0,NULL,NULL,NULL,NULL,NULL,'e10adc3949ba59abbe56e057f20f883e',NULL,1,NULL,NULL,0,NULL,NULL,NULL,NULL,NULL,0,NULL),(265,NULL,NULL,NULL,NULL,NULL,NULL,NULL,'+84123456789','215215258',NULL,NULL,NULL,'Gunnar','Christiansen',NULL,0,'215215258','Margaretta_Grady@yahoo.com',0,NULL,NULL,NULL,NULL,NULL,'e10adc3949ba59abbe56e057f20f883e',NULL,1,NULL,NULL,0,NULL,NULL,NULL,NULL,NULL,0,NULL),(266,NULL,NULL,NULL,NULL,NULL,NULL,NULL,'+84123456789','215215259',NULL,NULL,NULL,'Eleonore','Bednar',NULL,0,'215215259','Francisco_Robel75@hotmail.com',0,NULL,NULL,NULL,NULL,NULL,'e10adc3949ba59abbe56e057f20f883e',NULL,1,NULL,NULL,0,NULL,NULL,NULL,NULL,NULL,0,NULL),(267,NULL,NULL,NULL,NULL,NULL,NULL,NULL,'+84123456789','215215260',NULL,NULL,NULL,'Kamryn','Ebert',NULL,0,'215215260','Luciano.Beier44@gmail.com',0,NULL,NULL,NULL,NULL,NULL,'e10adc3949ba59abbe56e057f20f883e',NULL,1,NULL,NULL,0,NULL,NULL,NULL,NULL,NULL,0,NULL),(268,NULL,NULL,NULL,NULL,NULL,NULL,NULL,'+84123456789','215215261',NULL,NULL,NULL,'Kayley','Berge',NULL,0,'215215261','Westley19@hotmail.com',0,NULL,NULL,NULL,NULL,NULL,'e10adc3949ba59abbe56e057f20f883e',NULL,1,NULL,NULL,0,NULL,NULL,NULL,NULL,NULL,0,NULL),(269,NULL,NULL,NULL,NULL,NULL,NULL,NULL,'+84123456789','215215262',NULL,NULL,NULL,'Manuela','Emmerich',NULL,0,'215215262','Beverly.Ortiz@hotmail.com',0,NULL,NULL,NULL,NULL,NULL,'e10adc3949ba59abbe56e057f20f883e',NULL,1,NULL,NULL,0,NULL,NULL,NULL,NULL,NULL,0,NULL),(270,NULL,NULL,NULL,NULL,NULL,NULL,NULL,'+84123456789','215215263',NULL,NULL,NULL,'Nelson','McDermott',NULL,0,'215215263','Karson_Williamson26@hotmail.com',0,NULL,NULL,NULL,NULL,NULL,'e10adc3949ba59abbe56e057f20f883e',NULL,1,NULL,NULL,0,NULL,NULL,NULL,NULL,NULL,0,NULL),(271,NULL,NULL,NULL,NULL,NULL,NULL,NULL,'+84123456789','215215264',NULL,NULL,NULL,'Gene','Kerluke',NULL,0,'215215264','Jody.Gibson60@yahoo.com',0,NULL,NULL,NULL,NULL,NULL,'e10adc3949ba59abbe56e057f20f883e',NULL,1,NULL,NULL,0,NULL,NULL,NULL,NULL,NULL,0,NULL),(272,NULL,NULL,NULL,NULL,NULL,NULL,NULL,'+84123456789','215215265',NULL,NULL,NULL,'Maida','Hartmann',NULL,0,'215215265','Candace78@gmail.com',0,NULL,NULL,NULL,NULL,NULL,'e10adc3949ba59abbe56e057f20f883e',NULL,1,NULL,NULL,0,NULL,NULL,NULL,NULL,NULL,0,NULL),(273,NULL,NULL,NULL,NULL,NULL,NULL,NULL,'+84123456789','215215266',NULL,NULL,NULL,'Keshaun','Ankunding',NULL,0,'215215266','Alexzander24@yahoo.com',0,NULL,NULL,NULL,NULL,NULL,'e10adc3949ba59abbe56e057f20f883e',NULL,1,NULL,NULL,0,NULL,NULL,NULL,NULL,NULL,0,NULL),(274,NULL,NULL,NULL,NULL,NULL,NULL,NULL,'+84123456789','215215267',NULL,NULL,NULL,'Mary','Spencer',NULL,0,'215215267','Dianna29@hotmail.com',0,NULL,NULL,NULL,NULL,NULL,'e10adc3949ba59abbe56e057f20f883e',NULL,1,NULL,NULL,0,NULL,NULL,NULL,NULL,NULL,0,NULL),(275,NULL,NULL,NULL,NULL,NULL,NULL,NULL,'+84123456789','215215268',NULL,NULL,NULL,'Alisa','Reinger',NULL,0,'215215268','Wilhelm_Moore@hotmail.com',0,NULL,NULL,NULL,NULL,NULL,'e10adc3949ba59abbe56e057f20f883e',NULL,1,NULL,NULL,0,NULL,NULL,NULL,NULL,NULL,0,NULL),(276,NULL,NULL,NULL,NULL,NULL,NULL,NULL,'+84123456789','215215269',NULL,NULL,NULL,'Elijah','Kuhlman',NULL,0,'215215269','Olen75@yahoo.com',0,NULL,NULL,NULL,NULL,NULL,'e10adc3949ba59abbe56e057f20f883e',NULL,1,NULL,NULL,0,NULL,NULL,NULL,NULL,NULL,0,NULL),(277,NULL,NULL,NULL,NULL,NULL,NULL,NULL,'+84123456789','215215270',NULL,NULL,NULL,'Anika','Ward',NULL,0,'215215270','Alessia63@gmail.com',0,NULL,NULL,NULL,NULL,NULL,'e10adc3949ba59abbe56e057f20f883e',NULL,1,NULL,NULL,0,NULL,NULL,NULL,NULL,NULL,0,NULL),(278,NULL,NULL,NULL,NULL,NULL,NULL,NULL,'+84123456789','215215271',NULL,NULL,NULL,'Brain','Kiehn',NULL,0,'215215271','Kaitlyn.Boyle@hotmail.com',0,NULL,NULL,NULL,NULL,NULL,'e10adc3949ba59abbe56e057f20f883e',NULL,1,NULL,NULL,0,NULL,NULL,NULL,NULL,NULL,0,NULL),(279,NULL,NULL,NULL,NULL,NULL,NULL,NULL,'+84123456789','215215272',NULL,NULL,NULL,'Mollie','Barton',NULL,0,'215215272','Clifford.Conroy@hotmail.com',0,NULL,NULL,NULL,NULL,NULL,'e10adc3949ba59abbe56e057f20f883e',NULL,1,NULL,NULL,0,NULL,NULL,NULL,NULL,NULL,0,NULL),(280,NULL,NULL,NULL,NULL,NULL,NULL,NULL,'+84123456789','215215273',NULL,NULL,NULL,'Mason','Rolfson',NULL,0,'215215273','Nelle_Hackett8@hotmail.com',0,NULL,NULL,NULL,NULL,NULL,'e10adc3949ba59abbe56e057f20f883e',NULL,1,NULL,NULL,0,NULL,NULL,NULL,NULL,NULL,0,NULL),(281,NULL,NULL,NULL,NULL,NULL,NULL,NULL,'+84123456789','215215274',NULL,NULL,NULL,'Vita','Wehner',NULL,0,'215215274','Alexis13@hotmail.com',0,NULL,NULL,NULL,NULL,NULL,'e10adc3949ba59abbe56e057f20f883e',NULL,1,NULL,NULL,0,NULL,NULL,NULL,NULL,NULL,0,NULL),(282,NULL,NULL,NULL,NULL,NULL,NULL,NULL,'+84123456789','215215275',NULL,NULL,NULL,'Delphia','Sporer',NULL,0,'215215275','Deondre.Runolfsson26@yahoo.com',0,NULL,NULL,NULL,NULL,NULL,'e10adc3949ba59abbe56e057f20f883e',NULL,1,NULL,NULL,0,NULL,NULL,NULL,NULL,NULL,0,NULL),(283,NULL,NULL,NULL,NULL,NULL,NULL,NULL,'+84123456789','215215276',NULL,NULL,NULL,'Darrion','Hintz',NULL,0,'215215276','Amanda_Feil@hotmail.com',0,NULL,NULL,NULL,NULL,NULL,'e10adc3949ba59abbe56e057f20f883e',NULL,1,NULL,NULL,0,NULL,NULL,NULL,NULL,NULL,0,NULL),(284,NULL,NULL,NULL,NULL,NULL,NULL,NULL,'+84123456789','215215277',NULL,NULL,NULL,'Lauren','Ruecker',NULL,0,'215215277','Ward.Prosacco0@gmail.com',0,NULL,NULL,NULL,NULL,NULL,'e10adc3949ba59abbe56e057f20f883e',NULL,1,NULL,NULL,0,NULL,NULL,NULL,NULL,NULL,0,NULL),(285,NULL,NULL,NULL,NULL,NULL,NULL,NULL,'+84123456789','215215278',NULL,NULL,NULL,'Tod','Farrell',NULL,0,'215215278','Haley_Schoen23@yahoo.com',0,NULL,NULL,NULL,NULL,NULL,'e10adc3949ba59abbe56e057f20f883e',NULL,1,NULL,NULL,0,NULL,NULL,NULL,NULL,NULL,0,NULL),(286,NULL,NULL,NULL,NULL,NULL,NULL,NULL,'+84123456789','215215279',NULL,NULL,NULL,'Pearlie','Rippin',NULL,0,'215215279','Alyce_Thiel86@hotmail.com',0,NULL,NULL,NULL,NULL,NULL,'e10adc3949ba59abbe56e057f20f883e',NULL,1,NULL,NULL,0,NULL,NULL,NULL,NULL,NULL,0,NULL),(287,NULL,NULL,NULL,NULL,NULL,NULL,NULL,'+84123456789','215215280',NULL,NULL,NULL,'Isac','Predovic',NULL,0,'215215280','Milford82@yahoo.com',0,NULL,NULL,NULL,NULL,NULL,'e10adc3949ba59abbe56e057f20f883e',NULL,1,NULL,NULL,0,NULL,NULL,NULL,NULL,NULL,0,NULL),(288,NULL,NULL,NULL,NULL,NULL,NULL,NULL,'+84123456789','215215281',NULL,NULL,NULL,'Maybell','Kutch',NULL,0,'215215281','Stevie51@hotmail.com',0,NULL,NULL,NULL,NULL,NULL,'e10adc3949ba59abbe56e057f20f883e',NULL,1,NULL,NULL,0,NULL,NULL,NULL,NULL,NULL,0,NULL),(289,NULL,NULL,NULL,NULL,NULL,NULL,NULL,'+84123456789','215215282',NULL,NULL,NULL,'Filomena','Hagenes',NULL,0,'215215282','Cathy25@gmail.com',0,NULL,NULL,NULL,NULL,NULL,'e10adc3949ba59abbe56e057f20f883e',NULL,1,NULL,NULL,0,NULL,NULL,NULL,NULL,NULL,0,NULL),(290,NULL,NULL,NULL,NULL,NULL,NULL,NULL,'+84123456789','215215283',NULL,NULL,NULL,'D\'angelo','Nolan',NULL,0,'215215283','Raymond_Nader@yahoo.com',0,NULL,NULL,NULL,NULL,NULL,'e10adc3949ba59abbe56e057f20f883e',NULL,1,NULL,NULL,0,NULL,NULL,NULL,NULL,NULL,0,NULL),(291,NULL,NULL,NULL,NULL,NULL,NULL,NULL,'+84123456789','215215284',NULL,NULL,NULL,'Wyatt','Lynch',NULL,0,'215215284','Deron_Brakus@yahoo.com',0,NULL,NULL,NULL,NULL,NULL,'e10adc3949ba59abbe56e057f20f883e',NULL,1,NULL,NULL,0,NULL,NULL,NULL,NULL,NULL,0,NULL),(292,NULL,NULL,NULL,NULL,NULL,NULL,NULL,'+84123456789','215215285',NULL,NULL,NULL,'Devonte','Grimes',NULL,0,'215215285','Chester5@gmail.com',0,NULL,NULL,NULL,NULL,NULL,'e10adc3949ba59abbe56e057f20f883e',NULL,1,NULL,NULL,0,NULL,NULL,NULL,NULL,NULL,0,NULL),(293,NULL,NULL,NULL,NULL,NULL,NULL,NULL,'+84123456789','215215286',NULL,NULL,NULL,'Coralie','Goodwin',NULL,0,'215215286','Hallie.Bahringer@yahoo.com',0,NULL,NULL,NULL,NULL,NULL,'e10adc3949ba59abbe56e057f20f883e',NULL,1,NULL,NULL,0,NULL,NULL,NULL,NULL,NULL,0,NULL),(294,NULL,NULL,NULL,NULL,NULL,NULL,NULL,'+84123456789','215215287',NULL,NULL,NULL,'Domenic','Wintheiser',NULL,0,'215215287','Willow_Hickle@yahoo.com',0,NULL,NULL,NULL,NULL,NULL,'e10adc3949ba59abbe56e057f20f883e',NULL,1,NULL,NULL,0,NULL,NULL,NULL,NULL,NULL,0,NULL),(295,NULL,NULL,NULL,NULL,NULL,NULL,NULL,'+84123456789','215215288',NULL,NULL,NULL,'Lydia','MacGyver',NULL,0,'215215288','Terrell_Renner48@hotmail.com',0,NULL,NULL,NULL,NULL,NULL,'e10adc3949ba59abbe56e057f20f883e',NULL,1,NULL,NULL,0,NULL,NULL,NULL,NULL,NULL,0,NULL),(296,NULL,NULL,NULL,NULL,NULL,NULL,NULL,'+84123456789','215215289',NULL,NULL,NULL,'Jarrell','Lemke',NULL,0,'215215289','Preston40@gmail.com',0,NULL,NULL,NULL,NULL,NULL,'e10adc3949ba59abbe56e057f20f883e',NULL,1,NULL,NULL,0,NULL,NULL,NULL,NULL,NULL,0,NULL),(297,NULL,NULL,NULL,NULL,NULL,NULL,NULL,'+84123456789','215215290',NULL,NULL,NULL,'Lisandro','Kirlin',NULL,0,'215215290','Virgie88@yahoo.com',0,NULL,NULL,NULL,NULL,NULL,'e10adc3949ba59abbe56e057f20f883e',NULL,1,NULL,NULL,0,NULL,NULL,NULL,NULL,NULL,0,NULL),(298,NULL,NULL,NULL,NULL,NULL,NULL,NULL,'+84123456789','215215291',NULL,NULL,NULL,'Delmer','Goodwin',NULL,0,'215215291','Wilhelm.Lindgren@gmail.com',0,NULL,NULL,NULL,NULL,NULL,'e10adc3949ba59abbe56e057f20f883e',NULL,1,NULL,NULL,0,NULL,NULL,NULL,NULL,NULL,0,NULL),(299,NULL,NULL,NULL,NULL,NULL,NULL,NULL,'+84123456789','215215292',NULL,NULL,NULL,'Kory','Block',NULL,0,'215215292','Arthur_Von@gmail.com',0,NULL,NULL,NULL,NULL,NULL,'e10adc3949ba59abbe56e057f20f883e',NULL,1,NULL,NULL,0,NULL,NULL,NULL,NULL,NULL,0,NULL),(300,NULL,NULL,NULL,NULL,NULL,NULL,NULL,'+84123456789','215215293',NULL,NULL,NULL,'Dannie','Heaney',NULL,0,'215215293','Scotty94@yahoo.com',0,NULL,NULL,NULL,NULL,NULL,'e10adc3949ba59abbe56e057f20f883e',NULL,1,NULL,NULL,0,NULL,NULL,NULL,NULL,NULL,0,NULL),(301,NULL,NULL,NULL,NULL,NULL,NULL,NULL,'+84123456789','215215294',NULL,NULL,NULL,'Golda','Spencer',NULL,0,'215215294','Wanda.Upton@gmail.com',0,NULL,NULL,NULL,NULL,NULL,'e10adc3949ba59abbe56e057f20f883e',NULL,1,NULL,NULL,0,NULL,NULL,NULL,NULL,NULL,0,NULL),(302,NULL,NULL,NULL,NULL,NULL,NULL,NULL,'+84123456789','215215295',NULL,NULL,NULL,'Euna','Miller',NULL,0,'215215295','Jailyn.Ebert52@hotmail.com',0,NULL,NULL,NULL,NULL,NULL,'e10adc3949ba59abbe56e057f20f883e',NULL,1,NULL,NULL,0,NULL,NULL,NULL,NULL,NULL,0,NULL),(303,NULL,NULL,NULL,NULL,NULL,NULL,NULL,'+84123456789','215215296',NULL,NULL,NULL,'Elwin','Brakus',NULL,0,'215215296','Wayne27@hotmail.com',0,NULL,NULL,NULL,NULL,NULL,'e10adc3949ba59abbe56e057f20f883e',NULL,1,NULL,NULL,0,NULL,NULL,NULL,NULL,NULL,0,NULL),(304,NULL,NULL,NULL,NULL,NULL,NULL,NULL,'+84123456789','215215297',NULL,NULL,NULL,'Chelsie','Mante',NULL,0,'215215297','Amina12@yahoo.com',0,NULL,NULL,NULL,NULL,NULL,'e10adc3949ba59abbe56e057f20f883e',NULL,1,NULL,NULL,0,NULL,NULL,NULL,NULL,NULL,0,NULL),(305,NULL,NULL,NULL,NULL,NULL,NULL,NULL,'+84123456789','215215298',NULL,NULL,NULL,'Krystel','Vandervort',NULL,0,'215215298','Curt4@gmail.com',0,NULL,NULL,NULL,NULL,NULL,'e10adc3949ba59abbe56e057f20f883e',NULL,1,NULL,NULL,0,NULL,NULL,NULL,NULL,NULL,0,NULL),(306,NULL,NULL,NULL,NULL,NULL,NULL,NULL,'+84123456789','215215299',NULL,NULL,NULL,'Alvah','Goyette',NULL,0,'215215299','Orlo.Moore@yahoo.com',0,NULL,NULL,NULL,NULL,NULL,'e10adc3949ba59abbe56e057f20f883e',NULL,1,NULL,NULL,0,NULL,NULL,NULL,NULL,NULL,0,NULL),(307,NULL,NULL,NULL,NULL,NULL,NULL,NULL,'+84123456789','215215300',NULL,NULL,NULL,'Nathaniel','Mueller',NULL,0,'215215300','Justyn.Goyette@hotmail.com',0,NULL,NULL,NULL,NULL,NULL,'e10adc3949ba59abbe56e057f20f883e',NULL,1,NULL,NULL,0,NULL,NULL,NULL,NULL,NULL,0,NULL),(308,NULL,1,1,1,1,NULL,NULL,'+84123456789','215215301',NULL,NULL,NULL,'Lea','Padberg',NULL,0,'215215301','Gregoria_Gleason@yahoo.com',0,NULL,NULL,NULL,NULL,NULL,'e10adc3949ba59abbe56e057f20f883e',NULL,1,NULL,NULL,0,NULL,NULL,NULL,NULL,NULL,0,NULL),(309,NULL,1,1,1,1,NULL,NULL,'+84123456789','215215302',NULL,NULL,NULL,'Mariane','Rath',NULL,0,'215215302','Pansy_Hermann28@hotmail.com',0,NULL,NULL,NULL,NULL,NULL,'e10adc3949ba59abbe56e057f20f883e',NULL,1,NULL,NULL,0,NULL,NULL,NULL,NULL,NULL,0,NULL),(310,NULL,1,1,1,1,NULL,NULL,'+84123456789','215215303',NULL,NULL,NULL,'Bonnie','Carroll',NULL,0,'215215303','Ocie.Littel@gmail.com',0,NULL,NULL,NULL,NULL,NULL,'e10adc3949ba59abbe56e057f20f883e',NULL,1,NULL,NULL,0,NULL,NULL,NULL,NULL,NULL,0,NULL),(311,NULL,1,1,1,1,NULL,NULL,'+84123456789','215215304',NULL,NULL,NULL,'Sterling','Kozey',NULL,0,'215215304','Aaliyah_Stehr36@yahoo.com',0,NULL,NULL,NULL,NULL,NULL,'e10adc3949ba59abbe56e057f20f883e',NULL,1,NULL,NULL,0,NULL,NULL,NULL,NULL,NULL,0,NULL),(312,NULL,1,1,1,1,NULL,NULL,'+84123456789','215215305',NULL,NULL,NULL,'Percival','Dietrich',NULL,0,'215215305','Tyra_Bruen@gmail.com',0,NULL,NULL,NULL,NULL,NULL,'e10adc3949ba59abbe56e057f20f883e',NULL,1,NULL,NULL,0,NULL,NULL,NULL,NULL,NULL,0,NULL),(313,NULL,1,1,1,1,NULL,NULL,'+84123456789','215215306',NULL,NULL,NULL,'Leilani','Buckridge',NULL,0,'215215306','Arthur97@yahoo.com',0,NULL,NULL,NULL,NULL,NULL,'e10adc3949ba59abbe56e057f20f883e',NULL,1,NULL,NULL,0,NULL,NULL,NULL,NULL,NULL,0,NULL),(314,NULL,1,1,1,1,NULL,NULL,'+84123456789','215215307',NULL,NULL,NULL,'Jayden','Skiles',NULL,0,'215215307','Leatha.Mayer25@yahoo.com',0,NULL,NULL,NULL,NULL,NULL,'e10adc3949ba59abbe56e057f20f883e',NULL,1,NULL,NULL,0,NULL,NULL,NULL,NULL,NULL,0,NULL),(315,NULL,1,1,1,1,NULL,NULL,'+84123456789','215215308',NULL,NULL,NULL,'Christina','Dietrich',NULL,0,'215215308','Monserrate_Abernathy11@gmail.com',0,NULL,NULL,NULL,NULL,NULL,'e10adc3949ba59abbe56e057f20f883e',NULL,1,NULL,NULL,0,NULL,NULL,NULL,NULL,NULL,0,NULL),(316,NULL,1,1,1,1,NULL,NULL,'+84123456789','215215309',NULL,NULL,NULL,'Annetta','Zboncak',NULL,0,'215215309','Colin82@gmail.com',0,NULL,NULL,NULL,NULL,NULL,'e10adc3949ba59abbe56e057f20f883e',NULL,1,NULL,NULL,0,NULL,NULL,NULL,NULL,NULL,0,NULL),(317,NULL,1,1,1,1,NULL,NULL,'+84123456789','215215310',NULL,NULL,NULL,'Ottilie','Smith',NULL,0,'215215310','Vernice.Kuphal@yahoo.com',0,NULL,NULL,NULL,NULL,NULL,'e10adc3949ba59abbe56e057f20f883e',NULL,1,NULL,NULL,0,NULL,NULL,NULL,NULL,NULL,0,NULL),(318,NULL,1,1,1,1,NULL,NULL,'+84123456789','215215311',NULL,NULL,NULL,'Carlos','Koch',NULL,0,'215215311','Beth.Von66@hotmail.com',0,NULL,NULL,NULL,NULL,NULL,'e10adc3949ba59abbe56e057f20f883e',NULL,1,NULL,NULL,0,NULL,NULL,NULL,NULL,NULL,0,NULL),(319,NULL,1,1,1,1,NULL,NULL,'+84123456789','215215312',NULL,NULL,NULL,'Tamia','Dibbert',NULL,0,'215215312','Jaquan_Murazik7@hotmail.com',0,NULL,NULL,NULL,NULL,NULL,'e10adc3949ba59abbe56e057f20f883e',NULL,1,NULL,NULL,0,NULL,NULL,NULL,NULL,NULL,0,NULL),(320,NULL,1,1,1,1,NULL,NULL,'+84123456789','215215313',NULL,NULL,NULL,'Orin','Balistreri',NULL,0,'215215313','Jimmy51@gmail.com',0,NULL,NULL,NULL,NULL,NULL,'e10adc3949ba59abbe56e057f20f883e',NULL,1,NULL,NULL,0,NULL,NULL,NULL,NULL,NULL,0,NULL),(321,NULL,1,1,1,1,NULL,NULL,'+84123456789','215215314',NULL,NULL,NULL,'Jocelyn','Effertz',NULL,0,'215215314','Vito_Wunsch14@hotmail.com',0,NULL,NULL,NULL,NULL,NULL,'e10adc3949ba59abbe56e057f20f883e',NULL,1,NULL,NULL,0,NULL,NULL,NULL,NULL,NULL,0,NULL),(322,NULL,1,1,1,1,NULL,NULL,'+84123456789','215215315',NULL,NULL,NULL,'Chester','Johnson',NULL,0,'215215315','Jayde.Welch@hotmail.com',0,NULL,NULL,NULL,NULL,NULL,'e10adc3949ba59abbe56e057f20f883e',NULL,1,NULL,NULL,0,NULL,NULL,NULL,NULL,NULL,0,NULL),(323,NULL,1,1,1,1,NULL,NULL,'+84123456789','215215316',NULL,NULL,NULL,'Nels','Block',NULL,0,'215215316','Sheridan83@hotmail.com',0,NULL,NULL,NULL,NULL,NULL,'e10adc3949ba59abbe56e057f20f883e',NULL,1,NULL,NULL,0,NULL,NULL,NULL,NULL,NULL,0,NULL),(324,NULL,1,1,1,1,NULL,NULL,'+84123456789','215215317',NULL,NULL,NULL,'Jennyfer','Breitenberg',NULL,0,'215215317','Bertrand12@hotmail.com',0,NULL,NULL,NULL,NULL,NULL,'e10adc3949ba59abbe56e057f20f883e',NULL,1,NULL,NULL,0,NULL,NULL,NULL,NULL,NULL,0,NULL),(325,NULL,1,1,1,1,NULL,NULL,'+84123456789','215215318',NULL,NULL,NULL,'Cooper','Kautzer',NULL,0,'215215318','Jarrett94@yahoo.com',0,NULL,NULL,NULL,NULL,NULL,'e10adc3949ba59abbe56e057f20f883e',NULL,1,NULL,NULL,0,NULL,NULL,NULL,NULL,NULL,0,NULL),(326,NULL,1,1,1,1,NULL,NULL,'+84123456789','215215319',NULL,NULL,NULL,'Eladio','Price',NULL,0,'215215319','Laury_Mann@yahoo.com',0,NULL,NULL,NULL,NULL,NULL,'e10adc3949ba59abbe56e057f20f883e',NULL,1,NULL,NULL,0,NULL,NULL,NULL,NULL,NULL,0,NULL),(327,NULL,1,1,1,1,NULL,NULL,'+84123456789','215215320',NULL,NULL,NULL,'Jane','Tromp',NULL,0,'215215320','Filomena56@gmail.com',0,NULL,NULL,NULL,NULL,NULL,'e10adc3949ba59abbe56e057f20f883e',NULL,1,NULL,NULL,0,NULL,NULL,NULL,NULL,NULL,0,NULL),(328,NULL,1,1,1,1,NULL,NULL,'+84123456789','215215321',NULL,NULL,NULL,'Gwendolyn','Boehm',NULL,0,'215215321','Cynthia_Leuschke53@yahoo.com',0,NULL,NULL,NULL,NULL,NULL,'e10adc3949ba59abbe56e057f20f883e',NULL,1,NULL,NULL,0,NULL,NULL,NULL,NULL,NULL,0,NULL),(329,NULL,1,1,1,1,NULL,NULL,'+84123456789','215215322',NULL,NULL,NULL,'Anika','Beatty',NULL,0,'215215322','Sonia81@yahoo.com',0,NULL,NULL,NULL,NULL,NULL,'e10adc3949ba59abbe56e057f20f883e',NULL,1,NULL,NULL,0,NULL,NULL,NULL,NULL,NULL,0,NULL),(330,NULL,1,1,1,1,NULL,NULL,'+84123456789','215215323',NULL,NULL,NULL,'Sigrid','Schmeler',NULL,0,'215215323','Lelia.Bernhard92@hotmail.com',0,NULL,NULL,NULL,NULL,NULL,'e10adc3949ba59abbe56e057f20f883e',NULL,1,NULL,NULL,0,NULL,NULL,NULL,NULL,NULL,0,NULL),(331,NULL,1,1,1,1,NULL,NULL,'+84123456789','215215324',NULL,NULL,NULL,'Emiliano','Hammes',NULL,0,'215215324','Elissa26@yahoo.com',0,NULL,NULL,NULL,NULL,NULL,'e10adc3949ba59abbe56e057f20f883e',NULL,1,NULL,NULL,0,NULL,NULL,NULL,NULL,NULL,0,NULL),(332,NULL,1,1,1,1,NULL,NULL,'+84123456789','215215325',NULL,NULL,NULL,'Hayley','Yundt',NULL,0,'215215325','Myriam.Kerluke@hotmail.com',0,NULL,NULL,NULL,NULL,NULL,'e10adc3949ba59abbe56e057f20f883e',NULL,1,NULL,NULL,0,NULL,NULL,NULL,NULL,NULL,0,NULL),(333,NULL,1,1,1,1,NULL,NULL,'+84123456789','215215326',NULL,NULL,NULL,'Syble','Bins',NULL,0,'215215326','Gavin_Marvin@hotmail.com',0,NULL,NULL,NULL,NULL,NULL,'e10adc3949ba59abbe56e057f20f883e',NULL,1,NULL,NULL,0,NULL,NULL,NULL,NULL,NULL,0,NULL),(334,NULL,1,1,1,1,NULL,NULL,'+84123456789','215215327',NULL,NULL,NULL,'Alison','Luettgen',NULL,0,'215215327','April17@hotmail.com',0,NULL,NULL,NULL,NULL,NULL,'e10adc3949ba59abbe56e057f20f883e',NULL,1,NULL,NULL,0,NULL,NULL,NULL,NULL,NULL,0,NULL),(335,NULL,1,1,1,1,NULL,NULL,'+84123456789','215215328',NULL,NULL,NULL,'Bernard','McDermott',NULL,0,'215215328','Julien_Kub@yahoo.com',0,NULL,NULL,NULL,NULL,NULL,'e10adc3949ba59abbe56e057f20f883e',NULL,1,NULL,NULL,0,NULL,NULL,NULL,NULL,NULL,0,NULL),(336,NULL,1,1,1,1,NULL,NULL,'+84123456789','215215329',NULL,NULL,NULL,'Baby','Jast',NULL,0,'215215329','Trever_Schmeler23@hotmail.com',0,NULL,NULL,NULL,NULL,NULL,'e10adc3949ba59abbe56e057f20f883e',NULL,1,NULL,NULL,0,NULL,NULL,NULL,NULL,NULL,0,NULL),(337,NULL,1,1,1,1,NULL,NULL,'+84123456789','215215330',NULL,NULL,NULL,'Rae','Ullrich',NULL,0,'215215330','Ken13@hotmail.com',0,NULL,NULL,NULL,NULL,NULL,'e10adc3949ba59abbe56e057f20f883e',NULL,1,NULL,NULL,0,NULL,NULL,NULL,NULL,NULL,0,NULL),(338,NULL,1,1,1,1,NULL,NULL,'+84123456789','215215331',NULL,NULL,NULL,'Melisa','Kunze',NULL,0,'215215331','Wanda.Schulist@yahoo.com',0,NULL,NULL,NULL,NULL,NULL,'e10adc3949ba59abbe56e057f20f883e',NULL,1,NULL,NULL,0,NULL,NULL,NULL,NULL,NULL,0,NULL),(339,NULL,1,1,1,1,NULL,NULL,'+84123456789','215215332',NULL,NULL,NULL,'Minerva','Fahey',NULL,0,'215215332','Marcellus34@hotmail.com',0,NULL,NULL,NULL,NULL,NULL,'e10adc3949ba59abbe56e057f20f883e',NULL,1,NULL,NULL,0,NULL,NULL,NULL,NULL,NULL,0,NULL),(340,NULL,1,1,1,1,NULL,NULL,'+84123456789','215215333',NULL,NULL,NULL,'Perry','Howell',NULL,0,'215215333','Nicolette.Anderson46@hotmail.com',0,NULL,NULL,NULL,NULL,NULL,'e10adc3949ba59abbe56e057f20f883e',NULL,1,NULL,NULL,0,NULL,NULL,NULL,NULL,NULL,0,NULL),(341,NULL,1,1,1,1,NULL,NULL,'+84123456789','215215334',NULL,NULL,NULL,'Krystina','Kuphal',NULL,0,'215215334','Brandon.Goodwin38@hotmail.com',0,NULL,NULL,NULL,NULL,NULL,'e10adc3949ba59abbe56e057f20f883e',NULL,1,NULL,NULL,0,NULL,NULL,NULL,NULL,NULL,0,NULL),(342,NULL,1,1,1,1,NULL,NULL,'+84123456789','215215335',NULL,NULL,NULL,'Otha','Rohan',NULL,0,'215215335','Vinnie.Krajcik@yahoo.com',0,NULL,NULL,NULL,NULL,NULL,'e10adc3949ba59abbe56e057f20f883e',NULL,1,NULL,NULL,0,NULL,NULL,NULL,NULL,NULL,0,NULL),(343,NULL,1,1,1,1,NULL,NULL,'+84123456789','215215336',NULL,NULL,NULL,'Ernestine','Ruecker',NULL,0,'215215336','Percival_Towne28@gmail.com',0,NULL,NULL,NULL,NULL,NULL,'e10adc3949ba59abbe56e057f20f883e',NULL,1,NULL,NULL,0,NULL,NULL,NULL,NULL,NULL,0,NULL),(344,NULL,1,1,1,1,NULL,NULL,'+84123456789','215215337',NULL,NULL,NULL,'Ole','Treutel',NULL,0,'215215337','Flavie_Zulauf@hotmail.com',0,NULL,NULL,NULL,NULL,NULL,'e10adc3949ba59abbe56e057f20f883e',NULL,1,NULL,NULL,0,NULL,NULL,NULL,NULL,NULL,0,NULL),(345,NULL,1,1,1,1,NULL,NULL,'+84123456789','215215338',NULL,NULL,NULL,'Zachery','Cummerata',NULL,0,'215215338','Fiona.Connelly0@gmail.com',0,NULL,NULL,NULL,NULL,NULL,'e10adc3949ba59abbe56e057f20f883e',NULL,1,NULL,NULL,0,NULL,NULL,NULL,NULL,NULL,0,NULL),(346,NULL,1,1,1,1,NULL,NULL,'+84123456789','215215339',NULL,NULL,NULL,'Trey','Jones',NULL,0,'215215339','Gerson_Daugherty@gmail.com',0,NULL,NULL,NULL,NULL,NULL,'e10adc3949ba59abbe56e057f20f883e',NULL,1,NULL,NULL,0,NULL,NULL,NULL,NULL,NULL,0,NULL),(347,NULL,1,1,1,1,NULL,NULL,'+84123456789','215215340',NULL,NULL,NULL,'Micah','Morissette',NULL,0,'215215340','Stefan.Price@hotmail.com',0,NULL,NULL,NULL,NULL,NULL,'e10adc3949ba59abbe56e057f20f883e',NULL,1,NULL,NULL,0,NULL,NULL,NULL,NULL,NULL,0,NULL),(348,NULL,1,1,1,1,NULL,NULL,'+84123456789','215215341',NULL,NULL,NULL,'Herbert','Bradtke',NULL,0,'215215341','Malachi_Trantow9@hotmail.com',0,NULL,NULL,NULL,NULL,NULL,'e10adc3949ba59abbe56e057f20f883e',NULL,1,NULL,NULL,0,NULL,NULL,NULL,NULL,NULL,0,NULL),(349,NULL,1,1,1,1,NULL,NULL,'+84123456789','215215342',NULL,NULL,NULL,'Rasheed','O\'Conner',NULL,0,'215215342','Gavin_Franecki28@hotmail.com',0,NULL,NULL,NULL,NULL,NULL,'e10adc3949ba59abbe56e057f20f883e',NULL,1,NULL,NULL,0,NULL,NULL,NULL,NULL,NULL,0,NULL),(350,NULL,1,1,1,1,NULL,NULL,'+84123456789','215215343',NULL,NULL,NULL,'Logan','Gorczany',NULL,0,'215215343','Junior_Bahringer@gmail.com',0,NULL,NULL,NULL,NULL,NULL,'e10adc3949ba59abbe56e057f20f883e',NULL,1,NULL,NULL,0,NULL,NULL,NULL,NULL,NULL,0,NULL),(351,NULL,1,1,1,1,NULL,NULL,'+84123456789','215215344',NULL,NULL,NULL,'Marcia','Bosco',NULL,0,'215215344','Edison.Bartell@hotmail.com',0,NULL,NULL,NULL,NULL,NULL,'e10adc3949ba59abbe56e057f20f883e',NULL,1,NULL,NULL,0,NULL,NULL,NULL,NULL,NULL,0,NULL),(352,NULL,1,1,1,1,NULL,NULL,'+84123456789','215215345',NULL,NULL,NULL,'Chyna','Howell',NULL,0,'215215345','Yessenia_Gleichner4@yahoo.com',0,NULL,NULL,NULL,NULL,NULL,'e10adc3949ba59abbe56e057f20f883e',NULL,1,NULL,NULL,0,NULL,NULL,NULL,NULL,NULL,0,NULL),(353,NULL,1,1,1,1,NULL,NULL,'+84123456789','215215346',NULL,NULL,NULL,'Laurianne','Davis',NULL,0,'215215346','Adrien_Morar@yahoo.com',0,NULL,NULL,NULL,NULL,NULL,'e10adc3949ba59abbe56e057f20f883e',NULL,1,NULL,NULL,0,NULL,NULL,NULL,NULL,NULL,0,NULL),(354,NULL,1,1,1,1,NULL,NULL,'+84123456789','215215347',NULL,NULL,NULL,'Brooke','Bins',NULL,0,'215215347','Janick.Runte56@yahoo.com',0,NULL,NULL,NULL,NULL,NULL,'e10adc3949ba59abbe56e057f20f883e',NULL,1,NULL,NULL,0,NULL,NULL,NULL,NULL,NULL,0,NULL),(355,NULL,1,1,1,1,NULL,NULL,'+84123456789','215215348',NULL,NULL,NULL,'Denis','Bartoletti',NULL,0,'215215348','Emiliano80@gmail.com',0,NULL,NULL,NULL,NULL,NULL,'e10adc3949ba59abbe56e057f20f883e',NULL,1,NULL,NULL,0,NULL,NULL,NULL,NULL,NULL,0,NULL),(356,NULL,1,1,1,1,NULL,NULL,'+84123456789','215215349',NULL,NULL,NULL,'Lelia','Collier',NULL,0,'215215349','Waylon59@yahoo.com',0,NULL,NULL,NULL,NULL,NULL,'e10adc3949ba59abbe56e057f20f883e',NULL,1,NULL,NULL,0,NULL,NULL,NULL,NULL,NULL,0,NULL),(357,NULL,1,1,1,1,NULL,NULL,'+84123456789','215215350',NULL,NULL,NULL,'Timmy','Durgan',NULL,0,'215215350','Una_Lowe46@yahoo.com',0,NULL,NULL,NULL,NULL,NULL,'e10adc3949ba59abbe56e057f20f883e',NULL,1,NULL,NULL,0,NULL,NULL,NULL,NULL,NULL,0,NULL),(358,NULL,1,1,1,1,NULL,NULL,'+84123456789','215215351',NULL,NULL,NULL,'Laurie','Muller',NULL,0,'215215351','Melyna.Luettgen@gmail.com',0,NULL,NULL,NULL,NULL,NULL,'e10adc3949ba59abbe56e057f20f883e',NULL,1,NULL,NULL,0,NULL,NULL,NULL,NULL,NULL,0,NULL),(359,NULL,1,1,1,1,NULL,NULL,'+84123456789','215215352',NULL,NULL,NULL,'Ozella','Doyle',NULL,0,'215215352','Isidro_Dooley@yahoo.com',0,NULL,NULL,NULL,NULL,NULL,'e10adc3949ba59abbe56e057f20f883e',NULL,1,NULL,NULL,0,NULL,NULL,NULL,NULL,NULL,0,NULL),(360,NULL,1,1,1,1,NULL,NULL,'+84123456789','215215353',NULL,NULL,NULL,'Fiona','West',NULL,0,'215215353','Reinhold95@gmail.com',0,NULL,NULL,NULL,NULL,NULL,'e10adc3949ba59abbe56e057f20f883e',NULL,1,NULL,NULL,0,NULL,NULL,NULL,NULL,NULL,0,NULL),(361,NULL,1,1,1,1,NULL,NULL,'+84123456789','215215354',NULL,NULL,NULL,'Opal','Bradtke',NULL,0,'215215354','Donnie_Thompson3@gmail.com',0,NULL,NULL,NULL,NULL,NULL,'e10adc3949ba59abbe56e057f20f883e',NULL,1,NULL,NULL,0,NULL,NULL,NULL,NULL,NULL,0,NULL),(362,NULL,1,1,1,1,NULL,NULL,'+84123456789','215215355',NULL,NULL,NULL,'Hettie','Hettinger',NULL,0,'215215355','Devyn78@yahoo.com',0,NULL,NULL,NULL,NULL,NULL,'e10adc3949ba59abbe56e057f20f883e',NULL,1,NULL,NULL,0,NULL,NULL,NULL,NULL,NULL,0,NULL),(363,NULL,1,1,1,1,NULL,NULL,'+84123456789','215215356',NULL,NULL,NULL,'Jesus','Thompson',NULL,0,'215215356','Tomas_Hermann18@gmail.com',0,NULL,NULL,NULL,NULL,NULL,'e10adc3949ba59abbe56e057f20f883e',NULL,1,NULL,NULL,0,NULL,NULL,NULL,NULL,NULL,0,NULL),(364,NULL,1,1,1,1,NULL,NULL,'+84123456789','215215357',NULL,NULL,NULL,'Eileen','White',NULL,0,'215215357','Larue.Quigley33@hotmail.com',0,NULL,NULL,NULL,NULL,NULL,'e10adc3949ba59abbe56e057f20f883e',NULL,1,NULL,NULL,0,NULL,NULL,NULL,NULL,NULL,0,NULL),(365,NULL,1,1,1,1,NULL,NULL,'+84123456789','215215358',NULL,NULL,NULL,'Alfonso','Jones',NULL,0,'215215358','Fernando29@hotmail.com',0,NULL,NULL,NULL,NULL,NULL,'e10adc3949ba59abbe56e057f20f883e',NULL,1,NULL,NULL,0,NULL,NULL,NULL,NULL,NULL,0,NULL),(366,NULL,1,1,1,1,NULL,NULL,'+84123456789','215215359',NULL,NULL,NULL,'Vance','Kshlerin',NULL,0,'215215359','Benton_Lynch@yahoo.com',0,NULL,NULL,NULL,NULL,NULL,'e10adc3949ba59abbe56e057f20f883e',NULL,1,NULL,NULL,0,NULL,NULL,NULL,NULL,NULL,0,NULL),(367,NULL,1,1,1,1,NULL,NULL,'+84123456789','215215360',NULL,NULL,NULL,'Eileen','Adams',NULL,0,'215215360','Sonya_Zieme37@gmail.com',0,NULL,NULL,NULL,NULL,NULL,'e10adc3949ba59abbe56e057f20f883e',NULL,1,NULL,NULL,0,NULL,NULL,NULL,NULL,NULL,0,NULL),(368,NULL,1,1,1,1,NULL,NULL,'+84123456789','215215361',NULL,NULL,NULL,'Cale','Mertz',NULL,0,'215215361','Berta.Hartmann@gmail.com',0,NULL,NULL,NULL,NULL,NULL,'e10adc3949ba59abbe56e057f20f883e',NULL,1,NULL,NULL,0,NULL,NULL,NULL,NULL,NULL,0,NULL),(369,NULL,1,1,1,1,NULL,NULL,'+84123456789','215215362',NULL,NULL,NULL,'Sunny','Connelly',NULL,0,'215215362','Anya74@gmail.com',0,NULL,NULL,NULL,NULL,NULL,'e10adc3949ba59abbe56e057f20f883e',NULL,1,NULL,NULL,0,NULL,NULL,NULL,NULL,NULL,0,NULL),(370,NULL,1,1,1,1,NULL,NULL,'+84123456789','215215363',NULL,NULL,NULL,'Colby','Willms',NULL,0,'215215363','Stefanie_Gutkowski11@hotmail.com',0,NULL,NULL,NULL,NULL,NULL,'e10adc3949ba59abbe56e057f20f883e',NULL,1,NULL,NULL,0,NULL,NULL,NULL,NULL,NULL,0,NULL),(371,NULL,1,1,1,1,NULL,NULL,'+84123456789','215215364',NULL,NULL,NULL,'Laverna','Vandervort',NULL,0,'215215364','Travis78@hotmail.com',0,NULL,NULL,NULL,NULL,NULL,'e10adc3949ba59abbe56e057f20f883e',NULL,1,NULL,NULL,0,NULL,NULL,NULL,NULL,NULL,0,NULL),(372,NULL,1,1,1,1,NULL,NULL,'+84123456789','215215365',NULL,NULL,NULL,'Vince','Jenkins',NULL,0,'215215365','Genoveva.Treutel@yahoo.com',0,NULL,NULL,NULL,NULL,NULL,'e10adc3949ba59abbe56e057f20f883e',NULL,1,NULL,NULL,0,NULL,NULL,NULL,NULL,NULL,0,NULL),(373,NULL,1,1,1,1,NULL,NULL,'+84123456789','215215366',NULL,NULL,NULL,'Roslyn','Kerluke',NULL,0,'215215366','Edgardo18@gmail.com',0,NULL,NULL,NULL,NULL,NULL,'e10adc3949ba59abbe56e057f20f883e',NULL,1,NULL,NULL,0,NULL,NULL,NULL,NULL,NULL,0,NULL),(374,NULL,1,1,1,1,NULL,NULL,'+84123456789','215215367',NULL,NULL,NULL,'Saige','Kulas',NULL,0,'215215367','Kelley.Pfannerstill@gmail.com',0,NULL,NULL,NULL,NULL,NULL,'e10adc3949ba59abbe56e057f20f883e',NULL,1,NULL,NULL,0,NULL,NULL,NULL,NULL,NULL,0,NULL),(375,NULL,1,1,1,1,NULL,NULL,'+84123456789','215215368',NULL,NULL,NULL,'Thad','Murazik',NULL,0,'215215368','Kyla_Konopelski91@hotmail.com',0,NULL,NULL,NULL,NULL,NULL,'e10adc3949ba59abbe56e057f20f883e',NULL,1,NULL,NULL,0,NULL,NULL,NULL,NULL,NULL,0,NULL),(376,NULL,1,1,1,1,NULL,NULL,'+84123456789','215215369',NULL,NULL,NULL,'Mya','Russel',NULL,0,'215215369','Monserrat.Conn@hotmail.com',0,NULL,NULL,NULL,NULL,NULL,'e10adc3949ba59abbe56e057f20f883e',NULL,1,NULL,NULL,0,NULL,NULL,NULL,NULL,NULL,0,NULL),(377,NULL,1,1,1,1,NULL,NULL,'+84123456789','215215370',NULL,NULL,NULL,'Ismael','Altenwerth',NULL,0,'215215370','Veda53@gmail.com',0,NULL,NULL,NULL,NULL,NULL,'e10adc3949ba59abbe56e057f20f883e',NULL,1,NULL,NULL,0,NULL,NULL,NULL,NULL,NULL,0,NULL),(378,NULL,1,1,1,1,NULL,NULL,'+84123456789','215215371',NULL,NULL,NULL,'Allene','Grimes',NULL,0,'215215371','Roxane.Emmerich37@hotmail.com',0,NULL,NULL,NULL,NULL,NULL,'e10adc3949ba59abbe56e057f20f883e',NULL,1,NULL,NULL,0,NULL,NULL,NULL,NULL,NULL,0,NULL),(379,NULL,1,1,1,1,NULL,NULL,'+84123456789','215215372',NULL,NULL,NULL,'Adele','Morar',NULL,0,'215215372','Shanel.Grimes11@yahoo.com',0,NULL,NULL,NULL,NULL,NULL,'e10adc3949ba59abbe56e057f20f883e',NULL,1,NULL,NULL,0,NULL,NULL,NULL,NULL,NULL,0,NULL),(380,NULL,1,1,1,1,NULL,NULL,'+84123456789','215215373',NULL,NULL,NULL,'Cloyd','Treutel',NULL,0,'215215373','Rickie.OConner35@hotmail.com',0,NULL,NULL,NULL,NULL,NULL,'e10adc3949ba59abbe56e057f20f883e',NULL,1,NULL,NULL,0,NULL,NULL,NULL,NULL,NULL,0,NULL),(381,NULL,1,1,1,1,NULL,NULL,'+84123456789','215215374',NULL,NULL,NULL,'Stephania','Grady',NULL,0,'215215374','Roman_Kemmer19@yahoo.com',0,NULL,NULL,NULL,NULL,NULL,'e10adc3949ba59abbe56e057f20f883e',NULL,1,NULL,NULL,0,NULL,NULL,NULL,NULL,NULL,0,NULL),(382,NULL,1,1,1,1,NULL,NULL,'+84123456789','215215375',NULL,NULL,NULL,'Trystan','Hessel',NULL,0,'215215375','Elena.Altenwerth45@yahoo.com',0,NULL,NULL,NULL,NULL,NULL,'e10adc3949ba59abbe56e057f20f883e',NULL,1,NULL,NULL,0,NULL,NULL,NULL,NULL,NULL,0,NULL),(383,NULL,1,1,1,1,NULL,NULL,'+84123456789','215215376',NULL,NULL,NULL,'Toney','Krajcik',NULL,0,'215215376','Gerda84@yahoo.com',0,NULL,NULL,NULL,NULL,NULL,'e10adc3949ba59abbe56e057f20f883e',NULL,1,NULL,NULL,0,NULL,NULL,NULL,NULL,NULL,0,NULL),(384,NULL,1,1,1,1,NULL,NULL,'+84123456789','215215377',NULL,NULL,NULL,'Anahi','Thompson',NULL,0,'215215377','Kali_Breitenberg82@gmail.com',0,NULL,NULL,NULL,NULL,NULL,'e10adc3949ba59abbe56e057f20f883e',NULL,1,NULL,NULL,0,NULL,NULL,NULL,NULL,NULL,0,NULL),(385,NULL,1,1,1,1,NULL,NULL,'+84123456789','215215378',NULL,NULL,NULL,'Darion','Price',NULL,0,'215215378','Modesta_Mills@hotmail.com',0,NULL,NULL,NULL,NULL,NULL,'e10adc3949ba59abbe56e057f20f883e',NULL,1,NULL,NULL,0,NULL,NULL,NULL,NULL,NULL,0,NULL),(386,NULL,1,1,1,1,NULL,NULL,'+84123456789','215215379',NULL,NULL,NULL,'Merlin','Schimmel',NULL,0,'215215379','Matteo.Trantow@yahoo.com',0,NULL,NULL,NULL,NULL,NULL,'e10adc3949ba59abbe56e057f20f883e',NULL,1,NULL,NULL,0,NULL,NULL,NULL,NULL,NULL,0,NULL),(387,NULL,1,1,1,1,NULL,NULL,'+84123456789','215215380',NULL,NULL,NULL,'Khalid','Pfeffer',NULL,0,'215215380','Darien.Torphy@hotmail.com',0,NULL,NULL,NULL,NULL,NULL,'e10adc3949ba59abbe56e057f20f883e',NULL,1,NULL,NULL,0,NULL,NULL,NULL,NULL,NULL,0,NULL),(388,NULL,1,1,1,1,NULL,NULL,'+84123456789','215215381',NULL,NULL,NULL,'Jacky','Hirthe',NULL,0,'215215381','Elissa_Muller70@yahoo.com',0,NULL,NULL,NULL,NULL,NULL,'e10adc3949ba59abbe56e057f20f883e',NULL,1,NULL,NULL,0,NULL,NULL,NULL,NULL,NULL,0,NULL),(389,NULL,1,1,1,1,NULL,NULL,'+84123456789','215215382',NULL,NULL,NULL,'Wava','Ortiz',NULL,0,'215215382','Marlin_Grimes10@yahoo.com',0,NULL,NULL,NULL,NULL,NULL,'e10adc3949ba59abbe56e057f20f883e',NULL,1,NULL,NULL,0,NULL,NULL,NULL,NULL,NULL,0,NULL),(390,NULL,1,1,1,1,NULL,NULL,'+84123456789','215215383',NULL,NULL,NULL,'Alessia','Mayert',NULL,0,'215215383','Dolly_OConner88@hotmail.com',0,NULL,NULL,NULL,NULL,NULL,'e10adc3949ba59abbe56e057f20f883e',NULL,1,NULL,NULL,0,NULL,NULL,NULL,NULL,NULL,0,NULL),(391,NULL,1,1,1,1,NULL,NULL,'+84123456789','215215384',NULL,NULL,NULL,'Lemuel','Mayer',NULL,0,'215215384','Allan.Jast@yahoo.com',0,NULL,NULL,NULL,NULL,NULL,'e10adc3949ba59abbe56e057f20f883e',NULL,1,NULL,NULL,0,NULL,NULL,NULL,NULL,NULL,0,NULL),(392,NULL,1,1,1,1,NULL,NULL,'+84123456789','215215385',NULL,NULL,NULL,'Moises','Stokes',NULL,0,'215215385','Lance_Lebsack1@yahoo.com',0,NULL,NULL,NULL,NULL,NULL,'e10adc3949ba59abbe56e057f20f883e',NULL,1,NULL,NULL,0,NULL,NULL,NULL,NULL,NULL,0,NULL),(393,NULL,1,1,1,1,NULL,NULL,'+84123456789','215215386',NULL,NULL,NULL,'Geo','Morar',NULL,0,'215215386','Ashlynn.Wuckert@yahoo.com',0,NULL,NULL,NULL,NULL,NULL,'e10adc3949ba59abbe56e057f20f883e',NULL,1,NULL,NULL,0,NULL,NULL,NULL,NULL,NULL,0,NULL),(394,NULL,1,1,1,1,NULL,NULL,'+84123456789','215215387',NULL,NULL,NULL,'Myrl','Bradtke',NULL,0,'215215387','Odie.Mante@gmail.com',0,NULL,NULL,NULL,NULL,NULL,'e10adc3949ba59abbe56e057f20f883e',NULL,1,NULL,NULL,0,NULL,NULL,NULL,NULL,NULL,0,NULL),(395,NULL,1,1,1,1,NULL,NULL,'+84123456789','215215388',NULL,NULL,NULL,'Darius','Price',NULL,0,'215215388','Ladarius16@yahoo.com',0,NULL,NULL,NULL,NULL,NULL,'e10adc3949ba59abbe56e057f20f883e',NULL,1,NULL,NULL,0,NULL,NULL,NULL,NULL,NULL,0,NULL),(396,NULL,1,1,1,1,NULL,NULL,'+84123456789','215215389',NULL,NULL,NULL,'Owen','Willms',NULL,0,'215215389','Greg_Bayer71@gmail.com',0,NULL,NULL,NULL,NULL,NULL,'e10adc3949ba59abbe56e057f20f883e',NULL,1,NULL,NULL,0,NULL,NULL,NULL,NULL,NULL,0,NULL),(397,NULL,1,1,1,1,NULL,NULL,'+84123456789','215215390',NULL,NULL,NULL,'Dustin','Simonis',NULL,0,'215215390','Dortha.Reichel@hotmail.com',0,NULL,NULL,NULL,NULL,NULL,'e10adc3949ba59abbe56e057f20f883e',NULL,1,NULL,NULL,0,NULL,NULL,NULL,NULL,NULL,0,NULL),(398,NULL,1,1,1,1,NULL,NULL,'+84123456789','215215391',NULL,NULL,NULL,'Shanie','Jacobs',NULL,0,'215215391','Jany_Wolff@gmail.com',0,NULL,NULL,NULL,NULL,NULL,'e10adc3949ba59abbe56e057f20f883e',NULL,1,NULL,NULL,0,NULL,NULL,NULL,NULL,NULL,0,NULL),(399,NULL,1,1,1,1,NULL,NULL,'+84123456789','215215392',NULL,NULL,NULL,'Mya','White',NULL,0,'215215392','Daron_Batz@hotmail.com',0,NULL,NULL,NULL,NULL,NULL,'e10adc3949ba59abbe56e057f20f883e',NULL,1,NULL,NULL,0,NULL,NULL,NULL,NULL,NULL,0,NULL),(400,NULL,1,1,1,1,NULL,NULL,'+84123456789','215215393',NULL,NULL,NULL,'Irma','McKenzie',NULL,0,'215215393','Gianni.Ortiz@yahoo.com',0,NULL,NULL,NULL,NULL,NULL,'e10adc3949ba59abbe56e057f20f883e',NULL,1,NULL,NULL,0,NULL,NULL,NULL,NULL,NULL,0,NULL),(401,NULL,1,1,1,1,NULL,NULL,'+84123456789','215215394',NULL,NULL,NULL,'Hazle','Marvin',NULL,0,'215215394','Monserrat30@yahoo.com',0,NULL,NULL,NULL,NULL,NULL,'e10adc3949ba59abbe56e057f20f883e',NULL,1,NULL,NULL,0,NULL,NULL,NULL,NULL,NULL,0,NULL),(402,NULL,1,1,1,1,NULL,NULL,'+84123456789','215215395',NULL,NULL,NULL,'Akeem','Bradtke',NULL,0,'215215395','Coty.Wiegand45@gmail.com',0,NULL,NULL,NULL,NULL,NULL,'e10adc3949ba59abbe56e057f20f883e',NULL,1,NULL,NULL,0,NULL,NULL,NULL,NULL,NULL,0,NULL),(403,NULL,1,1,1,1,NULL,NULL,'+84123456789','215215396',NULL,NULL,NULL,'Major','Schiller',NULL,0,'215215396','Donald18@hotmail.com',0,NULL,NULL,NULL,NULL,NULL,'e10adc3949ba59abbe56e057f20f883e',NULL,1,NULL,NULL,0,NULL,NULL,NULL,NULL,NULL,0,NULL),(404,NULL,1,1,1,1,NULL,NULL,'+84123456789','215215397',NULL,NULL,NULL,'Quinton','Smith',NULL,0,'215215397','Aisha_Hammes@yahoo.com',0,NULL,NULL,NULL,NULL,NULL,'e10adc3949ba59abbe56e057f20f883e',NULL,1,NULL,NULL,0,NULL,NULL,NULL,NULL,NULL,0,NULL),(405,NULL,1,1,1,1,NULL,NULL,'+84123456789','215215398',NULL,NULL,NULL,'Gillian','Sawayn',NULL,0,'215215398','Valentina.Schultz82@hotmail.com',0,NULL,NULL,NULL,NULL,NULL,'e10adc3949ba59abbe56e057f20f883e',NULL,1,NULL,NULL,0,NULL,NULL,NULL,NULL,NULL,0,NULL),(406,NULL,1,1,1,1,NULL,NULL,'+84123456789','215215399',NULL,NULL,NULL,'Lew','Koss',NULL,0,'215215399','Deangelo.Dach87@gmail.com',0,NULL,NULL,NULL,NULL,NULL,'e10adc3949ba59abbe56e057f20f883e',NULL,1,NULL,NULL,0,NULL,NULL,NULL,NULL,NULL,0,NULL),(407,NULL,1,1,1,1,NULL,NULL,'+84123456789','215215400',NULL,NULL,NULL,'Sabryna','Price',NULL,0,'215215400','Rhiannon_Greenfelder67@yahoo.com',0,NULL,NULL,NULL,NULL,NULL,'e10adc3949ba59abbe56e057f20f883e',NULL,1,NULL,NULL,0,NULL,NULL,NULL,NULL,NULL,0,NULL);
/*!40000 ALTER TABLE `account` ENABLE KEYS */;
UNLOCK TABLES;

--
-- Table structure for table `account_block_time`
--

DROP TABLE IF EXISTS `account_block_time`;
/*!40101 SET @saved_cs_client     = @@character_set_client */;
/*!40101 SET character_set_client = utf8 */;
CREATE TABLE `account_block_time` (
  `id` int(11) NOT NULL AUTO_INCREMENT,
  `account_id` int(11) NOT NULL,
  `begin` datetime NOT NULL,
  `length` int(11) NOT NULL,
  `is_deleted` tinyint(1) NOT NULL DEFAULT '0',
  PRIMARY KEY (`id`),
  UNIQUE KEY `account_id` (`account_id`) USING BTREE,
  KEY `account_block_time_index_begin_end` (`account_id`,`begin`) USING BTREE,
  CONSTRAINT `fk_account_block_time_account_id_account_id` FOREIGN KEY (`account_id`) REFERENCES `account` (`id`)
) ENGINE=InnoDB AUTO_INCREMENT=2 DEFAULT CHARSET=utf8;
/*!40101 SET character_set_client = @saved_cs_client */;

--
-- Dumping data for table `account_block_time`
--

LOCK TABLES `account_block_time` WRITE;
/*!40000 ALTER TABLE `account_block_time` DISABLE KEYS */;
INSERT INTO `account_block_time` VALUES (1,1,'2016-04-20 00:00:00',600,0);
/*!40000 ALTER TABLE `account_block_time` ENABLE KEYS */;
UNLOCK TABLES;

--
-- Table structure for table `account_role`
--

DROP TABLE IF EXISTS `account_role`;
/*!40101 SET @saved_cs_client     = @@character_set_client */;
/*!40101 SET character_set_client = utf8 */;
CREATE TABLE `account_role` (
  `id` int(11) NOT NULL AUTO_INCREMENT,
  `role_id` int(11) NOT NULL,
  `account_id` int(11) NOT NULL,
  `is_deleted` tinyint(1) DEFAULT '0',
  `created_by` int(11) DEFAULT NULL,
  `created_datetime` bigint(20) DEFAULT NULL,
  `last_updated_by` int(11) DEFAULT NULL,
  `last_updated` bigint(20) DEFAULT NULL,
  PRIMARY KEY (`id`),
  KEY `fk_account_role_account_idx` (`account_id`),
  KEY `fk_account_role_role_idx` (`role_id`),
  CONSTRAINT `fk_account_role_account` FOREIGN KEY (`account_id`) REFERENCES `account` (`id`) ON DELETE NO ACTION ON UPDATE NO ACTION,
  CONSTRAINT `fk_account_role_role` FOREIGN KEY (`role_id`) REFERENCES `role` (`id`) ON DELETE NO ACTION ON UPDATE NO ACTION
) ENGINE=InnoDB AUTO_INCREMENT=819 DEFAULT CHARSET=utf8;
/*!40101 SET character_set_client = @saved_cs_client */;

--
-- Dumping data for table `account_role`
--

LOCK TABLES `account_role` WRITE;
/*!40000 ALTER TABLE `account_role` DISABLE KEYS */;
INSERT INTO `account_role` VALUES (1,1,1,0,NULL,NULL,NULL,NULL),(2,2,1,0,NULL,NULL,NULL,NULL),(3,3,2,0,NULL,NULL,NULL,NULL),(4,3,3,0,NULL,NULL,NULL,NULL),(5,3,4,0,NULL,NULL,NULL,NULL),(6,3,5,0,NULL,NULL,NULL,NULL),(7,3,6,0,NULL,NULL,NULL,NULL),(8,2,2,0,NULL,NULL,NULL,NULL),(9,2,3,0,NULL,NULL,NULL,NULL),(10,2,4,0,NULL,NULL,NULL,NULL),(11,2,5,0,NULL,NULL,NULL,NULL),(12,2,8,0,NULL,NULL,NULL,NULL),(13,2,9,0,NULL,NULL,NULL,NULL),(14,2,10,0,NULL,NULL,NULL,NULL),(15,2,11,0,NULL,NULL,NULL,NULL),(16,2,12,0,NULL,NULL,NULL,NULL),(17,2,13,0,NULL,NULL,NULL,NULL),(19,2,8,0,NULL,NULL,NULL,NULL),(20,2,9,0,NULL,NULL,NULL,NULL),(21,2,10,0,NULL,NULL,NULL,NULL),(22,2,11,0,NULL,NULL,NULL,NULL),(23,2,12,0,NULL,NULL,NULL,NULL),(24,2,13,0,NULL,NULL,NULL,NULL),(26,2,8,0,NULL,NULL,NULL,NULL),(27,2,9,0,NULL,NULL,NULL,NULL),(28,2,10,0,NULL,NULL,NULL,NULL),(29,2,11,0,NULL,NULL,NULL,NULL),(30,2,12,0,NULL,NULL,NULL,NULL),(31,2,13,0,NULL,NULL,NULL,NULL),(33,2,8,0,NULL,NULL,NULL,NULL),(34,2,9,0,NULL,NULL,NULL,NULL),(35,2,10,0,NULL,NULL,NULL,NULL),(36,2,11,0,NULL,NULL,NULL,NULL),(37,2,12,0,NULL,NULL,NULL,NULL),(38,2,13,0,NULL,NULL,NULL,NULL),(40,2,8,0,NULL,NULL,NULL,NULL),(41,2,9,0,NULL,NULL,NULL,NULL),(42,2,10,0,NULL,NULL,NULL,NULL),(43,2,11,0,NULL,NULL,NULL,NULL),(44,2,12,0,NULL,NULL,NULL,NULL),(45,2,13,0,NULL,NULL,NULL,NULL),(46,2,14,0,NULL,NULL,NULL,NULL),(47,2,15,0,NULL,NULL,NULL,NULL),(48,2,16,0,NULL,NULL,NULL,NULL),(49,2,17,0,NULL,NULL,NULL,NULL),(50,2,18,0,NULL,NULL,NULL,NULL),(51,2,19,0,NULL,NULL,NULL,NULL),(52,2,20,0,NULL,NULL,NULL,NULL),(53,2,21,0,NULL,NULL,NULL,NULL),(54,2,22,0,NULL,NULL,NULL,NULL),(55,2,23,0,NULL,NULL,NULL,NULL),(56,2,24,0,NULL,NULL,NULL,NULL),(57,2,25,0,NULL,NULL,NULL,NULL),(58,2,26,0,NULL,NULL,NULL,NULL),(59,2,27,0,NULL,NULL,NULL,NULL),(60,2,28,0,NULL,NULL,NULL,NULL),(61,2,29,0,NULL,NULL,NULL,NULL),(62,2,30,0,NULL,NULL,NULL,NULL),(63,2,31,0,NULL,NULL,NULL,NULL),(64,2,32,0,NULL,NULL,NULL,NULL),(65,2,33,0,NULL,NULL,NULL,NULL),(66,2,34,0,NULL,NULL,NULL,NULL),(67,2,35,0,NULL,NULL,NULL,NULL),(68,2,36,0,NULL,NULL,NULL,NULL),(69,2,37,0,NULL,NULL,NULL,NULL),(70,2,38,0,NULL,NULL,NULL,NULL),(71,2,39,0,NULL,NULL,NULL,NULL),(72,2,40,0,NULL,NULL,NULL,NULL),(73,2,41,0,NULL,NULL,NULL,NULL),(74,2,42,0,NULL,NULL,NULL,NULL),(75,2,43,0,NULL,NULL,NULL,NULL),(76,2,44,0,NULL,NULL,NULL,NULL),(77,2,45,0,NULL,NULL,NULL,NULL),(78,2,46,0,NULL,NULL,NULL,NULL),(79,2,47,0,NULL,NULL,NULL,NULL),(80,2,48,0,NULL,NULL,NULL,NULL),(81,2,49,0,NULL,NULL,NULL,NULL),(82,2,50,0,NULL,NULL,NULL,NULL),(83,2,51,0,NULL,NULL,NULL,NULL),(84,2,52,0,NULL,NULL,NULL,NULL),(85,2,53,0,NULL,NULL,NULL,NULL),(86,2,54,0,NULL,NULL,NULL,NULL),(87,2,55,0,NULL,NULL,NULL,NULL),(88,2,56,0,NULL,NULL,NULL,NULL),(89,2,57,0,NULL,NULL,NULL,NULL),(90,2,58,0,NULL,NULL,NULL,NULL),(91,2,59,0,NULL,NULL,NULL,NULL),(92,2,60,0,NULL,NULL,NULL,NULL),(93,2,61,0,NULL,NULL,NULL,NULL),(94,2,62,0,NULL,NULL,NULL,NULL),(95,2,63,0,NULL,NULL,NULL,NULL),(96,2,64,0,NULL,NULL,NULL,NULL),(97,2,65,0,NULL,NULL,NULL,NULL),(98,2,66,0,NULL,NULL,NULL,NULL),(99,2,67,0,NULL,NULL,NULL,NULL),(100,2,68,0,NULL,NULL,NULL,NULL),(101,2,69,0,NULL,NULL,NULL,NULL),(102,2,70,0,NULL,NULL,NULL,NULL),(103,2,71,0,NULL,NULL,NULL,NULL),(104,2,72,0,NULL,NULL,NULL,NULL),(105,2,73,0,NULL,NULL,NULL,NULL),(106,2,74,0,NULL,NULL,NULL,NULL),(107,2,75,0,NULL,NULL,NULL,NULL),(108,2,76,0,NULL,NULL,NULL,NULL),(109,2,77,0,NULL,NULL,NULL,NULL),(110,2,78,0,NULL,NULL,NULL,NULL),(111,2,79,0,NULL,NULL,NULL,NULL),(112,2,80,0,NULL,NULL,NULL,NULL),(113,2,81,0,NULL,NULL,NULL,NULL),(114,2,82,0,NULL,NULL,NULL,NULL),(115,2,83,0,NULL,NULL,NULL,NULL),(116,2,84,0,NULL,NULL,NULL,NULL),(117,2,85,0,NULL,NULL,NULL,NULL),(118,2,86,0,NULL,NULL,NULL,NULL),(119,2,87,0,NULL,NULL,NULL,NULL),(120,2,88,0,NULL,NULL,NULL,NULL),(121,2,89,0,NULL,NULL,NULL,NULL),(122,2,90,0,NULL,NULL,NULL,NULL),(123,2,91,0,NULL,NULL,NULL,NULL),(124,2,92,0,NULL,NULL,NULL,NULL),(125,2,93,0,NULL,NULL,NULL,NULL),(126,2,94,0,NULL,NULL,NULL,NULL),(127,2,95,0,NULL,NULL,NULL,NULL),(128,2,96,0,NULL,NULL,NULL,NULL),(129,2,97,0,NULL,NULL,NULL,NULL),(130,2,98,0,NULL,NULL,NULL,NULL),(131,2,99,0,NULL,NULL,NULL,NULL),(132,2,100,0,NULL,NULL,NULL,NULL),(133,2,101,0,NULL,NULL,NULL,NULL),(134,2,102,0,NULL,NULL,NULL,NULL),(135,2,103,0,NULL,NULL,NULL,NULL),(136,2,104,0,NULL,NULL,NULL,NULL),(137,2,105,0,NULL,NULL,NULL,NULL),(138,2,106,0,NULL,NULL,NULL,NULL),(139,2,107,0,NULL,NULL,NULL,NULL),(140,2,108,0,NULL,NULL,NULL,NULL),(141,2,109,0,NULL,NULL,NULL,NULL),(142,2,110,0,NULL,NULL,NULL,NULL),(143,2,111,0,NULL,NULL,NULL,NULL),(144,2,112,0,NULL,NULL,NULL,NULL),(145,2,113,0,NULL,NULL,NULL,NULL),(146,2,114,0,NULL,NULL,NULL,NULL),(147,2,115,0,NULL,NULL,NULL,NULL),(148,2,116,0,NULL,NULL,NULL,NULL),(149,2,117,0,NULL,NULL,NULL,NULL),(150,2,118,0,NULL,NULL,NULL,NULL),(151,2,119,0,NULL,NULL,NULL,NULL),(152,2,120,0,NULL,NULL,NULL,NULL),(153,2,121,0,NULL,NULL,NULL,NULL),(154,2,3,0,NULL,NULL,NULL,NULL),(155,2,122,0,NULL,NULL,NULL,NULL),(157,2,4,0,NULL,NULL,NULL,NULL),(158,2,123,0,NULL,NULL,NULL,NULL),(160,2,5,0,NULL,NULL,NULL,NULL),(161,2,124,0,NULL,NULL,NULL,NULL),(163,2,6,0,NULL,NULL,NULL,NULL),(164,2,125,0,NULL,NULL,NULL,NULL),(166,2,126,0,NULL,NULL,NULL,NULL),(167,2,127,0,NULL,NULL,NULL,NULL),(168,2,128,0,NULL,NULL,NULL,NULL),(169,2,129,0,NULL,NULL,NULL,NULL),(170,2,130,0,NULL,NULL,NULL,NULL),(171,2,131,0,NULL,NULL,NULL,NULL),(172,2,132,0,NULL,NULL,NULL,NULL),(173,2,133,0,NULL,NULL,NULL,NULL),(174,2,134,0,NULL,NULL,NULL,NULL),(175,2,135,0,NULL,NULL,NULL,NULL),(176,2,136,0,NULL,NULL,NULL,NULL),(177,2,137,0,NULL,NULL,NULL,NULL),(178,2,138,0,NULL,NULL,NULL,NULL),(179,2,139,0,NULL,NULL,NULL,NULL),(180,2,140,0,NULL,NULL,NULL,NULL),(181,2,141,0,NULL,NULL,NULL,NULL),(182,2,142,0,NULL,NULL,NULL,NULL),(183,2,143,0,NULL,NULL,NULL,NULL),(184,2,144,0,NULL,NULL,NULL,NULL),(185,2,145,0,NULL,NULL,NULL,NULL),(186,2,146,0,NULL,NULL,NULL,NULL),(187,2,147,0,NULL,NULL,NULL,NULL),(188,2,148,0,NULL,NULL,NULL,NULL),(189,2,149,0,NULL,NULL,NULL,NULL),(190,2,150,0,NULL,NULL,NULL,NULL),(191,2,151,0,NULL,NULL,NULL,NULL),(192,2,152,0,NULL,NULL,NULL,NULL),(193,2,153,0,NULL,NULL,NULL,NULL),(194,2,154,0,NULL,NULL,NULL,NULL),(195,2,155,0,NULL,NULL,NULL,NULL),(196,2,156,0,NULL,NULL,NULL,NULL),(197,2,157,0,NULL,NULL,NULL,NULL),(198,2,158,0,NULL,NULL,NULL,NULL),(199,2,159,0,NULL,NULL,NULL,NULL),(200,2,160,0,NULL,NULL,NULL,NULL),(201,2,161,0,NULL,NULL,NULL,NULL),(202,2,162,0,NULL,NULL,NULL,NULL),(203,2,163,0,NULL,NULL,NULL,NULL),(204,2,164,0,NULL,NULL,NULL,NULL),(205,2,165,0,NULL,NULL,NULL,NULL),(206,2,166,0,NULL,NULL,NULL,NULL),(207,2,167,0,NULL,NULL,NULL,NULL),(208,2,168,0,NULL,NULL,NULL,NULL),(209,2,169,0,NULL,NULL,NULL,NULL),(210,2,170,0,NULL,NULL,NULL,NULL),(211,2,171,0,NULL,NULL,NULL,NULL),(212,2,172,0,NULL,NULL,NULL,NULL),(213,2,173,0,NULL,NULL,NULL,NULL),(214,2,174,0,NULL,NULL,NULL,NULL),(215,2,175,0,NULL,NULL,NULL,NULL),(216,2,176,0,NULL,NULL,NULL,NULL),(217,2,177,0,NULL,NULL,NULL,NULL),(218,2,178,0,NULL,NULL,NULL,NULL),(219,2,179,0,NULL,NULL,NULL,NULL),(220,2,180,0,NULL,NULL,NULL,NULL),(221,2,181,0,NULL,NULL,NULL,NULL),(222,2,182,0,NULL,NULL,NULL,NULL),(223,2,183,0,NULL,NULL,NULL,NULL),(224,2,184,0,NULL,NULL,NULL,NULL),(225,2,185,0,NULL,NULL,NULL,NULL),(226,2,186,0,NULL,NULL,NULL,NULL),(227,2,187,0,NULL,NULL,NULL,NULL),(228,2,188,0,NULL,NULL,NULL,NULL),(229,2,189,0,NULL,NULL,NULL,NULL),(230,2,190,0,NULL,NULL,NULL,NULL),(231,2,191,0,NULL,NULL,NULL,NULL),(232,2,192,0,NULL,NULL,NULL,NULL),(233,2,193,0,NULL,NULL,NULL,NULL),(234,2,194,0,NULL,NULL,NULL,NULL),(235,2,195,0,NULL,NULL,NULL,NULL),(236,2,196,0,NULL,NULL,NULL,NULL),(237,2,197,0,NULL,NULL,NULL,NULL),(238,2,198,0,NULL,NULL,NULL,NULL),(239,2,199,0,NULL,NULL,NULL,NULL),(240,2,200,0,NULL,NULL,NULL,NULL),(241,2,201,0,NULL,NULL,NULL,NULL),(242,2,202,0,NULL,NULL,NULL,NULL),(243,2,203,0,NULL,NULL,NULL,NULL),(244,2,204,0,NULL,NULL,NULL,NULL),(245,2,205,0,NULL,NULL,NULL,NULL),(246,2,206,0,NULL,NULL,NULL,NULL),(247,2,207,0,NULL,NULL,NULL,NULL),(248,1,108,0,NULL,NULL,NULL,NULL),(249,1,109,0,NULL,NULL,NULL,NULL),(250,1,110,0,NULL,NULL,NULL,NULL),(251,1,111,0,NULL,NULL,NULL,NULL),(252,1,112,0,NULL,NULL,NULL,NULL),(253,1,113,0,NULL,NULL,NULL,NULL),(254,1,114,0,NULL,NULL,NULL,NULL),(255,1,115,0,NULL,NULL,NULL,NULL),(256,1,116,0,NULL,NULL,NULL,NULL),(257,1,117,0,NULL,NULL,NULL,NULL),(258,1,118,0,NULL,NULL,NULL,NULL),(259,1,119,0,NULL,NULL,NULL,NULL),(260,1,120,0,NULL,NULL,NULL,NULL),(261,1,121,0,NULL,NULL,NULL,NULL),(262,1,3,0,NULL,NULL,NULL,NULL),(263,1,122,0,NULL,NULL,NULL,NULL),(265,1,4,0,NULL,NULL,NULL,NULL),(266,1,123,0,NULL,NULL,NULL,NULL),(268,1,5,0,NULL,NULL,NULL,NULL),(269,1,124,0,NULL,NULL,NULL,NULL),(271,1,6,0,NULL,NULL,NULL,NULL),(272,1,125,0,NULL,NULL,NULL,NULL),(274,1,126,0,NULL,NULL,NULL,NULL),(275,1,127,0,NULL,NULL,NULL,NULL),(276,1,128,0,NULL,NULL,NULL,NULL),(277,1,129,0,NULL,NULL,NULL,NULL),(278,1,130,0,NULL,NULL,NULL,NULL),(279,1,131,0,NULL,NULL,NULL,NULL),(280,1,132,0,NULL,NULL,NULL,NULL),(281,1,133,0,NULL,NULL,NULL,NULL),(282,1,134,0,NULL,NULL,NULL,NULL),(283,1,135,0,NULL,NULL,NULL,NULL),(284,1,136,0,NULL,NULL,NULL,NULL),(285,1,137,0,NULL,NULL,NULL,NULL),(286,1,138,0,NULL,NULL,NULL,NULL),(287,1,139,0,NULL,NULL,NULL,NULL),(288,1,140,0,NULL,NULL,NULL,NULL),(289,1,141,0,NULL,NULL,NULL,NULL),(290,1,142,0,NULL,NULL,NULL,NULL),(291,1,143,0,NULL,NULL,NULL,NULL),(292,1,144,0,NULL,NULL,NULL,NULL),(293,1,145,0,NULL,NULL,NULL,NULL),(294,1,146,0,NULL,NULL,NULL,NULL),(295,1,147,0,NULL,NULL,NULL,NULL),(296,1,148,0,NULL,NULL,NULL,NULL),(297,1,149,0,NULL,NULL,NULL,NULL),(298,1,150,0,NULL,NULL,NULL,NULL),(299,1,151,0,NULL,NULL,NULL,NULL),(300,1,152,0,NULL,NULL,NULL,NULL),(301,1,153,0,NULL,NULL,NULL,NULL),(302,1,154,0,NULL,NULL,NULL,NULL),(303,1,155,0,NULL,NULL,NULL,NULL),(304,1,156,0,NULL,NULL,NULL,NULL),(305,1,157,0,NULL,NULL,NULL,NULL),(306,1,158,0,NULL,NULL,NULL,NULL),(307,1,159,0,NULL,NULL,NULL,NULL),(308,1,160,0,NULL,NULL,NULL,NULL),(309,1,161,0,NULL,NULL,NULL,NULL),(310,1,162,0,NULL,NULL,NULL,NULL),(311,1,163,0,NULL,NULL,NULL,NULL),(312,1,164,0,NULL,NULL,NULL,NULL),(313,1,165,0,NULL,NULL,NULL,NULL),(314,1,166,0,NULL,NULL,NULL,NULL),(315,1,167,0,NULL,NULL,NULL,NULL),(316,1,168,0,NULL,NULL,NULL,NULL),(317,1,169,0,NULL,NULL,NULL,NULL),(318,1,170,0,NULL,NULL,NULL,NULL),(319,1,171,0,NULL,NULL,NULL,NULL),(320,1,172,0,NULL,NULL,NULL,NULL),(321,1,173,0,NULL,NULL,NULL,NULL),(322,1,174,0,NULL,NULL,NULL,NULL),(323,1,175,0,NULL,NULL,NULL,NULL),(324,1,176,0,NULL,NULL,NULL,NULL),(325,1,177,0,NULL,NULL,NULL,NULL),(326,1,178,0,NULL,NULL,NULL,NULL),(327,1,179,0,NULL,NULL,NULL,NULL),(328,1,180,0,NULL,NULL,NULL,NULL),(329,1,181,0,NULL,NULL,NULL,NULL),(330,1,182,0,NULL,NULL,NULL,NULL),(331,1,183,0,NULL,NULL,NULL,NULL),(332,1,184,0,NULL,NULL,NULL,NULL),(333,1,185,0,NULL,NULL,NULL,NULL),(334,1,186,0,NULL,NULL,NULL,NULL),(335,1,187,0,NULL,NULL,NULL,NULL),(336,1,188,0,NULL,NULL,NULL,NULL),(337,1,189,0,NULL,NULL,NULL,NULL),(338,1,190,0,NULL,NULL,NULL,NULL),(339,1,191,0,NULL,NULL,NULL,NULL),(340,1,192,0,NULL,NULL,NULL,NULL),(341,1,193,0,NULL,NULL,NULL,NULL),(342,1,194,0,NULL,NULL,NULL,NULL),(343,1,195,0,NULL,NULL,NULL,NULL),(344,1,196,0,NULL,NULL,NULL,NULL),(345,1,197,0,NULL,NULL,NULL,NULL),(346,1,198,0,NULL,NULL,NULL,NULL),(347,1,199,0,NULL,NULL,NULL,NULL),(348,1,200,0,NULL,NULL,NULL,NULL),(349,1,201,0,NULL,NULL,NULL,NULL),(350,1,202,0,NULL,NULL,NULL,NULL),(351,1,203,0,NULL,NULL,NULL,NULL),(352,1,204,0,NULL,NULL,NULL,NULL),(353,1,205,0,NULL,NULL,NULL,NULL),(354,1,206,0,NULL,NULL,NULL,NULL),(355,1,207,0,NULL,NULL,NULL,NULL),(356,2,208,0,NULL,NULL,NULL,NULL),(357,2,209,0,NULL,NULL,NULL,NULL),(358,2,210,0,NULL,NULL,NULL,NULL),(359,2,211,0,NULL,NULL,NULL,NULL),(360,2,212,0,NULL,NULL,NULL,NULL),(361,2,213,0,NULL,NULL,NULL,NULL),(362,2,214,0,NULL,NULL,NULL,NULL),(363,2,215,0,NULL,NULL,NULL,NULL),(364,2,216,0,NULL,NULL,NULL,NULL),(365,2,217,0,NULL,NULL,NULL,NULL),(366,2,218,0,NULL,NULL,NULL,NULL),(367,2,219,0,NULL,NULL,NULL,NULL),(368,2,220,0,NULL,NULL,NULL,NULL),(369,2,221,0,NULL,NULL,NULL,NULL),(370,2,222,0,NULL,NULL,NULL,NULL),(371,2,223,0,NULL,NULL,NULL,NULL),(372,2,224,0,NULL,NULL,NULL,NULL),(373,2,225,0,NULL,NULL,NULL,NULL),(374,2,226,0,NULL,NULL,NULL,NULL),(375,2,227,0,NULL,NULL,NULL,NULL),(376,2,228,0,NULL,NULL,NULL,NULL),(377,2,229,0,NULL,NULL,NULL,NULL),(378,2,230,0,NULL,NULL,NULL,NULL),(379,2,231,0,NULL,NULL,NULL,NULL),(380,2,232,0,NULL,NULL,NULL,NULL),(381,2,233,0,NULL,NULL,NULL,NULL),(382,2,234,0,NULL,NULL,NULL,NULL),(383,2,235,0,NULL,NULL,NULL,NULL),(384,2,236,0,NULL,NULL,NULL,NULL),(385,2,237,0,NULL,NULL,NULL,NULL),(386,2,238,0,NULL,NULL,NULL,NULL),(387,2,239,0,NULL,NULL,NULL,NULL),(388,2,240,0,NULL,NULL,NULL,NULL),(389,2,241,0,NULL,NULL,NULL,NULL),(390,2,242,0,NULL,NULL,NULL,NULL),(391,2,243,0,NULL,NULL,NULL,NULL),(392,2,244,0,NULL,NULL,NULL,NULL),(393,2,245,0,NULL,NULL,NULL,NULL),(394,2,246,0,NULL,NULL,NULL,NULL),(395,2,247,0,NULL,NULL,NULL,NULL),(396,2,248,0,NULL,NULL,NULL,NULL),(397,2,249,0,NULL,NULL,NULL,NULL),(398,2,250,0,NULL,NULL,NULL,NULL),(399,2,251,0,NULL,NULL,NULL,NULL),(400,2,252,0,NULL,NULL,NULL,NULL),(401,2,253,0,NULL,NULL,NULL,NULL),(402,2,254,0,NULL,NULL,NULL,NULL),(403,2,255,0,NULL,NULL,NULL,NULL),(404,2,256,0,NULL,NULL,NULL,NULL),(405,2,257,0,NULL,NULL,NULL,NULL),(406,2,258,0,NULL,NULL,NULL,NULL),(407,2,259,0,NULL,NULL,NULL,NULL),(408,2,260,0,NULL,NULL,NULL,NULL),(409,2,261,0,NULL,NULL,NULL,NULL),(410,2,262,0,NULL,NULL,NULL,NULL),(411,2,263,0,NULL,NULL,NULL,NULL),(412,2,264,0,NULL,NULL,NULL,NULL),(413,2,265,0,NULL,NULL,NULL,NULL),(414,2,266,0,NULL,NULL,NULL,NULL),(415,2,267,0,NULL,NULL,NULL,NULL),(416,2,268,0,NULL,NULL,NULL,NULL),(417,2,269,0,NULL,NULL,NULL,NULL),(418,2,270,0,NULL,NULL,NULL,NULL),(419,2,271,0,NULL,NULL,NULL,NULL),(420,2,272,0,NULL,NULL,NULL,NULL),(421,2,273,0,NULL,NULL,NULL,NULL),(422,2,274,0,NULL,NULL,NULL,NULL),(423,2,275,0,NULL,NULL,NULL,NULL),(424,2,276,0,NULL,NULL,NULL,NULL),(425,2,277,0,NULL,NULL,NULL,NULL),(426,2,278,0,NULL,NULL,NULL,NULL),(427,2,279,0,NULL,NULL,NULL,NULL),(428,2,280,0,NULL,NULL,NULL,NULL),(429,2,281,0,NULL,NULL,NULL,NULL),(430,2,282,0,NULL,NULL,NULL,NULL),(431,2,283,0,NULL,NULL,NULL,NULL),(432,2,284,0,NULL,NULL,NULL,NULL),(433,2,285,0,NULL,NULL,NULL,NULL),(434,2,286,0,NULL,NULL,NULL,NULL),(435,2,287,0,NULL,NULL,NULL,NULL),(436,2,288,0,NULL,NULL,NULL,NULL),(437,2,289,0,NULL,NULL,NULL,NULL),(438,2,290,0,NULL,NULL,NULL,NULL),(439,2,291,0,NULL,NULL,NULL,NULL),(440,2,292,0,NULL,NULL,NULL,NULL),(441,2,293,0,NULL,NULL,NULL,NULL),(442,2,294,0,NULL,NULL,NULL,NULL),(443,2,295,0,NULL,NULL,NULL,NULL),(444,2,296,0,NULL,NULL,NULL,NULL),(445,2,297,0,NULL,NULL,NULL,NULL),(446,2,298,0,NULL,NULL,NULL,NULL),(447,2,299,0,NULL,NULL,NULL,NULL),(448,2,300,0,NULL,NULL,NULL,NULL),(449,2,301,0,NULL,NULL,NULL,NULL),(450,2,302,0,NULL,NULL,NULL,NULL),(451,2,303,0,NULL,NULL,NULL,NULL),(452,2,304,0,NULL,NULL,NULL,NULL),(453,2,305,0,NULL,NULL,NULL,NULL),(454,2,306,0,NULL,NULL,NULL,NULL),(455,2,307,0,NULL,NULL,NULL,NULL),(456,3,208,0,NULL,NULL,NULL,NULL),(457,3,209,0,NULL,NULL,NULL,NULL),(458,3,210,0,NULL,NULL,NULL,NULL),(459,3,211,0,NULL,NULL,NULL,NULL),(460,3,212,0,NULL,NULL,NULL,NULL),(461,3,213,0,NULL,NULL,NULL,NULL),(462,3,214,0,NULL,NULL,NULL,NULL),(463,3,215,0,NULL,NULL,NULL,NULL),(464,3,216,0,NULL,NULL,NULL,NULL),(465,3,217,0,NULL,NULL,NULL,NULL),(466,3,218,0,NULL,NULL,NULL,NULL),(467,3,219,0,NULL,NULL,NULL,NULL),(468,3,220,0,NULL,NULL,NULL,NULL),(469,3,221,0,NULL,NULL,NULL,NULL),(470,3,222,0,NULL,NULL,NULL,NULL),(471,3,223,0,NULL,NULL,NULL,NULL),(472,3,224,0,NULL,NULL,NULL,NULL),(473,3,225,0,NULL,NULL,NULL,NULL),(474,3,226,0,NULL,NULL,NULL,NULL),(475,3,227,0,NULL,NULL,NULL,NULL),(476,3,228,0,NULL,NULL,NULL,NULL),(477,3,229,0,NULL,NULL,NULL,NULL),(478,3,230,0,NULL,NULL,NULL,NULL),(479,3,231,0,NULL,NULL,NULL,NULL),(480,3,232,0,NULL,NULL,NULL,NULL),(481,3,233,0,NULL,NULL,NULL,NULL),(482,3,234,0,NULL,NULL,NULL,NULL),(483,3,235,0,NULL,NULL,NULL,NULL),(484,3,236,0,NULL,NULL,NULL,NULL),(485,3,237,0,NULL,NULL,NULL,NULL),(486,3,238,0,NULL,NULL,NULL,NULL),(487,3,239,0,NULL,NULL,NULL,NULL),(488,3,240,0,NULL,NULL,NULL,NULL),(489,3,241,0,NULL,NULL,NULL,NULL),(490,3,242,0,NULL,NULL,NULL,NULL),(491,3,243,0,NULL,NULL,NULL,NULL),(492,3,244,0,NULL,NULL,NULL,NULL),(493,3,245,0,NULL,NULL,NULL,NULL),(494,3,246,0,NULL,NULL,NULL,NULL),(495,3,247,0,NULL,NULL,NULL,NULL),(496,3,248,0,NULL,NULL,NULL,NULL),(497,3,249,0,NULL,NULL,NULL,NULL),(498,3,250,0,NULL,NULL,NULL,NULL),(499,3,251,0,NULL,NULL,NULL,NULL),(500,3,252,0,NULL,NULL,NULL,NULL),(501,3,253,0,NULL,NULL,NULL,NULL),(502,3,254,0,NULL,NULL,NULL,NULL),(503,3,255,0,NULL,NULL,NULL,NULL),(504,3,256,0,NULL,NULL,NULL,NULL),(505,3,257,0,NULL,NULL,NULL,NULL),(506,3,258,0,NULL,NULL,NULL,NULL),(507,3,259,0,NULL,NULL,NULL,NULL),(508,3,260,0,NULL,NULL,NULL,NULL),(509,3,261,0,NULL,NULL,NULL,NULL),(510,3,262,0,NULL,NULL,NULL,NULL),(511,3,263,0,NULL,NULL,NULL,NULL),(512,3,264,0,NULL,NULL,NULL,NULL),(513,3,265,0,NULL,NULL,NULL,NULL),(514,3,266,0,NULL,NULL,NULL,NULL),(515,3,267,0,NULL,NULL,NULL,NULL),(516,3,268,0,NULL,NULL,NULL,NULL),(517,3,269,0,NULL,NULL,NULL,NULL),(518,3,270,0,NULL,NULL,NULL,NULL),(519,3,271,0,NULL,NULL,NULL,NULL),(520,3,272,0,NULL,NULL,NULL,NULL),(521,3,273,0,NULL,NULL,NULL,NULL),(522,3,274,0,NULL,NULL,NULL,NULL),(523,3,275,0,NULL,NULL,NULL,NULL),(524,3,276,0,NULL,NULL,NULL,NULL),(525,3,277,0,NULL,NULL,NULL,NULL),(526,3,278,0,NULL,NULL,NULL,NULL),(527,3,279,0,NULL,NULL,NULL,NULL),(528,3,280,0,NULL,NULL,NULL,NULL),(529,3,281,0,NULL,NULL,NULL,NULL),(530,3,282,0,NULL,NULL,NULL,NULL),(531,3,283,0,NULL,NULL,NULL,NULL),(532,3,284,0,NULL,NULL,NULL,NULL),(533,3,285,0,NULL,NULL,NULL,NULL),(534,3,286,0,NULL,NULL,NULL,NULL),(535,3,287,0,NULL,NULL,NULL,NULL),(536,3,288,0,NULL,NULL,NULL,NULL),(537,3,289,0,NULL,NULL,NULL,NULL),(538,3,290,0,NULL,NULL,NULL,NULL),(539,3,291,0,NULL,NULL,NULL,NULL),(540,3,292,0,NULL,NULL,NULL,NULL),(541,3,293,0,NULL,NULL,NULL,NULL),(542,3,294,0,NULL,NULL,NULL,NULL),(543,3,295,0,NULL,NULL,NULL,NULL),(544,3,296,0,NULL,NULL,NULL,NULL),(545,3,297,0,NULL,NULL,NULL,NULL),(546,3,298,0,NULL,NULL,NULL,NULL),(547,3,299,0,NULL,NULL,NULL,NULL),(548,3,300,0,NULL,NULL,NULL,NULL),(549,3,301,0,NULL,NULL,NULL,NULL),(550,3,302,0,NULL,NULL,NULL,NULL),(551,3,303,0,NULL,NULL,NULL,NULL),(552,3,304,0,NULL,NULL,NULL,NULL),(553,3,305,0,NULL,NULL,NULL,NULL),(554,3,306,0,NULL,NULL,NULL,NULL),(555,3,307,0,NULL,NULL,NULL,NULL),(556,1,308,0,NULL,NULL,NULL,NULL),(557,1,309,0,NULL,NULL,NULL,NULL),(558,1,310,0,NULL,NULL,NULL,NULL),(559,1,311,0,NULL,NULL,NULL,NULL),(560,1,312,0,NULL,NULL,NULL,NULL),(561,1,313,0,NULL,NULL,NULL,NULL),(562,1,314,0,NULL,NULL,NULL,NULL),(563,1,315,0,NULL,NULL,NULL,NULL),(564,1,316,0,NULL,NULL,NULL,NULL),(565,1,317,0,NULL,NULL,NULL,NULL),(566,1,318,0,NULL,NULL,NULL,NULL),(567,1,319,0,NULL,NULL,NULL,NULL),(568,1,320,0,NULL,NULL,NULL,NULL),(569,1,321,0,NULL,NULL,NULL,NULL),(570,1,322,0,NULL,NULL,NULL,NULL),(571,1,323,0,NULL,NULL,NULL,NULL),(572,1,324,0,NULL,NULL,NULL,NULL),(573,1,325,0,NULL,NULL,NULL,NULL),(574,1,326,0,NULL,NULL,NULL,NULL),(575,1,327,0,NULL,NULL,NULL,NULL),(576,1,328,0,NULL,NULL,NULL,NULL),(577,1,329,0,NULL,NULL,NULL,NULL),(578,1,330,0,NULL,NULL,NULL,NULL),(579,1,331,0,NULL,NULL,NULL,NULL),(580,1,332,0,NULL,NULL,NULL,NULL),(581,1,333,0,NULL,NULL,NULL,NULL),(582,1,334,0,NULL,NULL,NULL,NULL),(583,1,335,0,NULL,NULL,NULL,NULL),(584,1,336,0,NULL,NULL,NULL,NULL),(585,1,337,0,NULL,NULL,NULL,NULL),(586,1,338,0,NULL,NULL,NULL,NULL),(587,1,339,0,NULL,NULL,NULL,NULL),(588,1,340,0,NULL,NULL,NULL,NULL),(589,1,341,0,NULL,NULL,NULL,NULL),(590,1,342,0,NULL,NULL,NULL,NULL),(591,1,343,0,NULL,NULL,NULL,NULL),(592,1,344,0,NULL,NULL,NULL,NULL),(593,1,345,0,NULL,NULL,NULL,NULL),(594,1,346,0,NULL,NULL,NULL,NULL),(595,1,347,0,NULL,NULL,NULL,NULL),(596,1,348,0,NULL,NULL,NULL,NULL),(597,1,349,0,NULL,NULL,NULL,NULL),(598,1,350,0,NULL,NULL,NULL,NULL),(599,1,351,0,NULL,NULL,NULL,NULL),(600,1,352,0,NULL,NULL,NULL,NULL),(601,1,353,0,NULL,NULL,NULL,NULL),(602,1,354,0,NULL,NULL,NULL,NULL),(603,1,355,0,NULL,NULL,NULL,NULL),(604,1,356,0,NULL,NULL,NULL,NULL),(605,1,357,0,NULL,NULL,NULL,NULL),(606,1,358,0,NULL,NULL,NULL,NULL),(607,1,359,0,NULL,NULL,NULL,NULL),(608,1,360,0,NULL,NULL,NULL,NULL),(609,1,361,0,NULL,NULL,NULL,NULL),(610,1,362,0,NULL,NULL,NULL,NULL),(611,1,363,0,NULL,NULL,NULL,NULL),(612,1,364,0,NULL,NULL,NULL,NULL),(613,1,365,0,NULL,NULL,NULL,NULL),(614,1,366,0,NULL,NULL,NULL,NULL),(615,1,367,0,NULL,NULL,NULL,NULL),(616,1,368,0,NULL,NULL,NULL,NULL),(617,1,369,0,NULL,NULL,NULL,NULL),(618,1,370,0,NULL,NULL,NULL,NULL),(619,1,371,0,NULL,NULL,NULL,NULL),(620,1,372,0,NULL,NULL,NULL,NULL),(621,1,373,0,NULL,NULL,NULL,NULL),(622,1,374,0,NULL,NULL,NULL,NULL),(623,1,375,0,NULL,NULL,NULL,NULL),(624,1,376,0,NULL,NULL,NULL,NULL),(625,1,377,0,NULL,NULL,NULL,NULL),(626,1,378,0,NULL,NULL,NULL,NULL),(627,1,379,0,NULL,NULL,NULL,NULL),(628,1,380,0,NULL,NULL,NULL,NULL),(629,1,381,0,NULL,NULL,NULL,NULL),(630,1,382,0,NULL,NULL,NULL,NULL),(631,1,383,0,NULL,NULL,NULL,NULL),(632,1,384,0,NULL,NULL,NULL,NULL),(633,1,385,0,NULL,NULL,NULL,NULL),(634,1,386,0,NULL,NULL,NULL,NULL),(635,1,387,0,NULL,NULL,NULL,NULL),(636,1,388,0,NULL,NULL,NULL,NULL),(637,1,389,0,NULL,NULL,NULL,NULL),(638,1,390,0,NULL,NULL,NULL,NULL),(639,1,391,0,NULL,NULL,NULL,NULL),(640,1,392,0,NULL,NULL,NULL,NULL),(641,1,393,0,NULL,NULL,NULL,NULL),(642,1,394,0,NULL,NULL,NULL,NULL),(643,1,395,0,NULL,NULL,NULL,NULL),(644,1,396,0,NULL,NULL,NULL,NULL),(645,1,397,0,NULL,NULL,NULL,NULL),(646,1,398,0,NULL,NULL,NULL,NULL),(647,1,399,0,NULL,NULL,NULL,NULL),(648,1,400,0,NULL,NULL,NULL,NULL),(649,1,401,0,NULL,NULL,NULL,NULL),(650,1,402,0,NULL,NULL,NULL,NULL),(651,1,403,0,NULL,NULL,NULL,NULL),(652,1,404,0,NULL,NULL,NULL,NULL),(653,1,405,0,NULL,NULL,NULL,NULL),(654,1,406,0,NULL,NULL,NULL,NULL),(655,1,407,0,NULL,NULL,NULL,NULL),(656,2,308,0,NULL,NULL,NULL,NULL),(657,2,309,0,NULL,NULL,NULL,NULL),(658,2,310,0,NULL,NULL,NULL,NULL),(659,2,311,0,NULL,NULL,NULL,NULL),(660,2,312,0,NULL,NULL,NULL,NULL),(661,2,313,0,NULL,NULL,NULL,NULL),(662,2,314,0,NULL,NULL,NULL,NULL),(663,2,315,0,NULL,NULL,NULL,NULL),(664,2,316,0,NULL,NULL,NULL,NULL),(665,2,317,0,NULL,NULL,NULL,NULL),(666,2,318,0,NULL,NULL,NULL,NULL),(667,2,319,0,NULL,NULL,NULL,NULL),(668,2,320,0,NULL,NULL,NULL,NULL),(669,2,321,0,NULL,NULL,NULL,NULL),(670,2,322,0,NULL,NULL,NULL,NULL),(671,2,323,0,NULL,NULL,NULL,NULL),(672,2,324,0,NULL,NULL,NULL,NULL),(673,2,325,0,NULL,NULL,NULL,NULL),(674,2,326,0,NULL,NULL,NULL,NULL),(675,2,327,0,NULL,NULL,NULL,NULL),(676,2,328,0,NULL,NULL,NULL,NULL),(677,2,329,0,NULL,NULL,NULL,NULL),(678,2,330,0,NULL,NULL,NULL,NULL),(679,2,331,0,NULL,NULL,NULL,NULL),(680,2,332,0,NULL,NULL,NULL,NULL),(681,2,333,0,NULL,NULL,NULL,NULL),(682,2,334,0,NULL,NULL,NULL,NULL),(683,2,335,0,NULL,NULL,NULL,NULL),(684,2,336,0,NULL,NULL,NULL,NULL),(685,2,337,0,NULL,NULL,NULL,NULL),(686,2,338,0,NULL,NULL,NULL,NULL),(687,2,339,0,NULL,NULL,NULL,NULL),(688,2,340,0,NULL,NULL,NULL,NULL),(689,2,341,0,NULL,NULL,NULL,NULL),(690,2,342,0,NULL,NULL,NULL,NULL),(691,2,343,0,NULL,NULL,NULL,NULL),(692,2,344,0,NULL,NULL,NULL,NULL),(693,2,345,0,NULL,NULL,NULL,NULL),(694,2,346,0,NULL,NULL,NULL,NULL),(695,2,347,0,NULL,NULL,NULL,NULL),(696,2,348,0,NULL,NULL,NULL,NULL),(697,2,349,0,NULL,NULL,NULL,NULL),(698,2,350,0,NULL,NULL,NULL,NULL),(699,2,351,0,NULL,NULL,NULL,NULL),(700,2,352,0,NULL,NULL,NULL,NULL),(701,2,353,0,NULL,NULL,NULL,NULL),(702,2,354,0,NULL,NULL,NULL,NULL),(703,2,355,0,NULL,NULL,NULL,NULL),(704,2,356,0,NULL,NULL,NULL,NULL),(705,2,357,0,NULL,NULL,NULL,NULL),(706,2,358,0,NULL,NULL,NULL,NULL),(707,2,359,0,NULL,NULL,NULL,NULL),(708,2,360,0,NULL,NULL,NULL,NULL),(709,2,361,0,NULL,NULL,NULL,NULL),(710,2,362,0,NULL,NULL,NULL,NULL),(711,2,363,0,NULL,NULL,NULL,NULL),(712,2,364,0,NULL,NULL,NULL,NULL),(713,2,365,0,NULL,NULL,NULL,NULL),(714,2,366,0,NULL,NULL,NULL,NULL),(715,2,367,0,NULL,NULL,NULL,NULL),(716,2,368,0,NULL,NULL,NULL,NULL),(717,2,369,0,NULL,NULL,NULL,NULL),(718,2,370,0,NULL,NULL,NULL,NULL),(719,2,371,0,NULL,NULL,NULL,NULL),(720,2,372,0,NULL,NULL,NULL,NULL),(721,2,373,0,NULL,NULL,NULL,NULL),(722,2,374,0,NULL,NULL,NULL,NULL),(723,2,375,0,NULL,NULL,NULL,NULL),(724,2,376,0,NULL,NULL,NULL,NULL),(725,2,377,0,NULL,NULL,NULL,NULL),(726,2,378,0,NULL,NULL,NULL,NULL),(727,2,379,0,NULL,NULL,NULL,NULL),(728,2,380,0,NULL,NULL,NULL,NULL),(729,2,381,0,NULL,NULL,NULL,NULL),(730,2,382,0,NULL,NULL,NULL,NULL),(731,2,383,0,NULL,NULL,NULL,NULL),(732,2,384,0,NULL,NULL,NULL,NULL),(733,2,385,0,NULL,NULL,NULL,NULL),(734,2,386,0,NULL,NULL,NULL,NULL),(735,2,387,0,NULL,NULL,NULL,NULL),(736,2,388,0,NULL,NULL,NULL,NULL),(737,2,389,0,NULL,NULL,NULL,NULL),(738,2,390,0,NULL,NULL,NULL,NULL),(739,2,391,0,NULL,NULL,NULL,NULL),(740,2,392,0,NULL,NULL,NULL,NULL),(741,2,393,0,NULL,NULL,NULL,NULL),(742,2,394,0,NULL,NULL,NULL,NULL),(743,2,395,0,NULL,NULL,NULL,NULL),(744,2,396,0,NULL,NULL,NULL,NULL),(745,2,397,0,NULL,NULL,NULL,NULL),(746,2,398,0,NULL,NULL,NULL,NULL),(747,2,399,0,NULL,NULL,NULL,NULL),(748,2,400,0,NULL,NULL,NULL,NULL),(749,2,401,0,NULL,NULL,NULL,NULL),(750,2,402,0,NULL,NULL,NULL,NULL),(751,2,403,0,NULL,NULL,NULL,NULL),(752,2,404,0,NULL,NULL,NULL,NULL),(753,2,405,0,NULL,NULL,NULL,NULL),(754,2,406,0,NULL,NULL,NULL,NULL),(755,2,407,0,NULL,NULL,NULL,NULL),(756,2,309,0,NULL,NULL,NULL,NULL),(757,2,310,0,NULL,NULL,NULL,NULL),(758,2,311,0,NULL,NULL,NULL,NULL),(759,2,312,0,NULL,NULL,NULL,NULL),(760,2,313,0,NULL,NULL,NULL,NULL),(761,2,314,0,NULL,NULL,NULL,NULL),(762,2,315,0,NULL,NULL,NULL,NULL),(763,2,316,0,NULL,NULL,NULL,NULL),(764,2,317,0,NULL,NULL,NULL,NULL),(765,2,318,0,NULL,NULL,NULL,NULL),(766,2,319,0,NULL,NULL,NULL,NULL),(767,2,320,0,NULL,NULL,NULL,NULL),(768,2,321,0,NULL,NULL,NULL,NULL),(769,2,322,0,NULL,NULL,NULL,NULL),(770,2,323,0,NULL,NULL,NULL,NULL),(771,2,324,0,NULL,NULL,NULL,NULL),(772,2,325,0,NULL,NULL,NULL,NULL),(773,2,326,0,NULL,NULL,NULL,NULL),(774,2,327,0,NULL,NULL,NULL,NULL),(775,2,328,0,NULL,NULL,NULL,NULL),(776,2,329,0,NULL,NULL,NULL,NULL),(777,2,330,0,NULL,NULL,NULL,NULL),(778,2,331,0,NULL,NULL,NULL,NULL),(779,2,332,0,NULL,NULL,NULL,NULL),(780,2,333,0,NULL,NULL,NULL,NULL),(781,2,334,0,NULL,NULL,NULL,NULL),(782,2,335,0,NULL,NULL,NULL,NULL),(783,2,336,0,NULL,NULL,NULL,NULL),(784,2,337,0,NULL,NULL,NULL,NULL),(785,2,338,0,NULL,NULL,NULL,NULL),(786,2,339,0,NULL,NULL,NULL,NULL),(787,2,340,0,NULL,NULL,NULL,NULL),(788,2,341,0,NULL,NULL,NULL,NULL),(789,2,342,0,NULL,NULL,NULL,NULL),(790,2,345,0,NULL,NULL,NULL,NULL),(791,2,346,0,NULL,NULL,NULL,NULL),(792,2,347,0,NULL,NULL,NULL,NULL),(793,2,348,0,NULL,NULL,NULL,NULL),(794,2,349,0,NULL,NULL,NULL,NULL),(795,2,350,0,NULL,NULL,NULL,NULL),(796,2,351,0,NULL,NULL,NULL,NULL),(797,2,352,0,NULL,NULL,NULL,NULL),(798,2,353,0,NULL,NULL,NULL,NULL),(799,2,354,0,NULL,NULL,NULL,NULL),(800,2,355,0,NULL,NULL,NULL,NULL),(801,2,356,0,NULL,NULL,NULL,NULL),(802,2,357,0,NULL,NULL,NULL,NULL),(803,2,358,0,NULL,NULL,NULL,NULL),(804,2,359,0,NULL,NULL,NULL,NULL),(805,2,360,0,NULL,NULL,NULL,NULL),(806,2,361,0,NULL,NULL,NULL,NULL),(807,2,362,0,NULL,NULL,NULL,NULL),(808,2,363,0,NULL,NULL,NULL,NULL),(809,2,364,0,NULL,NULL,NULL,NULL),(810,2,365,0,NULL,NULL,NULL,NULL),(811,2,366,0,NULL,NULL,NULL,NULL),(812,2,367,0,NULL,NULL,NULL,NULL),(813,2,368,0,NULL,NULL,NULL,NULL),(814,2,369,0,NULL,NULL,NULL,NULL),(815,2,370,0,NULL,NULL,NULL,NULL),(816,2,371,0,NULL,NULL,NULL,NULL),(817,2,372,0,NULL,NULL,NULL,NULL),(818,2,373,0,NULL,NULL,NULL,NULL);
/*!40000 ALTER TABLE `account_role` ENABLE KEYS */;
UNLOCK TABLES;

--
-- Table structure for table `account_timings`
--

DROP TABLE IF EXISTS `account_timings`;
/*!40101 SET @saved_cs_client     = @@character_set_client */;
/*!40101 SET character_set_client = utf8 */;
CREATE TABLE `account_timings` (
  `id` int(11) NOT NULL AUTO_INCREMENT,
  `account_id` int(11) NOT NULL,
  `created_datetime` bigint(11) unsigned DEFAULT NULL,
  `created_by` int(10) unsigned DEFAULT NULL,
  `last_updated` bigint(11) unsigned DEFAULT NULL,
  `last_updated_by` int(11) DEFAULT NULL,
  `is_deleted` tinyint(1) NOT NULL DEFAULT '0',
  PRIMARY KEY (`id`),
  KEY `account_timings_account_id_begin` (`account_id`),
  CONSTRAINT `fk_account_timings_account_id_account_id` FOREIGN KEY (`account_id`) REFERENCES `account` (`id`)
) ENGINE=InnoDB AUTO_INCREMENT=62 DEFAULT CHARSET=utf8;
/*!40101 SET character_set_client = @saved_cs_client */;

--
-- Dumping data for table `account_timings`
--

LOCK TABLES `account_timings` WRITE;
/*!40000 ALTER TABLE `account_timings` DISABLE KEYS */;
INSERT INTO `account_timings` VALUES (9,1,1459153622240,0,1459153650025,0,0),(10,1,1459153862782,0,1459153862782,0,0),(11,1,1459153923137,0,1459153923137,0,0),(12,1,1459600968387,0,1459600968387,0,0),(13,1,1460569053810,0,1460569053810,0,0),(14,1,1460636807843,0,1460636807843,0,0),(15,1,1460636955457,0,1460636955457,0,0),(16,1,1460638979340,0,1460638979340,0,0),(17,1,1460639345539,0,1460639345539,0,0),(18,1,1460639669645,0,1460639669645,0,0),(19,1,1460643360739,0,1460643360739,0,0),(20,1,1460643616996,0,1460643616996,0,0),(21,1,1460653736633,0,1460653736633,0,0),(22,1,1460653758102,0,1460653758102,0,0),(23,1,1460658927546,0,1460658927546,0,0),(24,1,1460659088241,0,1460659088241,0,0),(25,1,1460659354052,0,1460659354052,0,0),(26,1,1460659386014,0,1460659386014,0,0),(27,1,1460659401690,0,1460659401690,0,0),(28,1,1460659418516,0,1460659418516,0,0),(29,1,1460659442110,0,1460659442110,0,0),(30,1,1460659584531,0,1460659584531,0,0),(31,1,1460659601752,0,1460659601752,0,0),(32,6,1460662066105,0,1460662066105,0,0),(33,6,1460705958126,0,1460705958126,0,0),(34,6,1460705982366,0,1460705982366,0,0),(35,6,1460706007334,0,1460706007334,0,0),(36,1,1460789670030,0,1460789670030,0,0),(37,1,1460789687955,0,1460789687955,0,0),(38,1,1460789764582,0,1460789764582,0,0),(39,1,1460792492479,0,1460792492479,0,0),(40,1,1460793070846,0,1460793070846,0,0),(41,108,1460796644207,0,1460796644207,0,0),(42,108,1460796659584,0,1460796659584,0,0),(43,108,1460797381024,0,1460797381024,0,0),(44,108,1460797466301,0,1460797466301,0,0),(45,108,1460797483784,0,1460797483784,0,0),(46,108,1460797510785,0,1460797510785,0,0),(47,1,1460798307025,0,1460798307025,0,0),(48,1,1460798444055,0,1460798444055,0,0),(49,108,1460799852642,0,1460799852642,0,0),(50,108,1460799886090,0,1460799886090,0,0),(51,108,1460799908705,0,1460799908705,0,0),(52,127,1460799923013,0,1460799923013,0,0),(53,227,1460800034827,0,1460800034827,0,0),(54,108,1460800100926,0,1460800100926,0,0),(55,108,1460802252958,0,1460802252958,0,0),(56,1,1460802814046,0,1460802814046,0,0),(57,1,1460867588404,0,1460867588404,0,0),(58,312,1460948802818,0,1460948802818,0,0),(59,1,1460955525822,0,1460955525822,0,0),(60,108,1461167016403,0,1461167016403,0,0),(61,208,1461223577558,0,1461223577558,0,0);
/*!40000 ALTER TABLE `account_timings` ENABLE KEYS */;
UNLOCK TABLES;

--
-- Table structure for table `achievements`
--

DROP TABLE IF EXISTS `achievements`;
/*!40101 SET @saved_cs_client     = @@character_set_client */;
/*!40101 SET character_set_client = utf8 */;
CREATE TABLE `achievements` (
  `id` int(10) unsigned NOT NULL,
  `account_id` int(11) NOT NULL,
  `study` text,
  `research` text,
  `specialist_achievement` text,
  `highlights_achievement` text,
  PRIMARY KEY (`id`),
  KEY `account_id` (`account_id`)
) ENGINE=InnoDB DEFAULT CHARSET=utf8;
/*!40101 SET character_set_client = @saved_cs_client */;

--
-- Dumping data for table `achievements`
--

LOCK TABLES `achievements` WRITE;
/*!40000 ALTER TABLE `achievements` DISABLE KEYS */;
/*!40000 ALTER TABLE `achievements` ENABLE KEYS */;
UNLOCK TABLES;

--
-- Table structure for table `address`
--

DROP TABLE IF EXISTS `address`;
/*!40101 SET @saved_cs_client     = @@character_set_client */;
/*!40101 SET character_set_client = utf8 */;
CREATE TABLE `address` (
  `id` int(11) NOT NULL AUTO_INCREMENT,
  `house_number` varchar(200) DEFAULT NULL,
  `street` varchar(200) DEFAULT NULL,
  `hamlet` varchar(45) DEFAULT NULL,
  `ward` varchar(45) NOT NULL,
  `district` varchar(45) NOT NULL,
  `city` varchar(45) NOT NULL,
  `longtitude` double DEFAULT NULL,
  `latitude` double DEFAULT NULL,
  `is_deleted` tinyint(1) DEFAULT '0',
  `created_by` int(11) DEFAULT NULL,
  `created_datetime` bigint(20) DEFAULT NULL,
  `last_updated_by` int(11) DEFAULT NULL,
  `last_updated` bigint(20) DEFAULT NULL,
  `account_id` int(11) DEFAULT NULL,
  PRIMARY KEY (`id`)
) ENGINE=InnoDB AUTO_INCREMENT=3 DEFAULT CHARSET=utf8;
/*!40101 SET character_set_client = @saved_cs_client */;

--
-- Dumping data for table `address`
--

LOCK TABLES `address` WRITE;
/*!40000 ALTER TABLE `address` DISABLE KEYS */;
INSERT INTO `address` VALUES (1,'12','Điện Biên Phủ',NULL,'10','10','Hồ Chí Minh',106.6812825,10.7656281,0,NULL,NULL,NULL,NULL,1),(2,'12','Điện Biên Phủ',NULL,'10','10','Hồ Chí Minh',106.6812825,10.7656281,0,NULL,NULL,NULL,NULL,NULL);
/*!40000 ALTER TABLE `address` ENABLE KEYS */;
UNLOCK TABLES;

--
-- Table structure for table `annual_fee`
--

DROP TABLE IF EXISTS `annual_fee`;
/*!40101 SET @saved_cs_client     = @@character_set_client */;
/*!40101 SET character_set_client = utf8 */;
CREATE TABLE `annual_fee` (
  `id` int(11) NOT NULL AUTO_INCREMENT,
  `name` varchar(50) DEFAULT NULL,
  `code` varchar(45) DEFAULT NULL,
  `description` varchar(45) DEFAULT NULL,
  `price` bigint(20) DEFAULT NULL,
  `is_deleted` tinyint(1) DEFAULT '0',
  `created_by` int(11) DEFAULT NULL,
  `created_datetime` bigint(20) DEFAULT NULL,
  `last_updated_by` int(11) DEFAULT NULL,
  `last_updated` bigint(20) DEFAULT NULL,
  PRIMARY KEY (`id`)
) ENGINE=InnoDB AUTO_INCREMENT=2 DEFAULT CHARSET=utf8;
/*!40101 SET character_set_client = @saved_cs_client */;

--
-- Dumping data for table `annual_fee`
--

LOCK TABLES `annual_fee` WRITE;
/*!40000 ALTER TABLE `annual_fee` DISABLE KEYS */;
INSERT INTO `annual_fee` VALUES (1,'annual fee','annual_fee','Một triệu đồng',1000000,0,NULL,NULL,NULL,NULL);
/*!40000 ALTER TABLE `annual_fee` ENABLE KEYS */;
UNLOCK TABLES;

--
-- Table structure for table `appointment`
--

DROP TABLE IF EXISTS `appointment`;
/*!40101 SET @saved_cs_client     = @@character_set_client */;
/*!40101 SET character_set_client = utf8 */;
CREATE TABLE `appointment` (
  `id` int(11) NOT NULL,
  `code` varchar(45) DEFAULT NULL,
  `name` varchar(45) DEFAULT NULL,
  `patient` int(11) DEFAULT NULL,
  `medicar` int(11) DEFAULT NULL,
  `type` tinyint(1) DEFAULT NULL,
  `address_id` int(11) DEFAULT NULL,
  `status_id` int(11) DEFAULT NULL,
  `calendar_id` int(11) DEFAULT NULL,
  `created_by` int(11) DEFAULT NULL,
  `created_datetime` bigint(20) DEFAULT NULL,
  `last_updated_by` int(11) DEFAULT NULL,
  `last_updated` bigint(20) DEFAULT NULL,
  `is_deleted` tinyint(11) DEFAULT NULL,
  PRIMARY KEY (`id`),
  KEY `fk_appointment_patient_idx` (`patient`),
  KEY `fk_appointment_acocunt_1_idx` (`medicar`),
  KEY `fk_appointment_address_idx` (`address_id`),
  KEY `fk_appointment_calendar_idx` (`calendar_id`),
  KEY `fk_appointment_status_idx` (`status_id`),
  CONSTRAINT `fk_appointment_account_0` FOREIGN KEY (`patient`) REFERENCES `account` (`id`) ON DELETE NO ACTION ON UPDATE NO ACTION,
  CONSTRAINT `fk_appointment_acocunt_1` FOREIGN KEY (`medicar`) REFERENCES `account` (`id`) ON DELETE NO ACTION ON UPDATE NO ACTION,
  CONSTRAINT `fk_appointment_address` FOREIGN KEY (`address_id`) REFERENCES `address` (`id`) ON DELETE NO ACTION ON UPDATE NO ACTION,
  CONSTRAINT `fk_appointment_calendar` FOREIGN KEY (`calendar_id`) REFERENCES `calendar` (`id`) ON DELETE NO ACTION ON UPDATE NO ACTION,
  CONSTRAINT `fk_appointment_status` FOREIGN KEY (`status_id`) REFERENCES `status` (`id`) ON DELETE NO ACTION ON UPDATE NO ACTION
) ENGINE=InnoDB DEFAULT CHARSET=latin1;
/*!40101 SET character_set_client = @saved_cs_client */;

--
-- Dumping data for table `appointment`
--

LOCK TABLES `appointment` WRITE;
/*!40000 ALTER TABLE `appointment` DISABLE KEYS */;
/*!40000 ALTER TABLE `appointment` ENABLE KEYS */;
UNLOCK TABLES;

--
-- Table structure for table `appointment_booking`
--

DROP TABLE IF EXISTS `appointment_booking`;
/*!40101 SET @saved_cs_client     = @@character_set_client */;
/*!40101 SET character_set_client = utf8 */;
CREATE TABLE `appointment_booking` (
  `id` int(11) unsigned NOT NULL AUTO_INCREMENT,
  `booker` int(11) NOT NULL,
  `medicar` int(11) NOT NULL,
  `cost` decimal(30,0) unsigned NOT NULL,
  `home` tinyint(1) NOT NULL,
  `address_id` int(11) NOT NULL,
  `date` date NOT NULL,
  `time` smallint(6) unsigned NOT NULL,
  `duration` smallint(6) unsigned NOT NULL,
  `status` tinyint(4) NOT NULL,
  `is_deleted` bit(1) DEFAULT b'0',
  `created_by` int(11) DEFAULT NULL,
  `created_datetime` bigint(20) DEFAULT NULL,
  `last_updated` bigint(20) DEFAULT NULL,
  `last_updated_by` int(11) DEFAULT NULL,
  PRIMARY KEY (`id`),
  KEY `index_booker` (`booker`),
  KEY `index_bookee` (`medicar`),
  KEY `index_adress` (`address_id`),
  KEY `index_status` (`status`),
  KEY `index_date_status` (`medicar`,`date`,`status`) USING BTREE,
  KEY `index_date_time` (`medicar`,`date`,`time`,`status`) USING BTREE,
  CONSTRAINT `fk_appointment_booking_address_id_address_id` FOREIGN KEY (`address_id`) REFERENCES `address` (`id`),
  CONSTRAINT `fk_appointment_booking_booker_account_id` FOREIGN KEY (`booker`) REFERENCES `account` (`id`),
  CONSTRAINT `fk_appointment_booking_medicar_account_id` FOREIGN KEY (`medicar`) REFERENCES `account` (`id`)
) ENGINE=InnoDB AUTO_INCREMENT=36 DEFAULT CHARSET=utf8;
/*!40101 SET character_set_client = @saved_cs_client */;

--
-- Dumping data for table `appointment_booking`
--

LOCK TABLES `appointment_booking` WRITE;
/*!40000 ALTER TABLE `appointment_booking` DISABLE KEYS */;
INSERT INTO `appointment_booking` VALUES (2,1,1,'1000',1,1,'2016-03-30',480,30,4,NULL,NULL,NULL,1459958226611,NULL),(3,1,1,'1000',1,1,'2016-03-30',480,30,1,NULL,NULL,NULL,1459958234604,NULL),(9,1,1,'1000',1,1,'2016-03-30',480,30,2,NULL,NULL,NULL,1459958399588,NULL),(10,1,1,'1000',1,1,'2016-03-30',480,30,0,NULL,NULL,NULL,NULL,NULL),(11,1,1,'1000',1,1,'2016-03-30',480,30,0,NULL,NULL,NULL,NULL,NULL),(12,1,1,'1000',1,1,'2016-03-30',480,30,0,NULL,NULL,NULL,NULL,NULL),(13,1,1,'1000',0,1,'2016-04-07',500,10,5,'\0',0,1460043366917,1460048218932,0),(14,1,1,'1000',0,1,'2016-04-07',520,10,5,'\0',0,1460048289255,1460048311406,0),(15,1,1,'1000',0,1,'2016-04-07',540,10,1,'\0',0,1460050211450,1460050224711,0),(16,1,1,'1000',0,1,'2016-04-08',540,10,5,'\0',0,1460050244013,1460050761437,0),(17,1,1,'1000',0,1,'2016-04-08',480,10,5,'\0',0,1460050718910,1460797929193,0),(18,1,1,'1000',0,1,'2016-04-14',480,10,0,'\0',0,1460566514319,1460566514319,0),(19,1,6,'200000',1,1,'2016-04-16',1179,30,2,'\0',0,1460734877978,1460736434041,0),(20,1,1,'200000',1,1,'2016-04-18',110,30,2,'\0',0,1460737041702,1460955728312,0),(21,1,1,'200000',0,1,'2016-04-17',540,10,0,'\0',0,1460792942886,1460792942887,0),(22,1,1,'200000',1,1,'2016-04-16',902,30,2,'\0',0,1460793234092,1460802569771,0),(23,1,1,'200000',1,1,'2016-04-16',932,30,4,'\0',0,1460793536494,1460802562516,0),(24,1,1,'200000',0,1,'2016-04-16',962,10,2,'\0',0,1460793729062,1460802558988,0),(25,8,1,'200000',0,1,'2016-04-16',1002,10,5,'\0',0,1460798138473,1460798567079,0),(26,9,1,'200000',0,1,'2016-04-16',1048,10,2,'\0',0,1460799761127,1460802555462,0),(27,8,1,'200000',0,1,'2016-04-18',980,10,5,'\0',0,1460955949640,1460973813032,0),(28,8,1,'200000',1,1,'2016-04-18',1018,30,0,'\0',0,1460956131594,1460956131594,0),(29,8,1,'200000',0,1,'2016-04-18',1113,10,6,'\0',0,1460973715391,1461219682055,0),(30,8,1,'200000',1,1,'2016-04-21',1018,30,5,'\0',0,1461211975866,1461214986747,0),(31,8,1,'200000',1,1,'2016-04-21',1113,30,5,'\0',0,1461215158676,1461225445473,0),(32,1,1,'200000',0,1,'2016-04-21',980,10,0,'\0',0,1461215319444,1461215319444,0),(33,1,1,'200000',1,1,'2016-04-21',1018,30,5,'',0,1461215442630,1461215478064,0),(34,8,6,'200000',1,1,'2016-04-21',1179,30,0,'\0',0,1461224222945,1461224222945,0),(35,8,1,'200000',1,1,'2016-04-21',1113,30,5,'\0',0,1461235645365,1461235755892,0);
/*!40000 ALTER TABLE `appointment_booking` ENABLE KEYS */;
UNLOCK TABLES;

--
-- Table structure for table `appointment_patient`
--

DROP TABLE IF EXISTS `appointment_patient`;
/*!40101 SET @saved_cs_client     = @@character_set_client */;
/*!40101 SET character_set_client = utf8 */;
CREATE TABLE `appointment_patient` (
  `appointment_id` int(11) unsigned NOT NULL,
  `name` varchar(256) NOT NULL,
  `birth` date NOT NULL,
  `gender` tinyint(4) NOT NULL,
  `address` varchar(2048) DEFAULT NULL,
  `symtoms` text NOT NULL,
  PRIMARY KEY (`appointment_id`) USING HASH,
  KEY `index_birth` (`birth`),
  CONSTRAINT `fk_appointment_patient_appointment_id_appointment_booking_id` FOREIGN KEY (`appointment_id`) REFERENCES `appointment_booking` (`id`)
) ENGINE=InnoDB DEFAULT CHARSET=utf8;
/*!40101 SET character_set_client = @saved_cs_client */;

--
-- Dumping data for table `appointment_patient`
--

LOCK TABLES `appointment_patient` WRITE;
/*!40000 ALTER TABLE `appointment_patient` DISABLE KEYS */;
INSERT INTO `appointment_patient` VALUES (2,'Quang Vu','1992-06-02',0,'Ho chi minh','Dau dau, so mui, chong mat, buon non!'),(3,'Quang Vu','1992-06-02',0,'Ho chi minh','Dau dau, so mui, chong mat, buon non!'),(9,'Quang Vu','1992-06-02',0,'Ho chi minh','Dau dau, so mui, chong mat, buon non!'),(10,'Quang Vu','1992-06-02',0,'Ho chi minh','Dau dau, so mui, chong mat, buon non!'),(11,'Quang Vu','1992-06-02',0,'Ho chi minh','Dau dau, so mui, chong mat, buon non!'),(12,'Quang Vu','1992-06-02',0,'Ho chi minh','Dau dau, so mui, chong mat, buon non!'),(13,'Quang Vu','1992-06-02',0,'Ho chi minh','Dau dau, so mui, chong mat, buon non!'),(14,'Quang Vu','1992-06-02',0,'Ho chi minh','Dau dau, so mui, chong mat, buon non!'),(15,'Quang Vu','1992-06-02',0,'Ho chi minh','Dau dau, so mui, chong mat, buon non!'),(16,'Quang Vu','1992-06-02',0,'Ho chi minh','Dau dau, so mui, chong mat, buon non!'),(17,'Quang Vu','1992-06-02',0,'Ho chi minh','Dau dau, so mui, chong mat, buon non!'),(18,'','1992-06-02',1,'',''),(19,'','1992-06-02',1,'',''),(20,'abc','1992-06-02',1,'','dau bung'),(21,'','1992-06-02',1,'',''),(22,'','1992-06-02',1,'',''),(23,'','1992-06-02',1,'',''),(24,'','1992-06-02',1,'',''),(25,'','1992-06-02',1,'',''),(26,'','1992-06-02',1,'',''),(27,'','1992-06-02',1,'',''),(28,'','1992-06-02',1,'',''),(29,'','1992-06-02',1,'',''),(30,'','1992-06-02',1,'',''),(31,'','1992-06-02',1,'',''),(32,'','1992-06-02',1,'',''),(33,'','1992-06-02',1,'',''),(34,'linh','1992-06-02',1,'Hiệp Thành, Quận 12, Hồ Chí Minh, Vietnam','sot, ho, tieu chay\n'),(35,'thanh tra nguyen','1992-06-02',1,'139 Bạch Đằng, Phường 2, Tân Bình, Hồ Chí Minh, Vietnam','rung toc');
/*!40000 ALTER TABLE `appointment_patient` ENABLE KEYS */;
UNLOCK TABLES;

--
-- Table structure for table `appointment_prescription`
--

DROP TABLE IF EXISTS `appointment_prescription`;
/*!40101 SET @saved_cs_client     = @@character_set_client */;
/*!40101 SET character_set_client = utf8 */;
CREATE TABLE `appointment_prescription` (
  `id` int(11) unsigned NOT NULL AUTO_INCREMENT,
  `booking_id` int(11) unsigned NOT NULL,
  `date` date NOT NULL,
  `instruction` text NOT NULL,
  PRIMARY KEY (`id`),
  KEY `booking_id` (`booking_id`),
  CONSTRAINT `fk_appointment_prescription_id_appointment_booking_id` FOREIGN KEY (`booking_id`) REFERENCES `appointment_booking` (`id`)
) ENGINE=InnoDB AUTO_INCREMENT=19 DEFAULT CHARSET=utf8;
/*!40101 SET character_set_client = @saved_cs_client */;

--
-- Dumping data for table `appointment_prescription`
--

LOCK TABLES `appointment_prescription` WRITE;
/*!40000 ALTER TABLE `appointment_prescription` DISABLE KEYS */;
INSERT INTO `appointment_prescription` VALUES (12,17,'2016-04-16','Uong sau khi an com'),(13,25,'2016-04-16','abc'),(14,27,'2016-04-16','Uong sau khi an com'),(15,30,'2016-04-21','abc'),(16,33,'2016-04-21','abc'),(17,31,'2016-04-21','abc'),(18,35,'2016-04-21','abc');
/*!40000 ALTER TABLE `appointment_prescription` ENABLE KEYS */;
UNLOCK TABLES;

--
-- Table structure for table `calendar`
--

DROP TABLE IF EXISTS `calendar`;
/*!40101 SET @saved_cs_client     = @@character_set_client */;
/*!40101 SET character_set_client = utf8 */;
CREATE TABLE `calendar` (
  `id` int(11) NOT NULL,
  `code` varchar(45) DEFAULT NULL,
  `name` varchar(45) DEFAULT NULL,
  `type` tinyint(1) DEFAULT NULL,
  `slot` bigint(20) DEFAULT NULL,
  `date` bigint(20) DEFAULT NULL,
  `available` tinyint(1) DEFAULT NULL,
  `configuration_id` int(11) DEFAULT NULL,
  `account_id` int(11) DEFAULT NULL,
  `is_blocked` tinyint(1) DEFAULT '0',
  `created_by` int(11) DEFAULT NULL,
  `created_datetime` bigint(20) DEFAULT NULL,
  `last_updated_by` int(11) DEFAULT NULL,
  `last_updated` bigint(11) DEFAULT NULL,
  `is_deleted` tinyint(1) DEFAULT '0',
  PRIMARY KEY (`id`),
  KEY `fk_calendar_account_idx` (`account_id`),
  KEY `FK_grar0vt1grsig5irlyh9n6btw` (`configuration_id`),
  CONSTRAINT `FK_grar0vt1grsig5irlyh9n6btw` FOREIGN KEY (`configuration_id`) REFERENCES `configuration` (`id`),
  CONSTRAINT `fk_calendar_account` FOREIGN KEY (`account_id`) REFERENCES `account` (`id`) ON DELETE NO ACTION ON UPDATE NO ACTION
) ENGINE=InnoDB DEFAULT CHARSET=latin1;
/*!40101 SET character_set_client = @saved_cs_client */;

--
-- Dumping data for table `calendar`
--

LOCK TABLES `calendar` WRITE;
/*!40000 ALTER TABLE `calendar` DISABLE KEYS */;
/*!40000 ALTER TABLE `calendar` ENABLE KEYS */;
UNLOCK TABLES;

--
-- Table structure for table `category`
--

DROP TABLE IF EXISTS `category`;
/*!40101 SET @saved_cs_client     = @@character_set_client */;
/*!40101 SET character_set_client = utf8 */;
CREATE TABLE `category` (
  `id` int(11) NOT NULL AUTO_INCREMENT,
  `major_id` int(11) DEFAULT NULL,
  `code` varchar(45) NOT NULL,
  `name` varchar(450) NOT NULL,
  `description` varchar(1000) DEFAULT NULL,
  `i18n_lang_key_prefix` varchar(100) DEFAULT NULL,
  `view_radius_limit` bigint(20) DEFAULT NULL,
  `is_deleted` tinyint(1) DEFAULT '0',
  `created_by` int(11) DEFAULT NULL,
  `created_datetime` bigint(20) DEFAULT NULL,
  `last_updated_by` int(11) DEFAULT NULL,
  `last_updated` bigint(20) DEFAULT NULL,
  PRIMARY KEY (`id`),
  UNIQUE KEY `code_UNIQUE` (`code`),
  KEY `FK_CATEGORY_MAJOR` (`major_id`),
  CONSTRAINT `FK_CATEGORY_MAJOR` FOREIGN KEY (`major_id`) REFERENCES `major` (`id`) ON DELETE NO ACTION ON UPDATE NO ACTION
) ENGINE=InnoDB AUTO_INCREMENT=11 DEFAULT CHARSET=utf8;
/*!40101 SET character_set_client = @saved_cs_client */;

--
-- Dumping data for table `category`
--

LOCK TABLES `category` WRITE;
/*!40000 ALTER TABLE `category` DISABLE KEYS */;
INSERT INTO `category` VALUES (8,5,'NOI','Nội',NULL,NULL,NULL,0,NULL,NULL,NULL,NULL),(9,5,'NGOAI','Ngoại',NULL,NULL,NULL,0,NULL,NULL,NULL,NULL),(10,6,'CHAM_SOC_SAN','Chăm sóc sản',NULL,NULL,NULL,0,NULL,NULL,NULL,NULL);
/*!40000 ALTER TABLE `category` ENABLE KEYS */;
UNLOCK TABLES;

--
-- Table structure for table `clinic_right`
--

DROP TABLE IF EXISTS `clinic_right`;
/*!40101 SET @saved_cs_client     = @@character_set_client */;
/*!40101 SET character_set_client = utf8 */;
CREATE TABLE `clinic_right` (
  `id` int(11) NOT NULL AUTO_INCREMENT,
  `code` varchar(45) NOT NULL COMMENT 'view/approve/create/reject',
  `name` varchar(450) NOT NULL,
  `description` varchar(1000) DEFAULT NULL,
  `is_deleted` tinyint(1) DEFAULT '0',
  `created_by` int(11) DEFAULT NULL,
  `created_datetime` bigint(20) DEFAULT NULL,
  `last_updated_by` int(11) DEFAULT NULL,
  `last_updated` bigint(20) DEFAULT NULL,
  PRIMARY KEY (`id`)
) ENGINE=InnoDB AUTO_INCREMENT=14 DEFAULT CHARSET=utf8;
/*!40101 SET character_set_client = @saved_cs_client */;

--
-- Dumping data for table `clinic_right`
--

LOCK TABLES `clinic_right` WRITE;
/*!40000 ALTER TABLE `clinic_right` DISABLE KEYS */;
INSERT INTO `clinic_right` VALUES (1,'RIGHT_UPDATE_TIMINGS','Update timings','Update doctor / nurse timings',0,NULL,NULL,NULL,NULL),(2,'RIGHT_BOOK_APPOINTMENT','Patient book appointment right','Patient book appointment right',0,NULL,NULL,NULL,NULL),(3,'RIGHT_APPROVE_APPOINTMENT','Approve appointment',NULL,0,NULL,NULL,NULL,NULL),(4,'RIGHT_CANCEL_APPOINTMENT','Cancel appointment','Cancel appointment',0,NULL,NULL,NULL,NULL),(5,'RIGHT_REJECT_APPOINTMENT','Reject appointment','Reject appointment',0,NULL,NULL,NULL,NULL),(6,'RIGHT_START_APPOINTMENT','Start appointment','Start appointment',0,NULL,NULL,NULL,NULL),(7,'RIGHT_GET_MEDICAR_APPOINTMENT','Get medicar appointments','Get medicar appointments',0,NULL,NULL,NULL,NULL),(8,'RIGHT_SUBMIT_PRESCRIPTION','Medicar can submit owned prescription','Medicar can submit owned prescription',0,NULL,NULL,NULL,NULL),(9,'RIGHT_GET_PRESCRIPTION_HISTORY','Medicar can get prescription of patient in appointment','Medicar can get prescription of patient in appointment',0,NULL,NULL,NULL,NULL),(10,'RIGHT_BLOCK_VACATION','User can own block vacations','User can own block vacations',0,NULL,NULL,NULL,NULL),(11,'RIGHT_HAS_MEDICAR_PROFILE','User can have medicar\'s profile','User can have medicar\'s profile',0,NULL,NULL,NULL,NULL),(12,'RIGHT_UPDATE_MEDICAR_PROFILE','User can update medicar profile of all users','User can update medicar profile of all users',0,NULL,NULL,NULL,NULL),(13,'RIGHT_RATING','Right rating',NULL,0,NULL,NULL,NULL,NULL);
/*!40000 ALTER TABLE `clinic_right` ENABLE KEYS */;
UNLOCK TABLES;

--
-- Table structure for table `comment`
--

DROP TABLE IF EXISTS `comment`;
/*!40101 SET @saved_cs_client     = @@character_set_client */;
/*!40101 SET character_set_client = utf8 */;
CREATE TABLE `comment` (
  `id` int(11) NOT NULL,
  `code` varchar(45) DEFAULT NULL,
  `name` varchar(45) DEFAULT NULL,
  `is_deleted` tinyint(1) DEFAULT NULL,
  `created_by` int(11) DEFAULT NULL,
  `created_datetime` bigint(20) DEFAULT NULL,
  `last_updated` bigint(20) DEFAULT NULL,
  `last_updated_by` int(11) DEFAULT NULL,
  `content` text,
  `medicar_id` int(11) DEFAULT NULL,
  `patient_id` int(11) DEFAULT NULL,
  PRIMARY KEY (`id`),
  KEY `fk_comment_account_idx` (`medicar_id`),
  KEY `fk_comment_account_patient_idx` (`patient_id`),
  CONSTRAINT `fk_comment_account_medicar` FOREIGN KEY (`medicar_id`) REFERENCES `account` (`id`) ON DELETE NO ACTION ON UPDATE NO ACTION,
  CONSTRAINT `fk_comment_account_patient` FOREIGN KEY (`patient_id`) REFERENCES `account` (`id`) ON DELETE NO ACTION ON UPDATE NO ACTION
) ENGINE=InnoDB DEFAULT CHARSET=utf8;
/*!40101 SET character_set_client = @saved_cs_client */;

--
-- Dumping data for table `comment`
--

LOCK TABLES `comment` WRITE;
/*!40000 ALTER TABLE `comment` DISABLE KEYS */;
/*!40000 ALTER TABLE `comment` ENABLE KEYS */;
UNLOCK TABLES;

--
-- Table structure for table `configuration`
--

DROP TABLE IF EXISTS `configuration`;
/*!40101 SET @saved_cs_client     = @@character_set_client */;
/*!40101 SET character_set_client = utf8 */;
CREATE TABLE `configuration` (
  `id` int(11) NOT NULL,
  `code` varchar(45) DEFAULT NULL,
  `name` varchar(45) DEFAULT NULL,
  `description` varchar(45) DEFAULT NULL,
  `value` varchar(45) DEFAULT NULL,
  `created_by` int(11) DEFAULT NULL,
  `created_datetime` bigint(20) DEFAULT NULL,
  `last_updated_by` int(11) DEFAULT NULL,
  `last_updated` bigint(20) DEFAULT NULL,
  `is_deleted` tinyint(1) DEFAULT '0',
  PRIMARY KEY (`id`),
  UNIQUE KEY `code_UNIQUE` (`code`)
) ENGINE=InnoDB DEFAULT CHARSET=latin1;
/*!40101 SET character_set_client = @saved_cs_client */;

--
-- Dumping data for table `configuration`
--

LOCK TABLES `configuration` WRITE;
/*!40000 ALTER TABLE `configuration` DISABLE KEYS */;
/*!40000 ALTER TABLE `configuration` ENABLE KEYS */;
UNLOCK TABLES;

--
-- Table structure for table `cost`
--

DROP TABLE IF EXISTS `cost`;
/*!40101 SET @saved_cs_client     = @@character_set_client */;
/*!40101 SET character_set_client = utf8 */;
CREATE TABLE `cost` (
  `id` int(11) NOT NULL AUTO_INCREMENT,
  `code` varchar(45) DEFAULT NULL,
  `name` varchar(45) DEFAULT NULL,
  `description` varchar(45) DEFAULT NULL,
  `price` double DEFAULT NULL,
  `is_deleted` tinyint(1) DEFAULT '0',
  `created_by` int(11) DEFAULT NULL,
  `created_datetime` bigint(20) DEFAULT NULL,
  `last_updated_by` int(11) DEFAULT NULL,
  `last_updated` bigint(20) DEFAULT NULL,
  PRIMARY KEY (`id`),
  UNIQUE KEY `id_UNIQUE` (`id`)
) ENGINE=InnoDB AUTO_INCREMENT=3 DEFAULT CHARSET=utf8;
/*!40101 SET character_set_client = @saved_cs_client */;

--
-- Dumping data for table `cost`
--

LOCK TABLES `cost` WRITE;
/*!40000 ALTER TABLE `cost` DISABLE KEYS */;
INSERT INTO `cost` VALUES (1,'home','home',NULL,150,0,NULL,NULL,NULL,NULL),(2,'clinic','clinic',NULL,50,0,NULL,NULL,NULL,NULL);
/*!40000 ALTER TABLE `cost` ENABLE KEYS */;
UNLOCK TABLES;

--
-- Table structure for table `custom_timings`
--

DROP TABLE IF EXISTS `custom_timings`;
/*!40101 SET @saved_cs_client     = @@character_set_client */;
/*!40101 SET character_set_client = utf8 */;
CREATE TABLE `custom_timings` (
  `id` int(11) unsigned NOT NULL AUTO_INCREMENT,
  `account_id` int(11) NOT NULL,
  `date` date NOT NULL,
  `begin` smallint(5) unsigned NOT NULL,
  `length` smallint(5) unsigned NOT NULL,
  `type` tinyint(4) NOT NULL,
  `is_deleted` tinyint(1) NOT NULL DEFAULT '0',
  PRIMARY KEY (`id`),
  KEY `index_account_id` (`account_id`),
  KEY `index_type` (`type`),
  KEY `index_date` (`date`,`begin`) USING BTREE,
  CONSTRAINT `fk_custom_timings_account_id_account_id` FOREIGN KEY (`account_id`) REFERENCES `account` (`id`)
) ENGINE=InnoDB DEFAULT CHARSET=utf8;
/*!40101 SET character_set_client = @saved_cs_client */;

--
-- Dumping data for table `custom_timings`
--

LOCK TABLES `custom_timings` WRITE;
/*!40000 ALTER TABLE `custom_timings` DISABLE KEYS */;
/*!40000 ALTER TABLE `custom_timings` ENABLE KEYS */;
UNLOCK TABLES;

--
-- Table structure for table `major`
--

DROP TABLE IF EXISTS `major`;
/*!40101 SET @saved_cs_client     = @@character_set_client */;
/*!40101 SET character_set_client = utf8 */;
CREATE TABLE `major` (
  `id` int(11) NOT NULL AUTO_INCREMENT,
  `code` varchar(45) NOT NULL,
  `name` varchar(450) NOT NULL,
  `description` varchar(1000) DEFAULT NULL,
  `is_deleted` tinyint(1) DEFAULT '0',
  `created_by` int(11) DEFAULT NULL,
  `created_datetime` bigint(20) DEFAULT NULL,
  `last_updated_by` int(11) DEFAULT NULL,
  `last_updated` bigint(20) DEFAULT NULL,
  PRIMARY KEY (`id`),
  UNIQUE KEY `code_UNIQUE` (`code`)
) ENGINE=InnoDB AUTO_INCREMENT=7 DEFAULT CHARSET=utf8;
/*!40101 SET character_set_client = @saved_cs_client */;

--
-- Dumping data for table `major`
--

LOCK TABLES `major` WRITE;
/*!40000 ALTER TABLE `major` DISABLE KEYS */;
INSERT INTO `major` VALUES (5,'DOCTOR','Bác sĩ',NULL,0,NULL,NULL,NULL,NULL),(6,'NURSE','Điều dưỡng',NULL,0,NULL,NULL,NULL,NULL);
/*!40000 ALTER TABLE `major` ENABLE KEYS */;
UNLOCK TABLES;

--
-- Table structure for table `medicar_profile`
--

DROP TABLE IF EXISTS `medicar_profile`;
/*!40101 SET @saved_cs_client     = @@character_set_client */;
/*!40101 SET character_set_client = utf8 */;
CREATE TABLE `medicar_profile` (
  `id` int(11) NOT NULL AUTO_INCREMENT,
  `account_id` int(11) NOT NULL,
  `license_number` varchar(256) NOT NULL,
  `graduated_school` varchar(256) DEFAULT NULL,
  `graduated_year` year(4) DEFAULT NULL,
  `master_year` year(4) DEFAULT NULL,
  `master_spec` varchar(256) DEFAULT NULL,
  `doctor_year` year(4) DEFAULT NULL,
  `doctor_spec` varchar(256) DEFAULT NULL,
  `specialist_1_year` year(4) DEFAULT NULL,
  `specialist_1_spec` varchar(256) DEFAULT NULL,
  `specialist_2_year` year(4) DEFAULT NULL,
  `specialist_2_spec` varchar(256) DEFAULT NULL,
  `other_specialist_year` year(4) DEFAULT NULL,
  `other_specialist_spec` varchar(256) DEFAULT NULL,
  `other_training` text,
  `level` tinyint(3) unsigned NOT NULL,
  `clinic_price` int(11) unsigned NOT NULL,
  `patient_home_price` int(11) unsigned NOT NULL,
  `is_deleted` bit(1) DEFAULT NULL,
  `created_by` int(11) DEFAULT NULL,
  `created_datetime` bigint(20) DEFAULT NULL,
  `last_updated` bigint(20) DEFAULT NULL,
  `last_updated_by` int(11) DEFAULT NULL,
  `licenseNumber` varchar(256) DEFAULT NULL,
  PRIMARY KEY (`id`),
  UNIQUE KEY `account_id_2` (`account_id`),
  KEY `account_id` (`account_id`),
  CONSTRAINT `fk_doctor_profile_account_id_account_id` FOREIGN KEY (`account_id`) REFERENCES `account` (`id`)
) ENGINE=InnoDB DEFAULT CHARSET=utf8;
/*!40101 SET character_set_client = @saved_cs_client */;

--
-- Dumping data for table `medicar_profile`
--

LOCK TABLES `medicar_profile` WRITE;
/*!40000 ALTER TABLE `medicar_profile` DISABLE KEYS */;
/*!40000 ALTER TABLE `medicar_profile` ENABLE KEYS */;
UNLOCK TABLES;

--
-- Table structure for table `notification`
--

DROP TABLE IF EXISTS `notification`;
/*!40101 SET @saved_cs_client     = @@character_set_client */;
/*!40101 SET character_set_client = utf8 */;
CREATE TABLE `notification` (
  `id` bigint(20) unsigned NOT NULL AUTO_INCREMENT,
  `owner` int(11) NOT NULL,
  `sender` int(11) DEFAULT NULL,
  `content` text NOT NULL,
  `type` tinyint(3) unsigned NOT NULL DEFAULT '0',
  `is_read` tinyint(1) NOT NULL DEFAULT '0',
  PRIMARY KEY (`id`),
  KEY `owner` (`owner`),
  KEY `sender` (`sender`),
  CONSTRAINT `FK_r3mhugotx5tcjxteuti1xixkw` FOREIGN KEY (`sender`) REFERENCES `account` (`id`),
  CONSTRAINT `FK_rg0ks2jlh334m1n721ao16ko8` FOREIGN KEY (`owner`) REFERENCES `account` (`id`)
) ENGINE=InnoDB AUTO_INCREMENT=32 DEFAULT CHARSET=utf8;
/*!40101 SET character_set_client = @saved_cs_client */;

--
-- Dumping data for table `notification`
--

LOCK TABLES `notification` WRITE;
/*!40000 ALTER TABLE `notification` DISABLE KEYS */;
INSERT INTO `notification` VALUES (1,6,NULL,'Bệnh nhân Đỗ a Vương đã đặt một lịch khám vào lúc 19:39 ngày 16-04-2016',0,0),(2,1,NULL,'Bác sĩ Nguyên Văn Vu đã từ chối cuộc hẹn bạn đặt vào lúc 19:39 ngày 16-04-2016',0,0),(3,1,NULL,'Bệnh nhân Đỗ a Vương đã đặt một lịch khám vào lúc 01:50 ngày 18-04-2016',0,0),(4,1,NULL,'Bệnh nhân Đỗ a Vương đã đặt một lịch khám vào lúc 09:00 ngày 17-04-2016',0,0),(5,1,NULL,'Bệnh nhân Đỗ a Vương đã đặt một lịch khám vào lúc 15:02 ngày 16-04-2016',0,0),(6,1,NULL,'Bệnh nhân Đỗ a Vương đã đặt một lịch khám vào lúc 15:32 ngày 16-04-2016',0,0),(7,1,NULL,'Bệnh nhân Đỗ a Vương đã đặt một lịch khám vào lúc 16:02 ngày 16-04-2016',0,0),(8,1,NULL,'Bác sĩ Đỗ a Vương đã chấp nhận cuộc hẹn bạn đặt vào lúc 15:32 ngày 16-04-2016',0,0),(9,1,NULL,'Bệnh nhân Murphy Roma đã đặt một lịch khám vào lúc 16:42 ngày 16-04-2016',0,0),(10,8,NULL,'Bác sĩ Đỗ a Vương đã chấp nhận cuộc hẹn bạn đặt vào lúc 16:42 ngày 16-04-2016',0,0),(11,1,NULL,'Bệnh nhân Feest Zechariah đã đặt một lịch khám vào lúc 17:28 ngày 16-04-2016',0,0),(12,9,NULL,'Bác sĩ Đỗ a Vương đã từ chối cuộc hẹn bạn đặt vào lúc 17:28 ngày 16-04-2016',0,0),(13,1,NULL,'Bác sĩ Đỗ a Vương đã từ chối cuộc hẹn bạn đặt vào lúc 16:02 ngày 16-04-2016',0,0),(14,1,NULL,'Bác sĩ Đỗ a Vương đã hủy cuộc hẹn lúc 15:32 ngày 16-04-2016',0,0),(15,1,NULL,'Bác sĩ Đỗ a Vương đã từ chối cuộc hẹn bạn đặt vào lúc 15:02 ngày 16-04-2016',0,0),(16,1,NULL,'Bác sĩ Đỗ a Vương đã từ chối cuộc hẹn bạn đặt vào lúc 01:50 ngày 18-04-2016',0,0),(17,1,NULL,'Bệnh nhân Murphy Roma đã đặt một lịch khám vào lúc 16:20 ngày 18-04-2016',0,0),(18,8,NULL,'Bác sĩ Đỗ a Vương đã chấp nhận cuộc hẹn bạn đặt vào lúc 16:20 ngày 18-04-2016',0,0),(19,1,NULL,'Bệnh nhân Murphy Roma đã đặt một lịch khám vào lúc 16:58 ngày 18-04-2016',0,0),(20,1,NULL,'Bệnh nhân Murphy Roma đã đặt một lịch khám vào lúc 18:33 ngày 18-04-2016',0,0),(21,8,NULL,'Bác sĩ Đỗ a Vương đã chấp nhận cuộc hẹn bạn đặt vào lúc 18:33 ngày 18-04-2016',0,0),(22,1,NULL,'Bệnh nhân Murphy Roma đã đặt một lịch khám vào lúc 16:58 ngày 21-04-2016',0,0),(23,8,NULL,'Bác sĩ Đỗ a Vương đã chấp nhận cuộc hẹn bạn đặt vào lúc 16:58 ngày 21-04-2016',0,0),(24,1,NULL,'Bệnh nhân Murphy Roma đã đặt một lịch khám vào lúc 18:33 ngày 21-04-2016',0,0),(25,1,NULL,'Bệnh nhân Đỗ a Vương đã đặt một lịch khám vào lúc 16:20 ngày 21-04-2016',0,0),(26,1,NULL,'Bệnh nhân Đỗ a Vương đã đặt một lịch khám vào lúc 16:58 ngày 21-04-2016',0,0),(27,1,NULL,'Bác sĩ Đỗ a Vương đã chấp nhận cuộc hẹn bạn đặt vào lúc 16:58 ngày 21-04-2016',0,0),(28,6,NULL,'Bệnh nhân Murphy Roma đã đặt một lịch khám vào lúc 19:39 ngày 21-04-2016',0,0),(29,8,NULL,'Bác sĩ Đỗ a Vương đã chấp nhận cuộc hẹn bạn đặt vào lúc 18:33 ngày 21-04-2016',0,0),(30,1,NULL,'Bệnh nhân Murphy Roma đã đặt một lịch khám vào lúc 18:33 ngày 21-04-2016',0,0),(31,8,NULL,'Bác sĩ Đỗ a Vương đã chấp nhận cuộc hẹn bạn đặt vào lúc 18:33 ngày 21-04-2016',0,0);
/*!40000 ALTER TABLE `notification` ENABLE KEYS */;
UNLOCK TABLES;

--
-- Table structure for table `place`
--

DROP TABLE IF EXISTS `place`;
/*!40101 SET @saved_cs_client     = @@character_set_client */;
/*!40101 SET character_set_client = utf8 */;
CREATE TABLE `place` (
  `id` int(11) NOT NULL AUTO_INCREMENT,
  `address_id` int(11) NOT NULL,
  `cost_id` int(11) DEFAULT NULL,
  `code` varchar(45) NOT NULL,
  `name` varchar(450) NOT NULL,
  `description` text,
  `note` varchar(1000) DEFAULT NULL,
  `phone_number` varchar(45) DEFAULT NULL,
  `email` varchar(450) DEFAULT NULL,
  `website` varchar(450) DEFAULT NULL,
  `fax` varchar(45) DEFAULT NULL,
  `daily_open_time` bigint(20) DEFAULT NULL,
  `daily_close_time` bigint(20) DEFAULT NULL,
  `image_url` varchar(500) DEFAULT NULL,
  `status` tinyint(1) DEFAULT NULL,
  `is_deleted` tinyint(1) DEFAULT '0',
  `created_by` int(11) DEFAULT NULL,
  `created_datetime` bigint(20) DEFAULT NULL,
  `last_updated_by` int(11) DEFAULT NULL,
  `last_updated` bigint(20) DEFAULT NULL,
  `longtitude` double DEFAULT NULL,
  `node` varchar(1000) DEFAULT NULL,
  `latitude` double DEFAULT NULL,
  PRIMARY KEY (`id`),
  UNIQUE KEY `code_UNIQUE` (`code`),
  KEY `fk_place_address1_idx` (`address_id`),
  KEY `fk_place_cost_idx` (`cost_id`),
  KEY `coord` (`longtitude`,`latitude`) USING BTREE,
  CONSTRAINT `fk_place_address` FOREIGN KEY (`address_id`) REFERENCES `address` (`id`) ON DELETE NO ACTION ON UPDATE NO ACTION,
  CONSTRAINT `fk_place_cost` FOREIGN KEY (`cost_id`) REFERENCES `cost` (`id`) ON DELETE NO ACTION ON UPDATE NO ACTION
) ENGINE=InnoDB AUTO_INCREMENT=2 DEFAULT CHARSET=utf8;
/*!40101 SET character_set_client = @saved_cs_client */;

--
-- Dumping data for table `place`
--

LOCK TABLES `place` WRITE;
/*!40000 ALTER TABLE `place` DISABLE KEYS */;
INSERT INTO `place` VALUES (1,2,2,'PK_DOCTOR_00002','PK KMS 1',NULL,NULL,'233123','ck@gmail.com','xxx.com',NULL,NULL,NULL,NULL,NULL,0,NULL,NULL,NULL,NULL,NULL,NULL,NULL);
/*!40000 ALTER TABLE `place` ENABLE KEYS */;
UNLOCK TABLES;

--
-- Table structure for table `prescription_doctor_note`
--

DROP TABLE IF EXISTS `prescription_doctor_note`;
/*!40101 SET @saved_cs_client     = @@character_set_client */;
/*!40101 SET character_set_client = utf8 */;
CREATE TABLE `prescription_doctor_note` (
  `id` int(11) unsigned NOT NULL,
  `text` text NOT NULL,
  `image` varchar(1024) DEFAULT NULL,
  PRIMARY KEY (`id`),
  CONSTRAINT `fk_appointment_doctor_note_id_appointment_prescription_id` FOREIGN KEY (`id`) REFERENCES `appointment_prescription` (`id`)
) ENGINE=InnoDB DEFAULT CHARSET=utf8;
/*!40101 SET character_set_client = @saved_cs_client */;

--
-- Dumping data for table `prescription_doctor_note`
--

LOCK TABLES `prescription_doctor_note` WRITE;
/*!40000 ALTER TABLE `prescription_doctor_note` DISABLE KEYS */;
INSERT INTO `prescription_doctor_note` VALUES (9,'Tinh trang binh thuong, uong thuoc xong chet!',NULL),(10,'Tinh trang binh thuong, uong thuoc xong chet!',NULL),(11,'Tinh trang binh thuong, uong thuoc xong chet!',NULL),(12,'Tinh trang binh thuong, uong thuoc xong chet!',NULL),(13,'abc',NULL),(14,'Tinh trang binh thuong, uong thuoc xong chet!',NULL),(15,'abc',NULL),(16,'abc',NULL),(17,'chay mau nhieu,/.......',NULL),(18,'rung toc kinh nien',NULL);
/*!40000 ALTER TABLE `prescription_doctor_note` ENABLE KEYS */;
UNLOCK TABLES;

--
-- Table structure for table `prescription_medicine`
--

DROP TABLE IF EXISTS `prescription_medicine`;
/*!40101 SET @saved_cs_client     = @@character_set_client */;
/*!40101 SET character_set_client = utf8 */;
CREATE TABLE `prescription_medicine` (
  `id` int(11) unsigned NOT NULL AUTO_INCREMENT,
  `prescription_id` int(11) unsigned NOT NULL,
  `name` varchar(512) NOT NULL,
  `quant_total` smallint(5) unsigned NOT NULL,
  `instr` varchar(1024) NOT NULL,
  `quant_morning` double unsigned NOT NULL,
  `quant_noon` double unsigned NOT NULL,
  `quant_afternoon` double unsigned NOT NULL,
  `quant_night` double unsigned NOT NULL,
  PRIMARY KEY (`id`),
  KEY `prescription_id` (`prescription_id`),
  CONSTRAINT `fk_prescription_id` FOREIGN KEY (`prescription_id`) REFERENCES `appointment_prescription` (`id`)
) ENGINE=InnoDB AUTO_INCREMENT=20 DEFAULT CHARSET=utf8;
/*!40101 SET character_set_client = @saved_cs_client */;

--
-- Dumping data for table `prescription_medicine`
--

LOCK TABLES `prescription_medicine` WRITE;
/*!40000 ALTER TABLE `prescription_medicine` DISABLE KEYS */;
INSERT INTO `prescription_medicine` VALUES (1,9,'aspirin',0,'',2,0,0,2),(2,9,'beta lecosoda',0,'',1,0,0,1),(3,9,'medax',0,'',1,1,1,1),(4,10,'aspirin',0,'',2,0,0,2),(5,10,'beta lecosoda',0,'',1,0,0,1),(6,10,'medax',0,'',1,1,1,1),(7,11,'aspirin',0,'',2,0,0,2),(8,11,'beta lecosoda',0,'',1,0,0,1),(9,11,'medax',0,'',1,1,1,1),(10,12,'aspirin',16,'Sau khi an com',2,0,0,2),(11,12,'beta lecosoda',8,'Sau khi an com',1,0,0,1),(12,12,'medax',16,'Uong vao la chet',1,1,1,1),(13,13,'abc',12,'Trước khi đi ngủ',1,1,1,1),(14,13,'xyz',12,'Ăn no trước khi uống',1,1,1,1),(15,14,'aspirin',16,'Sau khi an com',2,0,0,2),(16,14,'beta lecosoda',8,'Sau khi an com',1,0,0,1),(17,14,'medax',16,'Uong vao la chet',1,1,1,1),(18,18,'becberin',12,'Trước khi ăn',1,1,1,1),(19,18,'dau dua',1,'Trước khi đi ngủ',1,1,1,1);
/*!40000 ALTER TABLE `prescription_medicine` ENABLE KEYS */;
UNLOCK TABLES;

--
-- Table structure for table `rate`
--

DROP TABLE IF EXISTS `rate`;
/*!40101 SET @saved_cs_client     = @@character_set_client */;
/*!40101 SET character_set_client = utf8 */;
CREATE TABLE `rate` (
  `id` int(11) NOT NULL AUTO_INCREMENT,
  `name` varchar(45) DEFAULT NULL,
  `code` varchar(45) DEFAULT NULL,
  `is_deleted` tinyint(1) DEFAULT NULL,
  `last_updated` bigint(20) DEFAULT NULL,
  `last_update_by` int(11) DEFAULT NULL,
  `created_by` int(11) DEFAULT NULL,
  `created_datetime` bigint(11) DEFAULT NULL,
  `mark` double DEFAULT '0',
  `count` int(11) DEFAULT NULL,
  `last_updated_by` int(11) DEFAULT NULL,
  `medicar_id` int(11) DEFAULT NULL,
  PRIMARY KEY (`id`),
  KEY `fk_rate_account_idx` (`medicar_id`),
  CONSTRAINT `fk_rate_account` FOREIGN KEY (`medicar_id`) REFERENCES `account` (`id`) ON DELETE NO ACTION ON UPDATE NO ACTION
) ENGINE=InnoDB AUTO_INCREMENT=4 DEFAULT CHARSET=utf8;
/*!40101 SET character_set_client = @saved_cs_client */;

--
-- Dumping data for table `rate`
--

LOCK TABLES `rate` WRITE;
/*!40000 ALTER TABLE `rate` DISABLE KEYS */;
INSERT INTO `rate` VALUES (2,'Mark\'s medicar id 1','mark_1',0,1461219682042,NULL,NULL,NULL,3.6,1,NULL,1),(3,'Mark\'s medicar id 1','mark_1',0,NULL,NULL,NULL,NULL,5,0,NULL,8);
/*!40000 ALTER TABLE `rate` ENABLE KEYS */;
UNLOCK TABLES;

--
-- Table structure for table `rate_trace`
--

DROP TABLE IF EXISTS `rate_trace`;
/*!40101 SET @saved_cs_client     = @@character_set_client */;
/*!40101 SET character_set_client = utf8 */;
CREATE TABLE `rate_trace` (
  `id` int(11) NOT NULL AUTO_INCREMENT,
  `is_deleted` bit(1) DEFAULT NULL,
  `created_by` int(11) DEFAULT NULL,
  `created_datetime` bigint(20) DEFAULT NULL,
  `last_updated` bigint(20) DEFAULT NULL,
  `last_updated_by` int(11) DEFAULT NULL,
  `comment` varchar(255) DEFAULT NULL,
  `mark` double NOT NULL,
  `appointment_booking_id` int(11) unsigned NOT NULL,
  `partient_id` int(11) NOT NULL,
  PRIMARY KEY (`id`),
  KEY `fk_rate_trace_account_idx` (`partient_id`),
  KEY `fk_rate_trace_appointment_booking_idx` (`appointment_booking_id`),
  CONSTRAINT `fk_rate_trace_account` FOREIGN KEY (`partient_id`) REFERENCES `account` (`id`) ON DELETE NO ACTION ON UPDATE NO ACTION,
  CONSTRAINT `fk_rate_trace_appointment_booking` FOREIGN KEY (`appointment_booking_id`) REFERENCES `appointment_booking` (`id`)
) ENGINE=InnoDB AUTO_INCREMENT=6 DEFAULT CHARSET=utf8;
/*!40101 SET character_set_client = @saved_cs_client */;

--
-- Dumping data for table `rate_trace`
--

LOCK TABLES `rate_trace` WRITE;
/*!40000 ALTER TABLE `rate_trace` DISABLE KEYS */;
INSERT INTO `rate_trace` VALUES (5,'',8,1461219682048,1461219682050,8,'^-^',3.6,29,8);
/*!40000 ALTER TABLE `rate_trace` ENABLE KEYS */;
UNLOCK TABLES;

--
-- Table structure for table `role`
--

DROP TABLE IF EXISTS `role`;
/*!40101 SET @saved_cs_client     = @@character_set_client */;
/*!40101 SET character_set_client = utf8 */;
CREATE TABLE `role` (
  `id` int(11) NOT NULL AUTO_INCREMENT,
  `code` varchar(45) NOT NULL COMMENT 'doctor/nuser/admin',
  `name` varchar(450) NOT NULL,
  `description` varchar(1000) DEFAULT NULL,
  `is_deleted` tinyint(1) DEFAULT '0',
  `created_by` int(11) DEFAULT NULL,
  `created_datetime` bigint(20) DEFAULT NULL,
  `last_updated_by` int(11) DEFAULT NULL,
  `last_updated` bigint(20) DEFAULT NULL,
  PRIMARY KEY (`id`)
) ENGINE=InnoDB AUTO_INCREMENT=6 DEFAULT CHARSET=utf8;
/*!40101 SET character_set_client = @saved_cs_client */;

--
-- Dumping data for table `role`
--

LOCK TABLES `role` WRITE;
/*!40000 ALTER TABLE `role` DISABLE KEYS */;
INSERT INTO `role` VALUES (1,'DOCTOR_ROLE','Doctor\'s roles','Doctor\'s roles',0,NULL,NULL,NULL,NULL),(2,'PATIENT_ROLE','Patient\'s role','Patient\'s role',0,NULL,NULL,NULL,NULL),(3,'NURSE_ROLE','Nurse\'s role','Nurse\'s role',0,NULL,NULL,NULL,NULL),(4,'ADMIN_ROLE','Admin\'s role','Admin\'s role',0,NULL,NULL,NULL,NULL),(5,'NURSE_ROLE','Nurse\'s role','Nurse\'s role',0,NULL,NULL,NULL,NULL);
/*!40000 ALTER TABLE `role` ENABLE KEYS */;
UNLOCK TABLES;

--
-- Table structure for table `role_right`
--

DROP TABLE IF EXISTS `role_right`;
/*!40101 SET @saved_cs_client     = @@character_set_client */;
/*!40101 SET character_set_client = utf8 */;
CREATE TABLE `role_right` (
  `id` int(11) NOT NULL AUTO_INCREMENT,
  `role_id` int(11) NOT NULL,
  `clinic_right_id` int(11) NOT NULL,
  `is_deleted` tinyint(1) DEFAULT '0',
  `created_by` int(11) DEFAULT NULL,
  `created_datetime` bigint(20) DEFAULT NULL,
  `last_updated_by` int(11) DEFAULT NULL,
  `last_updated` bigint(20) DEFAULT NULL,
  PRIMARY KEY (`id`),
  KEY `fk_role_right_maper_right_idx` (`clinic_right_id`),
  KEY `fk_role_right_role_idx` (`role_id`),
  CONSTRAINT `fk_role_right_clinic_right` FOREIGN KEY (`clinic_right_id`) REFERENCES `clinic_right` (`id`) ON DELETE NO ACTION ON UPDATE NO ACTION,
  CONSTRAINT `fk_role_right_role` FOREIGN KEY (`role_id`) REFERENCES `role` (`id`) ON DELETE NO ACTION ON UPDATE NO ACTION
) ENGINE=InnoDB AUTO_INCREMENT=30 DEFAULT CHARSET=utf8;
/*!40101 SET character_set_client = @saved_cs_client */;

--
-- Dumping data for table `role_right`
--

LOCK TABLES `role_right` WRITE;
/*!40000 ALTER TABLE `role_right` DISABLE KEYS */;
INSERT INTO `role_right` VALUES (1,1,1,0,NULL,NULL,NULL,NULL),(2,2,2,0,NULL,NULL,NULL,NULL),(3,1,3,0,NULL,NULL,NULL,NULL),(4,1,4,0,NULL,NULL,NULL,NULL),(5,1,5,0,NULL,NULL,NULL,NULL),(6,1,6,0,NULL,NULL,NULL,NULL),(7,1,7,0,NULL,NULL,NULL,NULL),(8,1,8,0,NULL,NULL,NULL,NULL),(9,1,9,0,NULL,NULL,NULL,NULL),(10,1,10,0,NULL,NULL,NULL,NULL),(11,1,11,0,NULL,NULL,NULL,NULL),(12,4,12,0,NULL,NULL,NULL,NULL),(13,3,1,0,NULL,NULL,NULL,NULL),(14,3,3,0,NULL,NULL,NULL,NULL),(15,3,4,0,NULL,NULL,NULL,NULL),(16,3,5,0,NULL,NULL,NULL,NULL),(17,3,6,0,NULL,NULL,NULL,NULL),(18,3,7,0,NULL,NULL,NULL,NULL),(19,3,8,0,NULL,NULL,NULL,NULL),(20,3,9,0,NULL,NULL,NULL,NULL),(21,3,10,0,NULL,NULL,NULL,NULL),(22,3,11,0,NULL,NULL,NULL,NULL),(23,2,4,0,NULL,NULL,NULL,NULL),(24,2,10,0,NULL,NULL,NULL,NULL),(25,1,13,0,NULL,NULL,NULL,NULL),(26,2,13,0,NULL,NULL,NULL,NULL),(27,3,13,0,NULL,NULL,NULL,NULL),(28,4,13,0,NULL,NULL,NULL,NULL),(29,5,13,0,NULL,NULL,NULL,NULL);
/*!40000 ALTER TABLE `role_right` ENABLE KEYS */;
UNLOCK TABLES;

--
-- Table structure for table `session_log`
--

DROP TABLE IF EXISTS `session_log`;
/*!40101 SET @saved_cs_client     = @@character_set_client */;
/*!40101 SET character_set_client = utf8 */;
CREATE TABLE `session_log` (
  `id` int(11) NOT NULL AUTO_INCREMENT,
  `session_id` varchar(45) DEFAULT NULL,
  `login_time` bigint(20) DEFAULT NULL,
  `logout_time` bigint(20) DEFAULT NULL,
  `expired_time` bigint(20) NOT NULL,
  `account_id` int(11) DEFAULT NULL,
  `is_deleted` tinyint(1) DEFAULT '0',
  `last_updated` bigint(20) DEFAULT NULL,
  `last_updated_by` int(11) DEFAULT NULL,
  `created_by` int(11) DEFAULT NULL,
  `created_datetime` bigint(20) DEFAULT NULL,
  PRIMARY KEY (`id`),
  UNIQUE KEY `session_id_2` (`session_id`),
  UNIQUE KEY `account_id` (`account_id`),
  KEY `fk_sessionlog_account_idx` (`account_id`),
  KEY `login_time_expired_time` (`login_time`,`expired_time`) USING BTREE,
  KEY `session_id` (`session_id`),
  CONSTRAINT `fk_sessionlog_account` FOREIGN KEY (`account_id`) REFERENCES `account` (`id`) ON DELETE NO ACTION ON UPDATE NO ACTION
) ENGINE=InnoDB AUTO_INCREMENT=21 DEFAULT CHARSET=utf8;
/*!40101 SET character_set_client = @saved_cs_client */;

--
-- Dumping data for table `session_log`
--

LOCK TABLES `session_log` WRITE;
/*!40000 ALTER TABLE `session_log` DISABLE KEYS */;
INSERT INTO `session_log` VALUES (2,'10322b88-0dfe-4a27-93a7-c9ae1bfe0a08',1460480992346,NULL,1460482192346,1,0,1461249474507,1,1,1460480992346),(3,'a0b25eeb-badf-428d-bf6e-a2e47d0a40e3',1460609318920,NULL,1460610518920,2,0,1460609318920,2,2,1460609318920),(4,'6675b1ee-39b4-4d05-8d12-1579236b18e4',1460661906725,NULL,1460663106725,6,0,1460792821648,6,6,1460661906725),(5,'207b3a3c-ba9c-4e52-9dcf-0cb36132bfd1',1460796118392,NULL,1460797318392,8,0,1461235516502,8,8,1460796118392),(6,'0b341acc-4321-48de-a407-46d343223da4',1460796169917,NULL,1460797369917,12,0,1460948908581,12,12,1460796169917),(7,'63f6cf9a-729d-4a69-94c2-1aeca8ced02d',1460796545388,NULL,1460797745388,108,0,1461166981993,108,108,1460796545388),(8,'582fdb37-bdcf-4792-9569-e81dd9c3c933',1460796603377,NULL,1460797803377,107,0,1460796603377,107,107,1460796603377),(9,'a0b9905f-44fd-4a9b-b8cd-174d4f9f685a',1460799657664,NULL,1460800857664,127,0,1460799845038,127,127,1460799657664),(10,'841fbc1a-6574-4f8d-9bee-d38952e5195e',1460799696210,NULL,1460800896210,9,0,1460799696210,9,9,1460799696210),(11,'1d59b2c2-7a14-46b0-b727-c2bc4bba7e76',1460799983090,NULL,1460801183090,227,0,1460799983090,227,227,1460799983090),(12,'8c1d6110-f543-4394-8de4-eac0255f63e6',1460801024322,NULL,1460802224322,57,0,1460801024322,57,57,1460801024322),(13,'082ca9c1-b22d-4041-9302-9307599f2870',1460946232829,NULL,1460947432829,112,0,1460946232829,112,112,1460946232829),(14,'4f44a018-38c6-4e26-9dc6-7cfbd07521e1',1460946283186,NULL,1460947483186,207,0,1460946290781,207,207,1460946283186),(15,'a196d6b8-9b95-4c59-9e53-4c443f397186',1460948762297,NULL,1460949962297,312,0,1460948762297,312,312,1460948762297),(16,'319adeef-3b27-4caf-9323-e290a8980145',1460949253207,NULL,1460950453207,10,0,1460949253207,10,10,1460949253207),(17,'6bcc63c7-d5f0-4e1e-815b-ae60407b470b',1461223486970,NULL,1461224686970,208,0,1461223486970,208,208,1461223486970),(18,'be2cc6eb-e1ac-4612-be60-4638e49648a1',1461224344260,NULL,1461225544260,25,0,1461224344260,25,25,1461224344260),(19,'600fa8fa-4d0d-45a6-9c3b-83a9c81218f0',1461224377910,NULL,1461225577910,225,0,1461224377910,225,225,1461224377910),(20,'0460e30c-28c8-4224-b7c9-5de4a588baa4',1461224557105,NULL,1461225757105,215,0,1461224557105,215,215,1461224557105);
/*!40000 ALTER TABLE `session_log` ENABLE KEYS */;
UNLOCK TABLES;

--
-- Table structure for table `status`
--

DROP TABLE IF EXISTS `status`;
/*!40101 SET @saved_cs_client     = @@character_set_client */;
/*!40101 SET character_set_client = utf8 */;
CREATE TABLE `status` (
  `id` int(11) NOT NULL,
  `code` varchar(45) DEFAULT NULL,
  `name` varchar(45) DEFAULT NULL,
  `description` varchar(45) DEFAULT NULL,
  `created_by` int(11) DEFAULT NULL,
  `created_datetime` bigint(20) DEFAULT NULL,
  `last_updated_by` int(11) DEFAULT NULL,
  `last_updated` bigint(20) DEFAULT NULL,
  `is_deleted` tinyint(1) DEFAULT '0',
  PRIMARY KEY (`id`),
  UNIQUE KEY `code_UNIQUE` (`code`)
) ENGINE=InnoDB DEFAULT CHARSET=utf8;
/*!40101 SET character_set_client = @saved_cs_client */;

--
-- Dumping data for table `status`
--

LOCK TABLES `status` WRITE;
/*!40000 ALTER TABLE `status` DISABLE KEYS */;
/*!40000 ALTER TABLE `status` ENABLE KEYS */;
UNLOCK TABLES;

--
-- Table structure for table `subcategory`
--

DROP TABLE IF EXISTS `subcategory`;
/*!40101 SET @saved_cs_client     = @@character_set_client */;
/*!40101 SET character_set_client = utf8 */;
CREATE TABLE `subcategory` (
  `id` int(11) NOT NULL AUTO_INCREMENT,
  `name` varchar(1000) DEFAULT NULL,
  `code` varchar(45) DEFAULT NULL,
  `description` varchar(45) DEFAULT NULL,
  `created_by` int(11) DEFAULT NULL,
  `create_datetime` bigint(20) DEFAULT NULL,
  `last_updated_by` int(11) DEFAULT NULL,
  `last_updated` bigint(20) DEFAULT NULL,
  `created_datetime` bigint(20) DEFAULT NULL,
  `is_deleted` tinyint(1) DEFAULT '0',
  `category_id` int(11) DEFAULT NULL,
  `clinic_dur` smallint(5) unsigned NOT NULL,
  `patient_home_dur` smallint(5) unsigned NOT NULL,
  PRIMARY KEY (`id`),
  KEY `fk_subcategory_category` (`category_id`),
  CONSTRAINT `fk_subcategory_category` FOREIGN KEY (`category_id`) REFERENCES `category` (`id`)
) ENGINE=InnoDB AUTO_INCREMENT=10 DEFAULT CHARSET=utf8;
/*!40101 SET character_set_client = @saved_cs_client */;

--
-- Dumping data for table `subcategory`
--

LOCK TABLES `subcategory` WRITE;
/*!40000 ALTER TABLE `subcategory` DISABLE KEYS */;
INSERT INTO `subcategory` VALUES (1,'Tim mạch','TIM',NULL,NULL,NULL,NULL,NULL,NULL,0,8,10,30),(2,'Hô hấp','HOHAP',NULL,NULL,NULL,NULL,NULL,NULL,0,8,10,30),(3,'Tắm ','TAM_BE',NULL,NULL,NULL,NULL,NULL,NULL,0,10,10,30),(4,'Theo dõi vàng da','THEO_DOI_VANG_DA',NULL,NULL,NULL,NULL,NULL,NULL,0,10,10,30),(5,'Chăm sóc thiếu tháng','CHAM_SOC_THIEU_THANG',NULL,NULL,NULL,NULL,NULL,NULL,0,10,10,30),(6,'Chăm sóc vết mổ','CHAM_SOC_VET_MO',NULL,NULL,NULL,NULL,NULL,NULL,0,10,10,30),(7,'Chăm sóc hậu phẩu thuật','CHAM_SOC_HAU_PHAU_THUAT',NULL,NULL,NULL,NULL,NULL,NULL,0,10,10,30),(8,'Chăm sóc căng sữa','CHAM_SOC_CANG_SUA',NULL,NULL,NULL,NULL,NULL,NULL,0,10,10,30);
/*!40000 ALTER TABLE `subcategory` ENABLE KEYS */;
UNLOCK TABLES;

--
-- Table structure for table `timings`
--

DROP TABLE IF EXISTS `timings`;
/*!40101 SET @saved_cs_client     = @@character_set_client */;
/*!40101 SET character_set_client = utf8 */;
CREATE TABLE `timings` (
  `id` int(11) NOT NULL AUTO_INCREMENT,
  `account_timings_id` int(11) NOT NULL,
  `begin` smallint(6) NOT NULL,
  `length` smallint(6) NOT NULL,
  `type` tinyint(4) NOT NULL,
  PRIMARY KEY (`id`),
  KEY `timings_index_account_timings_id` (`account_timings_id`),
  KEY `timings_index_begin` (`begin`) USING BTREE,
  CONSTRAINT `fk_timings_account_timings_id_account_timings_id` FOREIGN KEY (`account_timings_id`) REFERENCES `account_timings` (`id`) ON DELETE NO ACTION ON UPDATE NO ACTION
) ENGINE=InnoDB AUTO_INCREMENT=121 DEFAULT CHARSET=utf8;
/*!40101 SET character_set_client = @saved_cs_client */;

--
-- Dumping data for table `timings`
--

LOCK TABLES `timings` WRITE;
/*!40000 ALTER TABLE `timings` DISABLE KEYS */;
INSERT INTO `timings` VALUES (1,10,480,210,0),(2,10,810,240,0),(3,11,480,210,0),(4,11,810,240,0),(5,12,480,210,0),(6,12,810,240,0),(7,13,0,30,0),(8,14,0,1130,0),(9,15,772,360,0),(10,16,0,30,0),(11,17,1168,30,0),(12,18,0,30,0),(13,18,1168,30,0),(14,19,0,30,0),(15,19,1168,30,0),(16,19,1239,30,0),(17,20,0,30,0),(18,20,1168,30,0),(19,20,1239,30,0),(20,20,1303,30,0),(21,21,0,30,0),(22,21,1168,30,0),(23,21,1239,30,0),(24,21,1303,30,0),(25,21,1409,30,1),(26,22,0,30,0),(27,22,1112,10,0),(28,22,1168,30,0),(29,22,1239,30,0),(30,22,1303,30,0),(31,22,1409,30,1),(32,23,1112,86,0),(33,24,1112,86,0),(34,24,1201,10,0),(35,25,1112,99,0),(36,26,546,720,0),(37,27,126,10,0),(38,27,546,720,0),(39,28,126,10,0),(40,28,187,10,0),(41,28,546,720,0),(42,29,126,10,0),(43,29,187,1079,0),(44,30,0,10,0),(45,30,126,10,0),(46,30,187,1079,0),(47,31,0,1266,0),(48,32,0,10,0),(49,33,0,10,0),(50,33,878,10,0),(51,34,0,10,0),(52,34,878,10,0),(53,35,1179,30,1),(54,36,0,1266,0),(55,37,0,776,0),(56,38,480,297,0),(57,39,0,10,0),(58,39,480,297,0),(59,40,0,10,0),(60,40,480,297,0),(61,40,832,180,0),(62,41,1070,30,1),(63,42,1070,30,1),(64,43,1202,30,1),(65,44,1202,31,1),(66,45,0,30,1),(67,45,1202,31,1),(68,46,0,30,1),(69,46,1144,30,1),(70,46,1202,31,1),(71,47,1038,30,1),(72,47,1098,30,1),(73,48,0,10,0),(74,48,980,10,0),(75,48,1038,30,1),(76,48,1098,30,1),(77,49,0,30,1),(78,49,1144,30,1),(79,49,1202,31,1),(80,50,0,30,1),(81,50,1144,30,1),(82,50,1202,31,1),(83,51,0,30,1),(84,51,1144,30,1),(85,51,1202,31,1),(86,51,1244,10,0),(87,52,1185,120,0),(88,53,960,120,1),(89,54,0,30,1),(90,54,527,10,0),(91,54,1007,10,0),(92,54,1144,30,1),(93,54,1202,31,1),(94,54,1244,11,0),(95,55,0,30,1),(96,55,527,10,0),(97,55,1007,10,0),(98,55,1144,30,1),(99,55,1202,31,1),(100,55,1244,11,0),(101,56,0,10,0),(102,56,980,10,0),(103,56,1038,30,1),(104,56,1113,30,1),(105,57,0,10,0),(106,57,980,10,0),(107,57,1038,30,1),(108,57,1113,30,1),(109,58,0,30,1),(110,59,0,10,0),(111,59,980,10,0),(112,59,1018,30,1),(113,59,1113,30,1),(114,60,0,30,1),(115,60,527,10,0),(116,60,1007,10,0),(117,60,1144,30,1),(118,60,1202,31,1),(119,60,1244,11,0),(120,61,407,673,1);
/*!40000 ALTER TABLE `timings` ENABLE KEYS */;
UNLOCK TABLES;

--
-- Table structure for table `working_history`
--

DROP TABLE IF EXISTS `working_history`;
/*!40101 SET @saved_cs_client     = @@character_set_client */;
/*!40101 SET character_set_client = utf8 */;
CREATE TABLE `working_history` (
  `id` int(11) unsigned NOT NULL,
  `account_id` int(11) NOT NULL,
  `from_year` year(4) NOT NULL,
  `to_year` year(4) NOT NULL,
  `workplace` varchar(256) DEFAULT NULL,
  `specialist` varchar(256) DEFAULT NULL,
  PRIMARY KEY (`id`),
  KEY `account_id` (`account_id`),
  CONSTRAINT `fk_working_history_account_id_account_id` FOREIGN KEY (`account_id`) REFERENCES `account` (`id`)
) ENGINE=InnoDB DEFAULT CHARSET=utf8;
/*!40101 SET character_set_client = @saved_cs_client */;

--
-- Dumping data for table `working_history`
--

LOCK TABLES `working_history` WRITE;
/*!40000 ALTER TABLE `working_history` DISABLE KEYS */;
/*!40000 ALTER TABLE `working_history` ENABLE KEYS */;
UNLOCK TABLES;
/*!40103 SET TIME_ZONE=@OLD_TIME_ZONE */;

/*!40101 SET SQL_MODE=@OLD_SQL_MODE */;
/*!40014 SET FOREIGN_KEY_CHECKS=@OLD_FOREIGN_KEY_CHECKS */;
/*!40014 SET UNIQUE_CHECKS=@OLD_UNIQUE_CHECKS */;
/*!40101 SET CHARACTER_SET_CLIENT=@OLD_CHARACTER_SET_CLIENT */;
/*!40101 SET CHARACTER_SET_RESULTS=@OLD_CHARACTER_SET_RESULTS */;
/*!40101 SET COLLATION_CONNECTION=@OLD_COLLATION_CONNECTION */;
/*!40111 SET SQL_NOTES=@OLD_SQL_NOTES */;

-- Dump completed on 2016-04-21 21:42:24
