-- MySQL dump 10.13  Distrib 5.1.73, for redhat-linux-gnu (x86_64)
--
-- Host: localhost    Database: cliniccore_db
-- ------------------------------------------------------
-- Server version	5.1.73

/*!40101 SET @OLD_CHARACTER_SET_CLIENT=@@CHARACTER_SET_CLIENT */;
/*!40101 SET @OLD_CHARACTER_SET_RESULTS=@@CHARACTER_SET_RESULTS */;
/*!40101 SET @OLD_COLLATION_CONNECTION=@@COLLATION_CONNECTION */;
/*!40101 SET NAMES utf8 */;
/*!40103 SET @OLD_TIME_ZONE=@@TIME_ZONE */;
/*!40103 SET TIME_ZONE='+00:00' */;
/*!40014 SET @OLD_UNIQUE_CHECKS=@@UNIQUE_CHECKS, UNIQUE_CHECKS=0 */;
/*!40014 SET @OLD_FOREIGN_KEY_CHECKS=@@FOREIGN_KEY_CHECKS, FOREIGN_KEY_CHECKS=0 */;
/*!40101 SET @OLD_SQL_MODE=@@SQL_MODE, SQL_MODE='NO_AUTO_VALUE_ON_ZERO' */;
/*!40111 SET @OLD_SQL_NOTES=@@SQL_NOTES, SQL_NOTES=0 */;

--
-- Table structure for table `account`
--

DROP TABLE IF EXISTS `account`;
/*!40101 SET @saved_cs_client     = @@character_set_client */;
/*!40101 SET character_set_client = utf8 */;
CREATE TABLE `account` (
  `id` int(11) NOT NULL AUTO_INCREMENT,
  `annual_fee_id` int(11) DEFAULT NULL,
  `place_id` int(11) DEFAULT NULL,
  `subcategory_id` int(11) DEFAULT NULL,
  `cost_id` int(11) DEFAULT NULL,
  `address_id` int(11) DEFAULT NULL,
  `experience` double DEFAULT NULL,
  `code` varchar(45) DEFAULT NULL,
  `phone_number` varchar(45) NOT NULL COMMENT 'phone_number login',
  `id_card` varchar(45) NOT NULL,
  `id_card_date` date DEFAULT NULL,
  `permanent_address` varchar(1024) DEFAULT NULL,
  `passport` varchar(45) DEFAULT NULL COMMENT 'PASSPORT',
  `first_name` varchar(45) NOT NULL,
  `last_name` varchar(45) NOT NULL,
  `midle_name` varchar(45) DEFAULT NULL,
  `gender` int(11) DEFAULT NULL,
  `login_name` varchar(45) NOT NULL,
  `email` varchar(45) NOT NULL COMMENT 'email login',
  `birthday` bigint(20) NOT NULL,
  `image_url` varchar(500) DEFAULT NULL,
  `facebook` varchar(45) DEFAULT NULL,
  `facebook_id` varchar(45) DEFAULT NULL COMMENT 'facebook_id login',
  `google_plus_id` varchar(45) DEFAULT NULL COMMENT 'google_plus_id login',
  `website` varchar(45) DEFAULT NULL,
  `hashed_password` varchar(256) DEFAULT NULL,
  `need_change_pwd` tinyint(1) DEFAULT NULL,
  `active_flag` smallint(6) DEFAULT '1' COMMENT 'new/active/deactivated/deleted',
  `begin_active_time` bigint(20) DEFAULT NULL,
  `end_active_time` bigint(20) DEFAULT NULL,
  `is_deleted` tinyint(1) DEFAULT '0',
  `created_by` int(11) DEFAULT NULL,
  `created_datetime` bigint(20) DEFAULT NULL,
  `last_updated_by` int(11) DEFAULT NULL,
  `last_updated` bigint(20) DEFAULT NULL,
  `rate_id` int(11) DEFAULT NULL,
  `birdthday` bigint(20) NOT NULL,
  PRIMARY KEY (`id`),
  UNIQUE KEY `email_UNIQUE` (`email`),
  UNIQUE KEY `UK_k9qlqijt38kmryafdhhq04lon` (`code`),
  UNIQUE KEY `facebook_id_UNIQUE` (`facebook_id`),
  UNIQUE KEY `google_plus_id_UNIQUE` (`google_plus_id`),
  KEY `fk_annual_fee_account_idx` (`annual_fee_id`),
  KEY `fk_account_place_idx` (`place_id`),
  KEY `fk_account_subcategory_idx` (`subcategory_id`),
  KEY `fk_account_cost_idx` (`cost_id`),
  KEY `fk_account_address_idx` (`address_id`),
  KEY `fk_account_rate_idx` (`rate_id`),
  CONSTRAINT `fk_account_address` FOREIGN KEY (`address_id`) REFERENCES `address` (`id`) ON DELETE NO ACTION ON UPDATE NO ACTION,
  CONSTRAINT `fk_account_annual_fee` FOREIGN KEY (`annual_fee_id`) REFERENCES `annual_fee` (`id`) ON DELETE NO ACTION ON UPDATE NO ACTION,
  CONSTRAINT `fk_account_cost` FOREIGN KEY (`cost_id`) REFERENCES `cost` (`id`) ON DELETE NO ACTION ON UPDATE NO ACTION,
  CONSTRAINT `fk_account_place` FOREIGN KEY (`place_id`) REFERENCES `place` (`id`) ON DELETE NO ACTION ON UPDATE NO ACTION,
  CONSTRAINT `fk_account_rate` FOREIGN KEY (`rate_id`) REFERENCES `rate` (`id`) ON DELETE NO ACTION ON UPDATE NO ACTION,
  CONSTRAINT `fk_account_subcategory` FOREIGN KEY (`subcategory_id`) REFERENCES `subcategory` (`id`) ON DELETE NO ACTION ON UPDATE NO ACTION
) ENGINE=InnoDB AUTO_INCREMENT=108 DEFAULT CHARSET=utf8;
/*!40101 SET character_set_client = @saved_cs_client */;

--
-- Dumping data for table `account`
--

LOCK TABLES `account` WRITE;
/*!40000 ALTER TABLE `account` DISABLE KEYS */;
INSERT INTO `account` VALUES (1,1,1,1,1,1,9,'DOCTOR000001','01687482737','215215883',NULL,NULL,NULL,'Vương','Đỗ','a',1,'215215883','vuongdt92@gmail.com',13254,'/var/hcmus/abc.png',NULL,NULL,NULL,NULL,'e10adc3949ba59abbe56e057f20f883e',NULL,1,NULL,NULL,0,NULL,NULL,NULL,NULL,0,0),(2,NULL,NULL,NULL,NULL,NULL,NULL,NULL,'+841663016163','225483004',NULL,NULL,NULL,'Quang Vũ','Lưu',NULL,NULL,'225483004','quangvu.luu92@gmail.com',0,NULL,NULL,NULL,NULL,NULL,'e10adc3949ba59abbe56e057f20f883e',NULL,1,NULL,NULL,0,NULL,NULL,NULL,NULL,NULL,0),(3,1,1,5,1,1,2,'NURSE000001','0909448445','215215115',NULL,NULL,NULL,'Bích','Tô','Ngọc',2,'215215115','bichto@gmail.com',12234,'/var/hcmus/abc.png',NULL,NULL,NULL,NULL,'e10adc3949ba59abbe56e057f20f883e',NULL,1,NULL,NULL,0,NULL,NULL,NULL,NULL,NULL,0),(4,1,1,6,1,1,3,'NURSE000002','0933002993','215215116',NULL,NULL,NULL,'Nguyên','Nguyễn','Thảo',2,'215215116','nguyen@gmail.com',323412,'/var/hcmus/abc.png',NULL,NULL,NULL,NULL,'e10adc3949ba59abbe56e057f20f883e',NULL,1,NULL,NULL,0,NULL,NULL,NULL,NULL,NULL,0),(5,1,1,7,1,1,2,'NURSE000003','0989331242','215215117',NULL,NULL,NULL,'Ngô','Tô','Kim',2,'215215117','nguyet@gmail.com',23123,'/var/hcmus/abc.png',NULL,NULL,NULL,NULL,'e10adc3949ba59abbe56e057f20f883e',NULL,1,NULL,NULL,0,NULL,NULL,NULL,NULL,NULL,0),(6,1,1,8,1,1,4,'NURSE000004','0967234455','215215118',NULL,NULL,NULL,'Vu','Nguyên','Văn',1,'215215118','vu@gmail.com',34121,'/var/hcmus/abc.png',NULL,NULL,NULL,NULL,'e10adc3949ba59abbe56e057f20f883e',NULL,1,NULL,NULL,0,NULL,NULL,NULL,NULL,NULL,0),(8,NULL,NULL,NULL,NULL,NULL,NULL,NULL,'+84123456789','215215001',NULL,NULL,NULL,'Roma','Murphy',NULL,0,'215215001','Susana.Gusikowski91@gmail.com',0,NULL,NULL,NULL,NULL,NULL,'e10adc3949ba59abbe56e057f20f883e',NULL,1,NULL,NULL,0,NULL,NULL,NULL,NULL,NULL,0),(9,NULL,NULL,NULL,NULL,NULL,NULL,NULL,'+84123456789','215215002',NULL,NULL,NULL,'Zechariah','Feest',NULL,0,'215215002','Alexandre.Jacobi@gmail.com',0,NULL,NULL,NULL,NULL,NULL,'e10adc3949ba59abbe56e057f20f883e',NULL,1,NULL,NULL,0,NULL,NULL,NULL,NULL,NULL,0),(10,NULL,NULL,NULL,NULL,NULL,NULL,NULL,'+84123456789','215215003',NULL,NULL,NULL,'Idell','Collins',NULL,0,'215215003','Forest.Schroeder96@yahoo.com',0,NULL,NULL,NULL,NULL,NULL,'e10adc3949ba59abbe56e057f20f883e',NULL,1,NULL,NULL,0,NULL,NULL,NULL,NULL,NULL,0),(11,NULL,NULL,NULL,NULL,NULL,NULL,NULL,'+84123456789','215215004',NULL,NULL,NULL,'Libby','Rowe',NULL,0,'215215004','Javonte41@yahoo.com',0,NULL,NULL,NULL,NULL,NULL,'e10adc3949ba59abbe56e057f20f883e',NULL,1,NULL,NULL,0,NULL,NULL,NULL,NULL,NULL,0),(12,NULL,NULL,NULL,NULL,NULL,NULL,NULL,'+84123456789','215215005',NULL,NULL,NULL,'Kennedi','Orn',NULL,0,'215215005','Myrtice_Swaniawski20@yahoo.com',0,NULL,NULL,NULL,NULL,NULL,'e10adc3949ba59abbe56e057f20f883e',NULL,1,NULL,NULL,0,NULL,NULL,NULL,NULL,NULL,0),(13,NULL,NULL,NULL,NULL,NULL,NULL,NULL,'+84123456789','215215006',NULL,NULL,NULL,'Peter','Durgan',NULL,0,'215215006','Howard50@hotmail.com',0,NULL,NULL,NULL,NULL,NULL,'e10adc3949ba59abbe56e057f20f883e',NULL,1,NULL,NULL,0,NULL,NULL,NULL,NULL,NULL,0),(14,NULL,NULL,NULL,NULL,NULL,NULL,NULL,'+84123456789','215215007',NULL,NULL,NULL,'Murray','Jenkins',NULL,0,'215215007','Fabian_Krajcik@gmail.com',0,NULL,NULL,NULL,NULL,NULL,'e10adc3949ba59abbe56e057f20f883e',NULL,1,NULL,NULL,0,NULL,NULL,NULL,NULL,NULL,0),(15,NULL,NULL,NULL,NULL,NULL,NULL,NULL,'+84123456789','215215008',NULL,NULL,NULL,'Laverne','Corwin',NULL,0,'215215008','Lonny_Medhurst7@yahoo.com',0,NULL,NULL,NULL,NULL,NULL,'e10adc3949ba59abbe56e057f20f883e',NULL,1,NULL,NULL,0,NULL,NULL,NULL,NULL,NULL,0),(16,NULL,NULL,NULL,NULL,NULL,NULL,NULL,'+84123456789','215215009',NULL,NULL,NULL,'Florian','Bogan',NULL,0,'215215009','Jerome_Kulas88@yahoo.com',0,NULL,NULL,NULL,NULL,NULL,'e10adc3949ba59abbe56e057f20f883e',NULL,1,NULL,NULL,0,NULL,NULL,NULL,NULL,NULL,0),(17,NULL,NULL,NULL,NULL,NULL,NULL,NULL,'+84123456789','215215010',NULL,NULL,NULL,'Loyal','Kohler',NULL,0,'215215010','Elmira52@hotmail.com',0,NULL,NULL,NULL,NULL,NULL,'e10adc3949ba59abbe56e057f20f883e',NULL,1,NULL,NULL,0,NULL,NULL,NULL,NULL,NULL,0),(18,NULL,NULL,NULL,NULL,NULL,NULL,NULL,'+84123456789','215215011',NULL,NULL,NULL,'Sarai','Deckow',NULL,0,'215215011','Mortimer.Labadie@yahoo.com',0,NULL,NULL,NULL,NULL,NULL,'e10adc3949ba59abbe56e057f20f883e',NULL,1,NULL,NULL,0,NULL,NULL,NULL,NULL,NULL,0),(19,NULL,NULL,NULL,NULL,NULL,NULL,NULL,'+84123456789','215215012',NULL,NULL,NULL,'Andrew','Weissnat',NULL,0,'215215012','Osborne96@gmail.com',0,NULL,NULL,NULL,NULL,NULL,'e10adc3949ba59abbe56e057f20f883e',NULL,1,NULL,NULL,0,NULL,NULL,NULL,NULL,NULL,0),(20,NULL,NULL,NULL,NULL,NULL,NULL,NULL,'+84123456789','215215013',NULL,NULL,NULL,'Merl','Rath',NULL,0,'215215013','Moriah25@hotmail.com',0,NULL,NULL,NULL,NULL,NULL,'e10adc3949ba59abbe56e057f20f883e',NULL,1,NULL,NULL,0,NULL,NULL,NULL,NULL,NULL,0),(21,NULL,NULL,NULL,NULL,NULL,NULL,NULL,'+84123456789','215215014',NULL,NULL,NULL,'Ryan','Sawayn',NULL,0,'215215014','Kirstin.Torphy46@gmail.com',0,NULL,NULL,NULL,NULL,NULL,'e10adc3949ba59abbe56e057f20f883e',NULL,1,NULL,NULL,0,NULL,NULL,NULL,NULL,NULL,0),(22,NULL,NULL,NULL,NULL,NULL,NULL,NULL,'+84123456789','215215015',NULL,NULL,NULL,'Tess','Crona',NULL,0,'215215015','Amaya97@yahoo.com',0,NULL,NULL,NULL,NULL,NULL,'e10adc3949ba59abbe56e057f20f883e',NULL,1,NULL,NULL,0,NULL,NULL,NULL,NULL,NULL,0),(23,NULL,NULL,NULL,NULL,NULL,NULL,NULL,'+84123456789','215215016',NULL,NULL,NULL,'Granville','Morissette',NULL,0,'215215016','Katharina_Zemlak@hotmail.com',0,NULL,NULL,NULL,NULL,NULL,'e10adc3949ba59abbe56e057f20f883e',NULL,1,NULL,NULL,0,NULL,NULL,NULL,NULL,NULL,0),(24,NULL,NULL,NULL,NULL,NULL,NULL,NULL,'+84123456789','215215017',NULL,NULL,NULL,'Elza','Shields',NULL,0,'215215017','Emil.Dooley27@hotmail.com',0,NULL,NULL,NULL,NULL,NULL,'e10adc3949ba59abbe56e057f20f883e',NULL,1,NULL,NULL,0,NULL,NULL,NULL,NULL,NULL,0),(25,NULL,NULL,NULL,NULL,NULL,NULL,NULL,'+84123456789','215215018',NULL,NULL,NULL,'Arvel','Heaney',NULL,0,'215215018','Ariel.Bogisich@yahoo.com',0,NULL,NULL,NULL,NULL,NULL,'e10adc3949ba59abbe56e057f20f883e',NULL,1,NULL,NULL,0,NULL,NULL,NULL,NULL,NULL,0),(26,NULL,NULL,NULL,NULL,NULL,NULL,NULL,'+84123456789','215215019',NULL,NULL,NULL,'Karlee','Kuhn',NULL,0,'215215019','Chet11@hotmail.com',0,NULL,NULL,NULL,NULL,NULL,'e10adc3949ba59abbe56e057f20f883e',NULL,1,NULL,NULL,0,NULL,NULL,NULL,NULL,NULL,0),(27,NULL,NULL,NULL,NULL,NULL,NULL,NULL,'+84123456789','215215020',NULL,NULL,NULL,'Zella','Nicolas',NULL,0,'215215020','Susana.Hahn@yahoo.com',0,NULL,NULL,NULL,NULL,NULL,'e10adc3949ba59abbe56e057f20f883e',NULL,1,NULL,NULL,0,NULL,NULL,NULL,NULL,NULL,0),(28,NULL,NULL,NULL,NULL,NULL,NULL,NULL,'+84123456789','215215021',NULL,NULL,NULL,'Constantin','Purdy',NULL,0,'215215021','Brayan.Hilll70@yahoo.com',0,NULL,NULL,NULL,NULL,NULL,'e10adc3949ba59abbe56e057f20f883e',NULL,1,NULL,NULL,0,NULL,NULL,NULL,NULL,NULL,0),(29,NULL,NULL,NULL,NULL,NULL,NULL,NULL,'+84123456789','215215022',NULL,NULL,NULL,'Bethel','Heathcote',NULL,0,'215215022','Darian.Swaniawski@hotmail.com',0,NULL,NULL,NULL,NULL,NULL,'e10adc3949ba59abbe56e057f20f883e',NULL,1,NULL,NULL,0,NULL,NULL,NULL,NULL,NULL,0),(30,NULL,NULL,NULL,NULL,NULL,NULL,NULL,'+84123456789','215215023',NULL,NULL,NULL,'Amya','Abshire',NULL,0,'215215023','Shaniya41@yahoo.com',0,NULL,NULL,NULL,NULL,NULL,'e10adc3949ba59abbe56e057f20f883e',NULL,1,NULL,NULL,0,NULL,NULL,NULL,NULL,NULL,0),(31,NULL,NULL,NULL,NULL,NULL,NULL,NULL,'+84123456789','215215024',NULL,NULL,NULL,'Amelie','Davis',NULL,0,'215215024','Kayleigh_Fritsch27@hotmail.com',0,NULL,NULL,NULL,NULL,NULL,'e10adc3949ba59abbe56e057f20f883e',NULL,1,NULL,NULL,0,NULL,NULL,NULL,NULL,NULL,0),(32,NULL,NULL,NULL,NULL,NULL,NULL,NULL,'+84123456789','215215025',NULL,NULL,NULL,'Dorcas','Hartmann',NULL,0,'215215025','Webster11@hotmail.com',0,NULL,NULL,NULL,NULL,NULL,'e10adc3949ba59abbe56e057f20f883e',NULL,1,NULL,NULL,0,NULL,NULL,NULL,NULL,NULL,0),(33,NULL,NULL,NULL,NULL,NULL,NULL,NULL,'+84123456789','215215026',NULL,NULL,NULL,'Sven','Dietrich',NULL,0,'215215026','Junius.Gleason42@yahoo.com',0,NULL,NULL,NULL,NULL,NULL,'e10adc3949ba59abbe56e057f20f883e',NULL,1,NULL,NULL,0,NULL,NULL,NULL,NULL,NULL,0),(34,NULL,NULL,NULL,NULL,NULL,NULL,NULL,'+84123456789','215215027',NULL,NULL,NULL,'Stan','Mosciski',NULL,0,'215215027','Osbaldo88@gmail.com',0,NULL,NULL,NULL,NULL,NULL,'e10adc3949ba59abbe56e057f20f883e',NULL,1,NULL,NULL,0,NULL,NULL,NULL,NULL,NULL,0),(35,NULL,NULL,NULL,NULL,NULL,NULL,NULL,'+84123456789','215215028',NULL,NULL,NULL,'George','McCullough',NULL,0,'215215028','Jane26@yahoo.com',0,NULL,NULL,NULL,NULL,NULL,'e10adc3949ba59abbe56e057f20f883e',NULL,1,NULL,NULL,0,NULL,NULL,NULL,NULL,NULL,0),(36,NULL,NULL,NULL,NULL,NULL,NULL,NULL,'+84123456789','215215029',NULL,NULL,NULL,'Aubrey','Koch',NULL,0,'215215029','Elmer95@gmail.com',0,NULL,NULL,NULL,NULL,NULL,'e10adc3949ba59abbe56e057f20f883e',NULL,1,NULL,NULL,0,NULL,NULL,NULL,NULL,NULL,0),(37,NULL,NULL,NULL,NULL,NULL,NULL,NULL,'+84123456789','215215030',NULL,NULL,NULL,'Steve','McGlynn',NULL,0,'215215030','Fiona11@hotmail.com',0,NULL,NULL,NULL,NULL,NULL,'e10adc3949ba59abbe56e057f20f883e',NULL,1,NULL,NULL,0,NULL,NULL,NULL,NULL,NULL,0),(38,NULL,NULL,NULL,NULL,NULL,NULL,NULL,'+84123456789','215215031',NULL,NULL,NULL,'Arno','Schowalter',NULL,0,'215215031','Dimitri_Hermiston74@gmail.com',0,NULL,NULL,NULL,NULL,NULL,'e10adc3949ba59abbe56e057f20f883e',NULL,1,NULL,NULL,0,NULL,NULL,NULL,NULL,NULL,0),(39,NULL,NULL,NULL,NULL,NULL,NULL,NULL,'+84123456789','215215032',NULL,NULL,NULL,'Miracle','Hansen',NULL,0,'215215032','Dameon81@hotmail.com',0,NULL,NULL,NULL,NULL,NULL,'e10adc3949ba59abbe56e057f20f883e',NULL,1,NULL,NULL,0,NULL,NULL,NULL,NULL,NULL,0),(40,NULL,NULL,NULL,NULL,NULL,NULL,NULL,'+84123456789','215215033',NULL,NULL,NULL,'Kailee','Pfannerstill',NULL,0,'215215033','Etha_Hauck59@yahoo.com',0,NULL,NULL,NULL,NULL,NULL,'e10adc3949ba59abbe56e057f20f883e',NULL,1,NULL,NULL,0,NULL,NULL,NULL,NULL,NULL,0),(41,NULL,NULL,NULL,NULL,NULL,NULL,NULL,'+84123456789','215215034',NULL,NULL,NULL,'Elton','Will',NULL,0,'215215034','Judson42@hotmail.com',0,NULL,NULL,NULL,NULL,NULL,'e10adc3949ba59abbe56e057f20f883e',NULL,1,NULL,NULL,0,NULL,NULL,NULL,NULL,NULL,0),(42,NULL,NULL,NULL,NULL,NULL,NULL,NULL,'+84123456789','215215035',NULL,NULL,NULL,'Sigrid','Ankunding',NULL,0,'215215035','Thora.Cummerata0@yahoo.com',0,NULL,NULL,NULL,NULL,NULL,'e10adc3949ba59abbe56e057f20f883e',NULL,1,NULL,NULL,0,NULL,NULL,NULL,NULL,NULL,0),(43,NULL,NULL,NULL,NULL,NULL,NULL,NULL,'+84123456789','215215036',NULL,NULL,NULL,'Chaya','Crona',NULL,0,'215215036','Cicero62@yahoo.com',0,NULL,NULL,NULL,NULL,NULL,'e10adc3949ba59abbe56e057f20f883e',NULL,1,NULL,NULL,0,NULL,NULL,NULL,NULL,NULL,0),(44,NULL,NULL,NULL,NULL,NULL,NULL,NULL,'+84123456789','215215037',NULL,NULL,NULL,'Darian','Feest',NULL,0,'215215037','Wallace92@hotmail.com',0,NULL,NULL,NULL,NULL,NULL,'e10adc3949ba59abbe56e057f20f883e',NULL,1,NULL,NULL,0,NULL,NULL,NULL,NULL,NULL,0),(45,NULL,NULL,NULL,NULL,NULL,NULL,NULL,'+84123456789','215215038',NULL,NULL,NULL,'Ocie','Cartwright',NULL,0,'215215038','Nicholaus.Crist@yahoo.com',0,NULL,NULL,NULL,NULL,NULL,'e10adc3949ba59abbe56e057f20f883e',NULL,1,NULL,NULL,0,NULL,NULL,NULL,NULL,NULL,0),(46,NULL,NULL,NULL,NULL,NULL,NULL,NULL,'+84123456789','215215039',NULL,NULL,NULL,'Abdiel','Kuphal',NULL,0,'215215039','Bryana54@hotmail.com',0,NULL,NULL,NULL,NULL,NULL,'e10adc3949ba59abbe56e057f20f883e',NULL,1,NULL,NULL,0,NULL,NULL,NULL,NULL,NULL,0),(47,NULL,NULL,NULL,NULL,NULL,NULL,NULL,'+84123456789','215215040',NULL,NULL,NULL,'Erica','Shanahan',NULL,0,'215215040','Royce.Brown@hotmail.com',0,NULL,NULL,NULL,NULL,NULL,'e10adc3949ba59abbe56e057f20f883e',NULL,1,NULL,NULL,0,NULL,NULL,NULL,NULL,NULL,0),(48,NULL,NULL,NULL,NULL,NULL,NULL,NULL,'+84123456789','215215041',NULL,NULL,NULL,'Alexandrea','Goodwin',NULL,0,'215215041','Mireille88@hotmail.com',0,NULL,NULL,NULL,NULL,NULL,'e10adc3949ba59abbe56e057f20f883e',NULL,1,NULL,NULL,0,NULL,NULL,NULL,NULL,NULL,0),(49,NULL,NULL,NULL,NULL,NULL,NULL,NULL,'+84123456789','215215042',NULL,NULL,NULL,'Forest','Hickle',NULL,0,'215215042','Jovan_Herman@hotmail.com',0,NULL,NULL,NULL,NULL,NULL,'e10adc3949ba59abbe56e057f20f883e',NULL,1,NULL,NULL,0,NULL,NULL,NULL,NULL,NULL,0),(50,NULL,NULL,NULL,NULL,NULL,NULL,NULL,'+84123456789','215215043',NULL,NULL,NULL,'Elinor','Yost',NULL,0,'215215043','Linwood_Eichmann@yahoo.com',0,NULL,NULL,NULL,NULL,NULL,'e10adc3949ba59abbe56e057f20f883e',NULL,1,NULL,NULL,0,NULL,NULL,NULL,NULL,NULL,0),(51,NULL,NULL,NULL,NULL,NULL,NULL,NULL,'+84123456789','215215044',NULL,NULL,NULL,'Domenico','Bailey',NULL,0,'215215044','Lew.Keebler@yahoo.com',0,NULL,NULL,NULL,NULL,NULL,'e10adc3949ba59abbe56e057f20f883e',NULL,1,NULL,NULL,0,NULL,NULL,NULL,NULL,NULL,0),(52,NULL,NULL,NULL,NULL,NULL,NULL,NULL,'+84123456789','215215045',NULL,NULL,NULL,'Bernard','Koch',NULL,0,'215215045','Reid.Ebert@gmail.com',0,NULL,NULL,NULL,NULL,NULL,'e10adc3949ba59abbe56e057f20f883e',NULL,1,NULL,NULL,0,NULL,NULL,NULL,NULL,NULL,0),(53,NULL,NULL,NULL,NULL,NULL,NULL,NULL,'+84123456789','215215046',NULL,NULL,NULL,'Chelsey','Hodkiewicz',NULL,0,'215215046','Miracle.Reilly39@hotmail.com',0,NULL,NULL,NULL,NULL,NULL,'e10adc3949ba59abbe56e057f20f883e',NULL,1,NULL,NULL,0,NULL,NULL,NULL,NULL,NULL,0),(54,NULL,NULL,NULL,NULL,NULL,NULL,NULL,'+84123456789','215215047',NULL,NULL,NULL,'Gilbert','Erdman',NULL,0,'215215047','Ima38@gmail.com',0,NULL,NULL,NULL,NULL,NULL,'e10adc3949ba59abbe56e057f20f883e',NULL,1,NULL,NULL,0,NULL,NULL,NULL,NULL,NULL,0),(55,NULL,NULL,NULL,NULL,NULL,NULL,NULL,'+84123456789','215215048',NULL,NULL,NULL,'Nova','Hegmann',NULL,0,'215215048','Velda_Hirthe85@hotmail.com',0,NULL,NULL,NULL,NULL,NULL,'e10adc3949ba59abbe56e057f20f883e',NULL,1,NULL,NULL,0,NULL,NULL,NULL,NULL,NULL,0),(56,NULL,NULL,NULL,NULL,NULL,NULL,NULL,'+84123456789','215215049',NULL,NULL,NULL,'Ilene','Ullrich',NULL,0,'215215049','Jasmin53@hotmail.com',0,NULL,NULL,NULL,NULL,NULL,'e10adc3949ba59abbe56e057f20f883e',NULL,1,NULL,NULL,0,NULL,NULL,NULL,NULL,NULL,0),(57,NULL,NULL,NULL,NULL,NULL,NULL,NULL,'+84123456789','215215050',NULL,NULL,NULL,'Randal','Kris',NULL,0,'215215050','Jordi91@yahoo.com',0,NULL,NULL,NULL,NULL,NULL,'e10adc3949ba59abbe56e057f20f883e',NULL,1,NULL,NULL,0,NULL,NULL,NULL,NULL,NULL,0),(58,NULL,NULL,NULL,NULL,NULL,NULL,NULL,'+84123456789','215215051',NULL,NULL,NULL,'Graciela','Tremblay',NULL,0,'215215051','Gunnar74@yahoo.com',0,NULL,NULL,NULL,NULL,NULL,'e10adc3949ba59abbe56e057f20f883e',NULL,1,NULL,NULL,0,NULL,NULL,NULL,NULL,NULL,0),(59,NULL,NULL,NULL,NULL,NULL,NULL,NULL,'+84123456789','215215052',NULL,NULL,NULL,'Antonette','Kunde',NULL,0,'215215052','Abagail_Lubowitz@hotmail.com',0,NULL,NULL,NULL,NULL,NULL,'e10adc3949ba59abbe56e057f20f883e',NULL,1,NULL,NULL,0,NULL,NULL,NULL,NULL,NULL,0),(60,NULL,NULL,NULL,NULL,NULL,NULL,NULL,'+84123456789','215215053',NULL,NULL,NULL,'Kailey','Dickens',NULL,0,'215215053','Gordon.Spencer@hotmail.com',0,NULL,NULL,NULL,NULL,NULL,'e10adc3949ba59abbe56e057f20f883e',NULL,1,NULL,NULL,0,NULL,NULL,NULL,NULL,NULL,0),(61,NULL,NULL,NULL,NULL,NULL,NULL,NULL,'+84123456789','215215054',NULL,NULL,NULL,'Maddison','Brakus',NULL,0,'215215054','Cicero.Mann28@yahoo.com',0,NULL,NULL,NULL,NULL,NULL,'e10adc3949ba59abbe56e057f20f883e',NULL,1,NULL,NULL,0,NULL,NULL,NULL,NULL,NULL,0),(62,NULL,NULL,NULL,NULL,NULL,NULL,NULL,'+84123456789','215215055',NULL,NULL,NULL,'Ollie','Armstrong',NULL,0,'215215055','Gilda_Kilback77@gmail.com',0,NULL,NULL,NULL,NULL,NULL,'e10adc3949ba59abbe56e057f20f883e',NULL,1,NULL,NULL,0,NULL,NULL,NULL,NULL,NULL,0),(63,NULL,NULL,NULL,NULL,NULL,NULL,NULL,'+84123456789','215215056',NULL,NULL,NULL,'Rex','Daniel',NULL,0,'215215056','Nina.Lindgren@gmail.com',0,NULL,NULL,NULL,NULL,NULL,'e10adc3949ba59abbe56e057f20f883e',NULL,1,NULL,NULL,0,NULL,NULL,NULL,NULL,NULL,0),(64,NULL,NULL,NULL,NULL,NULL,NULL,NULL,'+84123456789','215215057',NULL,NULL,NULL,'Madeline','Abshire',NULL,0,'215215057','Isidro46@hotmail.com',0,NULL,NULL,NULL,NULL,NULL,'e10adc3949ba59abbe56e057f20f883e',NULL,1,NULL,NULL,0,NULL,NULL,NULL,NULL,NULL,0),(65,NULL,NULL,NULL,NULL,NULL,NULL,NULL,'+84123456789','215215058',NULL,NULL,NULL,'Cristian','Hand',NULL,0,'215215058','Carmen55@hotmail.com',0,NULL,NULL,NULL,NULL,NULL,'e10adc3949ba59abbe56e057f20f883e',NULL,1,NULL,NULL,0,NULL,NULL,NULL,NULL,NULL,0),(66,NULL,NULL,NULL,NULL,NULL,NULL,NULL,'+84123456789','215215059',NULL,NULL,NULL,'Orval','Schaden',NULL,0,'215215059','Clarabelle.Nikolaus59@hotmail.com',0,NULL,NULL,NULL,NULL,NULL,'e10adc3949ba59abbe56e057f20f883e',NULL,1,NULL,NULL,0,NULL,NULL,NULL,NULL,NULL,0),(67,NULL,NULL,NULL,NULL,NULL,NULL,NULL,'+84123456789','215215060',NULL,NULL,NULL,'Murl','Kilback',NULL,0,'215215060','Troy.Russel@gmail.com',0,NULL,NULL,NULL,NULL,NULL,'e10adc3949ba59abbe56e057f20f883e',NULL,1,NULL,NULL,0,NULL,NULL,NULL,NULL,NULL,0),(68,NULL,NULL,NULL,NULL,NULL,NULL,NULL,'+84123456789','215215061',NULL,NULL,NULL,'Lenny','Hintz',NULL,0,'215215061','Harvey.Gorczany@yahoo.com',0,NULL,NULL,NULL,NULL,NULL,'e10adc3949ba59abbe56e057f20f883e',NULL,1,NULL,NULL,0,NULL,NULL,NULL,NULL,NULL,0),(69,NULL,NULL,NULL,NULL,NULL,NULL,NULL,'+84123456789','215215062',NULL,NULL,NULL,'Isac','Glover',NULL,0,'215215062','Ralph.Simonis@hotmail.com',0,NULL,NULL,NULL,NULL,NULL,'e10adc3949ba59abbe56e057f20f883e',NULL,1,NULL,NULL,0,NULL,NULL,NULL,NULL,NULL,0),(70,NULL,NULL,NULL,NULL,NULL,NULL,NULL,'+84123456789','215215063',NULL,NULL,NULL,'Tremayne','Sipes',NULL,0,'215215063','Myrtle_Torp66@yahoo.com',0,NULL,NULL,NULL,NULL,NULL,'e10adc3949ba59abbe56e057f20f883e',NULL,1,NULL,NULL,0,NULL,NULL,NULL,NULL,NULL,0),(71,NULL,NULL,NULL,NULL,NULL,NULL,NULL,'+84123456789','215215064',NULL,NULL,NULL,'Broderick','Tillman',NULL,0,'215215064','Anibal.Kessler@gmail.com',0,NULL,NULL,NULL,NULL,NULL,'e10adc3949ba59abbe56e057f20f883e',NULL,1,NULL,NULL,0,NULL,NULL,NULL,NULL,NULL,0),(72,NULL,NULL,NULL,NULL,NULL,NULL,NULL,'+84123456789','215215065',NULL,NULL,NULL,'Deonte','Nolan',NULL,0,'215215065','Amir.Veum64@gmail.com',0,NULL,NULL,NULL,NULL,NULL,'e10adc3949ba59abbe56e057f20f883e',NULL,1,NULL,NULL,0,NULL,NULL,NULL,NULL,NULL,0),(73,NULL,NULL,NULL,NULL,NULL,NULL,NULL,'+84123456789','215215066',NULL,NULL,NULL,'Juvenal','Grimes',NULL,0,'215215066','Electa_Doyle@hotmail.com',0,NULL,NULL,NULL,NULL,NULL,'e10adc3949ba59abbe56e057f20f883e',NULL,1,NULL,NULL,0,NULL,NULL,NULL,NULL,NULL,0),(74,NULL,NULL,NULL,NULL,NULL,NULL,NULL,'+84123456789','215215067',NULL,NULL,NULL,'Stewart','Weissnat',NULL,0,'215215067','Maurine.Reichert@gmail.com',0,NULL,NULL,NULL,NULL,NULL,'e10adc3949ba59abbe56e057f20f883e',NULL,1,NULL,NULL,0,NULL,NULL,NULL,NULL,NULL,0),(75,NULL,NULL,NULL,NULL,NULL,NULL,NULL,'+84123456789','215215068',NULL,NULL,NULL,'Amber','Jenkins',NULL,0,'215215068','Luther96@yahoo.com',0,NULL,NULL,NULL,NULL,NULL,'e10adc3949ba59abbe56e057f20f883e',NULL,1,NULL,NULL,0,NULL,NULL,NULL,NULL,NULL,0),(76,NULL,NULL,NULL,NULL,NULL,NULL,NULL,'+84123456789','215215069',NULL,NULL,NULL,'Abe','Senger',NULL,0,'215215069','Lina_Torphy66@yahoo.com',0,NULL,NULL,NULL,NULL,NULL,'e10adc3949ba59abbe56e057f20f883e',NULL,1,NULL,NULL,0,NULL,NULL,NULL,NULL,NULL,0),(77,NULL,NULL,NULL,NULL,NULL,NULL,NULL,'+84123456789','215215070',NULL,NULL,NULL,'Gunner','Lesch',NULL,0,'215215070','Emelie_Will93@gmail.com',0,NULL,NULL,NULL,NULL,NULL,'e10adc3949ba59abbe56e057f20f883e',NULL,1,NULL,NULL,0,NULL,NULL,NULL,NULL,NULL,0),(78,NULL,NULL,NULL,NULL,NULL,NULL,NULL,'+84123456789','215215071',NULL,NULL,NULL,'Dashawn','Abernathy',NULL,0,'215215071','Zane_Boyle@yahoo.com',0,NULL,NULL,NULL,NULL,NULL,'e10adc3949ba59abbe56e057f20f883e',NULL,1,NULL,NULL,0,NULL,NULL,NULL,NULL,NULL,0),(79,NULL,NULL,NULL,NULL,NULL,NULL,NULL,'+84123456789','215215072',NULL,NULL,NULL,'Donna','Leannon',NULL,0,'215215072','Laurie_OConnell@hotmail.com',0,NULL,NULL,NULL,NULL,NULL,'e10adc3949ba59abbe56e057f20f883e',NULL,1,NULL,NULL,0,NULL,NULL,NULL,NULL,NULL,0),(80,NULL,NULL,NULL,NULL,NULL,NULL,NULL,'+84123456789','215215073',NULL,NULL,NULL,'Bert','Huel',NULL,0,'215215073','Desiree34@hotmail.com',0,NULL,NULL,NULL,NULL,NULL,'e10adc3949ba59abbe56e057f20f883e',NULL,1,NULL,NULL,0,NULL,NULL,NULL,NULL,NULL,0),(81,NULL,NULL,NULL,NULL,NULL,NULL,NULL,'+84123456789','215215074',NULL,NULL,NULL,'Alexa','Mohr',NULL,0,'215215074','Kennith.Welch49@yahoo.com',0,NULL,NULL,NULL,NULL,NULL,'e10adc3949ba59abbe56e057f20f883e',NULL,1,NULL,NULL,0,NULL,NULL,NULL,NULL,NULL,0),(82,NULL,NULL,NULL,NULL,NULL,NULL,NULL,'+84123456789','215215075',NULL,NULL,NULL,'Renee','Rath',NULL,0,'215215075','Maryjane_Gerhold56@yahoo.com',0,NULL,NULL,NULL,NULL,NULL,'e10adc3949ba59abbe56e057f20f883e',NULL,1,NULL,NULL,0,NULL,NULL,NULL,NULL,NULL,0),(83,NULL,NULL,NULL,NULL,NULL,NULL,NULL,'+84123456789','215215076',NULL,NULL,NULL,'Ryder','Torphy',NULL,0,'215215076','Marielle_Langworth21@hotmail.com',0,NULL,NULL,NULL,NULL,NULL,'e10adc3949ba59abbe56e057f20f883e',NULL,1,NULL,NULL,0,NULL,NULL,NULL,NULL,NULL,0),(84,NULL,NULL,NULL,NULL,NULL,NULL,NULL,'+84123456789','215215077',NULL,NULL,NULL,'Kyle','Romaguera',NULL,0,'215215077','Jaiden.Tillman38@yahoo.com',0,NULL,NULL,NULL,NULL,NULL,'e10adc3949ba59abbe56e057f20f883e',NULL,1,NULL,NULL,0,NULL,NULL,NULL,NULL,NULL,0),(85,NULL,NULL,NULL,NULL,NULL,NULL,NULL,'+84123456789','215215078',NULL,NULL,NULL,'Sherwood','Schimmel',NULL,0,'215215078','Jarod_Goldner@hotmail.com',0,NULL,NULL,NULL,NULL,NULL,'e10adc3949ba59abbe56e057f20f883e',NULL,1,NULL,NULL,0,NULL,NULL,NULL,NULL,NULL,0),(86,NULL,NULL,NULL,NULL,NULL,NULL,NULL,'+84123456789','215215079',NULL,NULL,NULL,'Margaretta','Lesch',NULL,0,'215215079','Lennie_Kling@yahoo.com',0,NULL,NULL,NULL,NULL,NULL,'e10adc3949ba59abbe56e057f20f883e',NULL,1,NULL,NULL,0,NULL,NULL,NULL,NULL,NULL,0),(87,NULL,NULL,NULL,NULL,NULL,NULL,NULL,'+84123456789','215215080',NULL,NULL,NULL,'Horace','Franecki',NULL,0,'215215080','Jefferey.Walsh@yahoo.com',0,NULL,NULL,NULL,NULL,NULL,'e10adc3949ba59abbe56e057f20f883e',NULL,1,NULL,NULL,0,NULL,NULL,NULL,NULL,NULL,0),(88,NULL,NULL,NULL,NULL,NULL,NULL,NULL,'+84123456789','215215081',NULL,NULL,NULL,'Monserrate','Rogahn',NULL,0,'215215081','Veda_Schroeder41@hotmail.com',0,NULL,NULL,NULL,NULL,NULL,'e10adc3949ba59abbe56e057f20f883e',NULL,1,NULL,NULL,0,NULL,NULL,NULL,NULL,NULL,0),(89,NULL,NULL,NULL,NULL,NULL,NULL,NULL,'+84123456789','215215082',NULL,NULL,NULL,'Rosalyn','Macejkovic',NULL,0,'215215082','Whitney.Parisian@gmail.com',0,NULL,NULL,NULL,NULL,NULL,'e10adc3949ba59abbe56e057f20f883e',NULL,1,NULL,NULL,0,NULL,NULL,NULL,NULL,NULL,0),(90,NULL,NULL,NULL,NULL,NULL,NULL,NULL,'+84123456789','215215083',NULL,NULL,NULL,'Lamont','Hirthe',NULL,0,'215215083','Trevion.Schuppe4@yahoo.com',0,NULL,NULL,NULL,NULL,NULL,'e10adc3949ba59abbe56e057f20f883e',NULL,1,NULL,NULL,0,NULL,NULL,NULL,NULL,NULL,0),(91,NULL,NULL,NULL,NULL,NULL,NULL,NULL,'+84123456789','215215084',NULL,NULL,NULL,'Dolly','Runolfsdottir',NULL,0,'215215084','Mina.Cole@gmail.com',0,NULL,NULL,NULL,NULL,NULL,'e10adc3949ba59abbe56e057f20f883e',NULL,1,NULL,NULL,0,NULL,NULL,NULL,NULL,NULL,0),(92,NULL,NULL,NULL,NULL,NULL,NULL,NULL,'+84123456789','215215085',NULL,NULL,NULL,'Nelson','Collier',NULL,0,'215215085','Kailee.Boehm@gmail.com',0,NULL,NULL,NULL,NULL,NULL,'e10adc3949ba59abbe56e057f20f883e',NULL,1,NULL,NULL,0,NULL,NULL,NULL,NULL,NULL,0),(93,NULL,NULL,NULL,NULL,NULL,NULL,NULL,'+84123456789','215215086',NULL,NULL,NULL,'Jermaine','Leffler',NULL,0,'215215086','Myron.Hermiston79@gmail.com',0,NULL,NULL,NULL,NULL,NULL,'e10adc3949ba59abbe56e057f20f883e',NULL,1,NULL,NULL,0,NULL,NULL,NULL,NULL,NULL,0),(94,NULL,NULL,NULL,NULL,NULL,NULL,NULL,'+84123456789','215215087',NULL,NULL,NULL,'Chaya','Lowe',NULL,0,'215215087','Sandrine_Kihn@yahoo.com',0,NULL,NULL,NULL,NULL,NULL,'e10adc3949ba59abbe56e057f20f883e',NULL,1,NULL,NULL,0,NULL,NULL,NULL,NULL,NULL,0),(95,NULL,NULL,NULL,NULL,NULL,NULL,NULL,'+84123456789','215215088',NULL,NULL,NULL,'Alda','Hayes',NULL,0,'215215088','Jermain45@gmail.com',0,NULL,NULL,NULL,NULL,NULL,'e10adc3949ba59abbe56e057f20f883e',NULL,1,NULL,NULL,0,NULL,NULL,NULL,NULL,NULL,0),(96,NULL,NULL,NULL,NULL,NULL,NULL,NULL,'+84123456789','215215089',NULL,NULL,NULL,'Sedrick','Swaniawski',NULL,0,'215215089','Grayce.Krajcik55@yahoo.com',0,NULL,NULL,NULL,NULL,NULL,'e10adc3949ba59abbe56e057f20f883e',NULL,1,NULL,NULL,0,NULL,NULL,NULL,NULL,NULL,0),(97,NULL,NULL,NULL,NULL,NULL,NULL,NULL,'+84123456789','215215090',NULL,NULL,NULL,'Lonie','Gorczany',NULL,0,'215215090','Elian_Wolff12@gmail.com',0,NULL,NULL,NULL,NULL,NULL,'e10adc3949ba59abbe56e057f20f883e',NULL,1,NULL,NULL,0,NULL,NULL,NULL,NULL,NULL,0),(98,NULL,NULL,NULL,NULL,NULL,NULL,NULL,'+84123456789','215215091',NULL,NULL,NULL,'Devon','Schulist',NULL,0,'215215091','Federico60@yahoo.com',0,NULL,NULL,NULL,NULL,NULL,'e10adc3949ba59abbe56e057f20f883e',NULL,1,NULL,NULL,0,NULL,NULL,NULL,NULL,NULL,0),(99,NULL,NULL,NULL,NULL,NULL,NULL,NULL,'+84123456789','215215092',NULL,NULL,NULL,'Arnoldo','Volkman',NULL,0,'215215092','Eliezer.Lueilwitz@hotmail.com',0,NULL,NULL,NULL,NULL,NULL,'e10adc3949ba59abbe56e057f20f883e',NULL,1,NULL,NULL,0,NULL,NULL,NULL,NULL,NULL,0),(100,NULL,NULL,NULL,NULL,NULL,NULL,NULL,'+84123456789','215215093',NULL,NULL,NULL,'Willis','Bergnaum',NULL,0,'215215093','Mafalda50@yahoo.com',0,NULL,NULL,NULL,NULL,NULL,'e10adc3949ba59abbe56e057f20f883e',NULL,1,NULL,NULL,0,NULL,NULL,NULL,NULL,NULL,0),(101,NULL,NULL,NULL,NULL,NULL,NULL,NULL,'+84123456789','215215094',NULL,NULL,NULL,'Nicolas','Considine',NULL,0,'215215094','Amie32@yahoo.com',0,NULL,NULL,NULL,NULL,NULL,'e10adc3949ba59abbe56e057f20f883e',NULL,1,NULL,NULL,0,NULL,NULL,NULL,NULL,NULL,0),(102,NULL,NULL,NULL,NULL,NULL,NULL,NULL,'+84123456789','215215095',NULL,NULL,NULL,'Zoila','Gulgowski',NULL,0,'215215095','Annie_Muller15@hotmail.com',0,NULL,NULL,NULL,NULL,NULL,'e10adc3949ba59abbe56e057f20f883e',NULL,1,NULL,NULL,0,NULL,NULL,NULL,NULL,NULL,0),(103,NULL,NULL,NULL,NULL,NULL,NULL,NULL,'+84123456789','215215096',NULL,NULL,NULL,'Caleb','Metz',NULL,0,'215215096','Murl.Tromp@gmail.com',0,NULL,NULL,NULL,NULL,NULL,'e10adc3949ba59abbe56e057f20f883e',NULL,1,NULL,NULL,0,NULL,NULL,NULL,NULL,NULL,0),(104,NULL,NULL,NULL,NULL,NULL,NULL,NULL,'+84123456789','215215097',NULL,NULL,NULL,'Garth','Armstrong',NULL,0,'215215097','Cathrine.Jast@yahoo.com',0,NULL,NULL,NULL,NULL,NULL,'e10adc3949ba59abbe56e057f20f883e',NULL,1,NULL,NULL,0,NULL,NULL,NULL,NULL,NULL,0),(105,NULL,NULL,NULL,NULL,NULL,NULL,NULL,'+84123456789','215215098',NULL,NULL,NULL,'Terrance','Collier',NULL,0,'215215098','Marie39@gmail.com',0,NULL,NULL,NULL,NULL,NULL,'e10adc3949ba59abbe56e057f20f883e',NULL,1,NULL,NULL,0,NULL,NULL,NULL,NULL,NULL,0),(106,NULL,NULL,NULL,NULL,NULL,NULL,NULL,'+84123456789','215215099',NULL,NULL,NULL,'Albert','Wolf',NULL,0,'215215099','Emile.Gutmann85@gmail.com',0,NULL,NULL,NULL,NULL,NULL,'e10adc3949ba59abbe56e057f20f883e',NULL,1,NULL,NULL,0,NULL,NULL,NULL,NULL,NULL,0),(107,NULL,NULL,NULL,NULL,NULL,NULL,NULL,'+84123456789','215215100',NULL,NULL,NULL,'Jayde','Reynolds',NULL,0,'215215100','Joey_Heaney@gmail.com',0,NULL,NULL,NULL,NULL,NULL,'e10adc3949ba59abbe56e057f20f883e',NULL,1,NULL,NULL,0,NULL,NULL,NULL,NULL,NULL,0);
/*!40000 ALTER TABLE `account` ENABLE KEYS */;
UNLOCK TABLES;

--
-- Table structure for table `account_block_time`
--

DROP TABLE IF EXISTS `account_block_time`;
/*!40101 SET @saved_cs_client     = @@character_set_client */;
/*!40101 SET character_set_client = utf8 */;
CREATE TABLE `account_block_time` (
  `id` int(11) NOT NULL AUTO_INCREMENT,
  `account_id` int(11) NOT NULL,
  `begin` datetime NOT NULL,
  `length` int(11) NOT NULL,
  `is_deleted` tinyint(1) NOT NULL DEFAULT '0',
  PRIMARY KEY (`id`),
  UNIQUE KEY `account_id` (`account_id`) USING BTREE,
  KEY `account_block_time_index_begin_end` (`account_id`,`begin`) USING BTREE,
  CONSTRAINT `fk_account_block_time_account_id_account_id` FOREIGN KEY (`account_id`) REFERENCES `account` (`id`)
) ENGINE=InnoDB AUTO_INCREMENT=2 DEFAULT CHARSET=utf8;
/*!40101 SET character_set_client = @saved_cs_client */;

--
-- Dumping data for table `account_block_time`
--

LOCK TABLES `account_block_time` WRITE;
/*!40000 ALTER TABLE `account_block_time` DISABLE KEYS */;
INSERT INTO `account_block_time` VALUES (1,1,'2016-04-20 00:00:00',600,0);
/*!40000 ALTER TABLE `account_block_time` ENABLE KEYS */;
UNLOCK TABLES;

--
-- Table structure for table `account_role`
--

DROP TABLE IF EXISTS `account_role`;
/*!40101 SET @saved_cs_client     = @@character_set_client */;
/*!40101 SET character_set_client = utf8 */;
CREATE TABLE `account_role` (
  `id` int(11) NOT NULL AUTO_INCREMENT,
  `role_id` int(11) NOT NULL,
  `account_id` int(11) NOT NULL,
  `is_deleted` tinyint(1) DEFAULT '0',
  `created_by` int(11) DEFAULT NULL,
  `created_datetime` bigint(20) DEFAULT NULL,
  `last_updated_by` int(11) DEFAULT NULL,
  `last_updated` bigint(20) DEFAULT NULL,
  PRIMARY KEY (`id`),
  KEY `fk_account_role_account_idx` (`account_id`),
  KEY `fk_account_role_role_idx` (`role_id`),
  CONSTRAINT `FK_ibmw1g5w37bmuh5fc0db7wn10` FOREIGN KEY (`account_id`) REFERENCES `clinic_right` (`id`),
  CONSTRAINT `fk_account_role_account` FOREIGN KEY (`account_id`) REFERENCES `account` (`id`) ON DELETE NO ACTION ON UPDATE NO ACTION,
  CONSTRAINT `fk_account_role_role` FOREIGN KEY (`role_id`) REFERENCES `role` (`id`) ON DELETE NO ACTION ON UPDATE NO ACTION
) ENGINE=InnoDB AUTO_INCREMENT=40 DEFAULT CHARSET=utf8;
/*!40101 SET character_set_client = @saved_cs_client */;

--
-- Dumping data for table `account_role`
--

LOCK TABLES `account_role` WRITE;
/*!40000 ALTER TABLE `account_role` DISABLE KEYS */;
INSERT INTO `account_role` VALUES (1,1,1,0,NULL,NULL,NULL,NULL),(2,2,1,0,NULL,NULL,NULL,NULL),(3,3,2,0,NULL,NULL,NULL,NULL),(4,3,3,0,NULL,NULL,NULL,NULL),(5,3,4,0,NULL,NULL,NULL,NULL),(6,3,5,0,NULL,NULL,NULL,NULL),(7,3,6,0,NULL,NULL,NULL,NULL),(8,2,2,0,NULL,NULL,NULL,NULL),(9,2,3,0,NULL,NULL,NULL,NULL),(10,2,4,0,NULL,NULL,NULL,NULL),(11,2,5,0,NULL,NULL,NULL,NULL),(12,2,8,0,NULL,NULL,NULL,NULL),(13,2,9,0,NULL,NULL,NULL,NULL),(14,2,10,0,NULL,NULL,NULL,NULL),(15,2,11,0,NULL,NULL,NULL,NULL),(16,2,12,0,NULL,NULL,NULL,NULL),(17,2,13,0,NULL,NULL,NULL,NULL),(19,2,8,0,NULL,NULL,NULL,NULL),(20,2,9,0,NULL,NULL,NULL,NULL),(21,2,10,0,NULL,NULL,NULL,NULL),(22,2,11,0,NULL,NULL,NULL,NULL),(23,2,12,0,NULL,NULL,NULL,NULL),(24,2,13,0,NULL,NULL,NULL,NULL),(26,2,8,0,NULL,NULL,NULL,NULL),(27,2,9,0,NULL,NULL,NULL,NULL),(28,2,10,0,NULL,NULL,NULL,NULL),(29,2,11,0,NULL,NULL,NULL,NULL),(30,2,12,0,NULL,NULL,NULL,NULL),(31,2,13,0,NULL,NULL,NULL,NULL),(33,2,8,0,NULL,NULL,NULL,NULL),(34,2,9,0,NULL,NULL,NULL,NULL),(35,2,10,0,NULL,NULL,NULL,NULL),(36,2,11,0,NULL,NULL,NULL,NULL),(37,2,12,0,NULL,NULL,NULL,NULL),(38,2,13,0,NULL,NULL,NULL,NULL);
/*!40000 ALTER TABLE `account_role` ENABLE KEYS */;
UNLOCK TABLES;

--
-- Table structure for table `account_timings`
--

DROP TABLE IF EXISTS `account_timings`;
/*!40101 SET @saved_cs_client     = @@character_set_client */;
/*!40101 SET character_set_client = utf8 */;
CREATE TABLE `account_timings` (
  `id` int(11) NOT NULL AUTO_INCREMENT,
  `account_id` int(11) NOT NULL,
  `created_datetime` bigint(11) unsigned DEFAULT NULL,
  `created_by` int(10) unsigned DEFAULT NULL,
  `last_updated` bigint(11) unsigned DEFAULT NULL,
  `last_updated_by` int(11) DEFAULT NULL,
  `is_deleted` tinyint(1) NOT NULL DEFAULT '0',
  PRIMARY KEY (`id`),
  KEY `account_timings_account_id_begin` (`account_id`),
  CONSTRAINT `fk_account_timings_account_id_account_id` FOREIGN KEY (`account_id`) REFERENCES `account` (`id`)
) ENGINE=InnoDB AUTO_INCREMENT=41 DEFAULT CHARSET=utf8;
/*!40101 SET character_set_client = @saved_cs_client */;

--
-- Dumping data for table `account_timings`
--

LOCK TABLES `account_timings` WRITE;
/*!40000 ALTER TABLE `account_timings` DISABLE KEYS */;
INSERT INTO `account_timings` VALUES (9,1,1459153622240,0,1459153650025,0,0),(10,1,1459153862782,0,1459153862782,0,0),(11,1,1459153923137,0,1459153923137,0,0),(12,1,1459600968387,0,1459600968387,0,0),(13,1,1460569053810,0,1460569053810,0,0),(14,1,1460636807843,0,1460636807843,0,0),(15,1,1460636955457,0,1460636955457,0,0),(16,1,1460638979340,0,1460638979340,0,0),(17,1,1460639345539,0,1460639345539,0,0),(18,1,1460639669645,0,1460639669645,0,0),(19,1,1460643360739,0,1460643360739,0,0),(20,1,1460643616996,0,1460643616996,0,0),(21,1,1460653736633,0,1460653736633,0,0),(22,1,1460653758102,0,1460653758102,0,0),(23,1,1460658927546,0,1460658927546,0,0),(24,1,1460659088241,0,1460659088241,0,0),(25,1,1460659354052,0,1460659354052,0,0),(26,1,1460659386014,0,1460659386014,0,0),(27,1,1460659401690,0,1460659401690,0,0),(28,1,1460659418516,0,1460659418516,0,0),(29,1,1460659442110,0,1460659442110,0,0),(30,1,1460659584531,0,1460659584531,0,0),(31,1,1460659601752,0,1460659601752,0,0),(32,6,1460662066105,0,1460662066105,0,0),(33,6,1460705958126,0,1460705958126,0,0),(34,6,1460705982366,0,1460705982366,0,0),(35,6,1460706007334,0,1460706007334,0,0),(36,1,1460789670030,0,1460789670030,0,0),(37,1,1460789687955,0,1460789687955,0,0),(38,1,1460789764582,0,1460789764582,0,0),(39,1,1460792492479,0,1460792492479,0,0),(40,1,1460793070846,0,1460793070846,0,0);
/*!40000 ALTER TABLE `account_timings` ENABLE KEYS */;
UNLOCK TABLES;

--
-- Table structure for table `achievements`
--

DROP TABLE IF EXISTS `achievements`;
/*!40101 SET @saved_cs_client     = @@character_set_client */;
/*!40101 SET character_set_client = utf8 */;
CREATE TABLE `achievements` (
  `id` int(10) unsigned NOT NULL,
  `account_id` int(11) NOT NULL,
  `study` text,
  `research` text,
  `specialist_achievement` text,
  `highlights_achievement` text,
  PRIMARY KEY (`id`),
  KEY `account_id` (`account_id`)
) ENGINE=InnoDB DEFAULT CHARSET=utf8;
/*!40101 SET character_set_client = @saved_cs_client */;

--
-- Dumping data for table `achievements`
--

LOCK TABLES `achievements` WRITE;
/*!40000 ALTER TABLE `achievements` DISABLE KEYS */;
/*!40000 ALTER TABLE `achievements` ENABLE KEYS */;
UNLOCK TABLES;

--
-- Table structure for table `address`
--

DROP TABLE IF EXISTS `address`;
/*!40101 SET @saved_cs_client     = @@character_set_client */;
/*!40101 SET character_set_client = utf8 */;
CREATE TABLE `address` (
  `id` int(11) NOT NULL AUTO_INCREMENT,
  `house_number` varchar(200) DEFAULT NULL,
  `street` varchar(200) DEFAULT NULL,
  `hamlet` varchar(45) DEFAULT NULL,
  `ward` varchar(45) NOT NULL,
  `district` varchar(45) NOT NULL,
  `city` varchar(45) NOT NULL,
  `longtitude` double DEFAULT NULL,
  `latitude` double DEFAULT NULL,
  `is_deleted` tinyint(1) DEFAULT '0',
  `created_by` int(11) DEFAULT NULL,
  `created_datetime` bigint(20) DEFAULT NULL,
  `last_updated_by` int(11) DEFAULT NULL,
  `last_updated` bigint(20) DEFAULT NULL,
  `account_id` int(11) DEFAULT NULL,
  PRIMARY KEY (`id`)
) ENGINE=InnoDB AUTO_INCREMENT=3 DEFAULT CHARSET=utf8;
/*!40101 SET character_set_client = @saved_cs_client */;

--
-- Dumping data for table `address`
--

LOCK TABLES `address` WRITE;
/*!40000 ALTER TABLE `address` DISABLE KEYS */;
INSERT INTO `address` VALUES (1,'12','Điện Biên Phủ',NULL,'10','10','Hồ Chí Minh',106.6812825,10.7656281,0,NULL,NULL,NULL,NULL,1),(2,'12','Điện Biên Phủ',NULL,'10','10','Hồ Chí Minh',106.6812825,10.7656281,0,NULL,NULL,NULL,NULL,NULL);
/*!40000 ALTER TABLE `address` ENABLE KEYS */;
UNLOCK TABLES;

--
-- Table structure for table `annual_fee`
--

DROP TABLE IF EXISTS `annual_fee`;
/*!40101 SET @saved_cs_client     = @@character_set_client */;
/*!40101 SET character_set_client = utf8 */;
CREATE TABLE `annual_fee` (
  `id` int(11) NOT NULL AUTO_INCREMENT,
  `name` varchar(50) DEFAULT NULL,
  `code` varchar(45) DEFAULT NULL,
  `description` varchar(45) DEFAULT NULL,
  `price` bigint(20) DEFAULT NULL,
  `is_deleted` tinyint(1) DEFAULT '0',
  `created_by` int(11) DEFAULT NULL,
  `created_datetime` bigint(20) DEFAULT NULL,
  `last_updated_by` int(11) DEFAULT NULL,
  `last_updated` bigint(20) DEFAULT NULL,
  PRIMARY KEY (`id`)
) ENGINE=InnoDB AUTO_INCREMENT=2 DEFAULT CHARSET=utf8;
/*!40101 SET character_set_client = @saved_cs_client */;

--
-- Dumping data for table `annual_fee`
--

LOCK TABLES `annual_fee` WRITE;
/*!40000 ALTER TABLE `annual_fee` DISABLE KEYS */;
INSERT INTO `annual_fee` VALUES (1,'annual fee','annual_fee','Một triệu đồng',1000000,0,NULL,NULL,NULL,NULL);
/*!40000 ALTER TABLE `annual_fee` ENABLE KEYS */;
UNLOCK TABLES;

--
-- Table structure for table `appointment`
--

DROP TABLE IF EXISTS `appointment`;
/*!40101 SET @saved_cs_client     = @@character_set_client */;
/*!40101 SET character_set_client = utf8 */;
CREATE TABLE `appointment` (
  `id` int(11) NOT NULL,
  `code` varchar(45) DEFAULT NULL,
  `name` varchar(45) DEFAULT NULL,
  `patient` int(11) DEFAULT NULL,
  `medicar` int(11) DEFAULT NULL,
  `type` tinyint(1) DEFAULT NULL,
  `address_id` int(11) DEFAULT NULL,
  `status_id` int(11) DEFAULT NULL,
  `calendar_id` int(11) DEFAULT NULL,
  `created_by` int(11) DEFAULT NULL,
  `created_datetime` bigint(20) DEFAULT NULL,
  `last_updated_by` int(11) DEFAULT NULL,
  `last_updated` bigint(20) DEFAULT NULL,
  `is_deleted` tinyint(11) DEFAULT NULL,
  PRIMARY KEY (`id`),
  KEY `fk_appointment_patient_idx` (`patient`),
  KEY `fk_appointment_acocunt_1_idx` (`medicar`),
  KEY `fk_appointment_address_idx` (`address_id`),
  KEY `fk_appointment_calendar_idx` (`calendar_id`),
  KEY `fk_appointment_status_idx` (`status_id`),
  CONSTRAINT `fk_appointment_account_0` FOREIGN KEY (`patient`) REFERENCES `account` (`id`) ON DELETE NO ACTION ON UPDATE NO ACTION,
  CONSTRAINT `fk_appointment_acocunt_1` FOREIGN KEY (`medicar`) REFERENCES `account` (`id`) ON DELETE NO ACTION ON UPDATE NO ACTION,
  CONSTRAINT `fk_appointment_address` FOREIGN KEY (`address_id`) REFERENCES `address` (`id`) ON DELETE NO ACTION ON UPDATE NO ACTION,
  CONSTRAINT `fk_appointment_calendar` FOREIGN KEY (`calendar_id`) REFERENCES `calendar` (`id`) ON DELETE NO ACTION ON UPDATE NO ACTION,
  CONSTRAINT `fk_appointment_status` FOREIGN KEY (`status_id`) REFERENCES `status` (`id`) ON DELETE NO ACTION ON UPDATE NO ACTION
) ENGINE=InnoDB DEFAULT CHARSET=latin1;
/*!40101 SET character_set_client = @saved_cs_client */;

--
-- Dumping data for table `appointment`
--

LOCK TABLES `appointment` WRITE;
/*!40000 ALTER TABLE `appointment` DISABLE KEYS */;
/*!40000 ALTER TABLE `appointment` ENABLE KEYS */;
UNLOCK TABLES;

--
-- Table structure for table `appointment_booking`
--

DROP TABLE IF EXISTS `appointment_booking`;
/*!40101 SET @saved_cs_client     = @@character_set_client */;
/*!40101 SET character_set_client = utf8 */;
CREATE TABLE `appointment_booking` (
  `id` int(11) unsigned NOT NULL AUTO_INCREMENT,
  `booker` int(11) NOT NULL,
  `medicar` int(11) NOT NULL,
  `cost` decimal(30,0) unsigned NOT NULL,
  `home` tinyint(1) NOT NULL,
  `address_id` int(11) NOT NULL,
  `date` date NOT NULL,
  `time` smallint(6) unsigned NOT NULL,
  `duration` smallint(6) unsigned NOT NULL,
  `status` tinyint(4) NOT NULL,
  `is_deleted` bit(1) DEFAULT NULL,
  `created_by` int(11) DEFAULT NULL,
  `created_datetime` bigint(20) DEFAULT NULL,
  `last_updated` bigint(20) DEFAULT NULL,
  `last_updated_by` int(11) DEFAULT NULL,
  PRIMARY KEY (`id`),
  KEY `index_booker` (`booker`),
  KEY `index_bookee` (`medicar`),
  KEY `index_adress` (`address_id`),
  KEY `index_status` (`status`),
  KEY `index_date_status` (`medicar`,`date`,`status`) USING BTREE,
  KEY `index_date_time` (`medicar`,`date`,`time`,`status`) USING BTREE,
  CONSTRAINT `fk_appointment_booking_address_id_address_id` FOREIGN KEY (`address_id`) REFERENCES `address` (`id`),
  CONSTRAINT `fk_appointment_booking_booker_account_id` FOREIGN KEY (`booker`) REFERENCES `account` (`id`),
  CONSTRAINT `fk_appointment_booking_medicar_account_id` FOREIGN KEY (`medicar`) REFERENCES `account` (`id`)
) ENGINE=InnoDB AUTO_INCREMENT=25 DEFAULT CHARSET=utf8;
/*!40101 SET character_set_client = @saved_cs_client */;

--
-- Dumping data for table `appointment_booking`
--

LOCK TABLES `appointment_booking` WRITE;
/*!40000 ALTER TABLE `appointment_booking` DISABLE KEYS */;
INSERT INTO `appointment_booking` VALUES (2,1,1,'1000',1,1,'2016-03-30',480,30,4,NULL,NULL,NULL,1459958226611,NULL),(3,1,1,'1000',1,1,'2016-03-30',480,30,1,NULL,NULL,NULL,1459958234604,NULL),(9,1,1,'1000',1,1,'2016-03-30',480,30,2,NULL,NULL,NULL,1459958399588,NULL),(10,1,1,'1000',1,1,'2016-03-30',480,30,0,NULL,NULL,NULL,NULL,NULL),(11,1,1,'1000',1,1,'2016-03-30',480,30,0,NULL,NULL,NULL,NULL,NULL),(12,1,1,'1000',1,1,'2016-03-30',480,30,0,NULL,NULL,NULL,NULL,NULL),(13,1,1,'1000',0,1,'2016-04-07',500,10,5,'\0',0,1460043366917,1460048218932,0),(14,1,1,'1000',0,1,'2016-04-07',520,10,5,'\0',0,1460048289255,1460048311406,0),(15,1,1,'1000',0,1,'2016-04-07',540,10,1,'\0',0,1460050211450,1460050224711,0),(16,1,1,'1000',0,1,'2016-04-08',540,10,5,'\0',0,1460050244013,1460050761437,0),(17,1,1,'1000',0,1,'2016-04-08',480,10,3,'\0',0,1460050718910,1460051234461,0),(18,1,1,'1000',0,1,'2016-04-14',480,10,0,'\0',0,1460566514319,1460566514319,0),(19,1,6,'200000',1,1,'2016-04-16',1179,30,2,'\0',0,1460734877978,1460736434041,0),(20,1,1,'200000',1,1,'2016-04-18',110,30,0,'\0',0,1460737041702,1460737041703,0),(21,1,1,'200000',0,1,'2016-04-17',540,10,0,'\0',0,1460792942886,1460792942887,0),(22,1,1,'200000',1,1,'2016-04-16',902,30,0,'\0',0,1460793234092,1460793234092,0),(23,1,1,'200000',1,1,'2016-04-16',932,30,1,'\0',0,1460793536494,1460794213687,0),(24,1,1,'200000',0,1,'2016-04-16',962,10,0,'\0',0,1460793729062,1460793729062,0);
/*!40000 ALTER TABLE `appointment_booking` ENABLE KEYS */;
UNLOCK TABLES;

--
-- Table structure for table `appointment_patient`
--

DROP TABLE IF EXISTS `appointment_patient`;
/*!40101 SET @saved_cs_client     = @@character_set_client */;
/*!40101 SET character_set_client = utf8 */;
CREATE TABLE `appointment_patient` (
  `appointment_id` int(11) unsigned NOT NULL,
  `name` varchar(256) NOT NULL,
  `birth` date NOT NULL,
  `gender` tinyint(4) NOT NULL,
  `address` varchar(2048) DEFAULT NULL,
  `symtoms` text NOT NULL,
  PRIMARY KEY (`appointment_id`) USING HASH,
  KEY `index_birth` (`birth`),
  CONSTRAINT `fk_appointment_patient_appointment_id_appointment_booking_id` FOREIGN KEY (`appointment_id`) REFERENCES `appointment_booking` (`id`)
) ENGINE=InnoDB DEFAULT CHARSET=utf8;
/*!40101 SET character_set_client = @saved_cs_client */;

--
-- Dumping data for table `appointment_patient`
--

LOCK TABLES `appointment_patient` WRITE;
/*!40000 ALTER TABLE `appointment_patient` DISABLE KEYS */;
INSERT INTO `appointment_patient` VALUES (2,'Quang Vu','1992-06-02',0,'Ho chi minh','Dau dau, so mui, chong mat, buon non!'),(3,'Quang Vu','1992-06-02',0,'Ho chi minh','Dau dau, so mui, chong mat, buon non!'),(9,'Quang Vu','1992-06-02',0,'Ho chi minh','Dau dau, so mui, chong mat, buon non!'),(10,'Quang Vu','1992-06-02',0,'Ho chi minh','Dau dau, so mui, chong mat, buon non!'),(11,'Quang Vu','1992-06-02',0,'Ho chi minh','Dau dau, so mui, chong mat, buon non!'),(12,'Quang Vu','1992-06-02',0,'Ho chi minh','Dau dau, so mui, chong mat, buon non!'),(13,'Quang Vu','1992-06-02',0,'Ho chi minh','Dau dau, so mui, chong mat, buon non!'),(14,'Quang Vu','1992-06-02',0,'Ho chi minh','Dau dau, so mui, chong mat, buon non!'),(15,'Quang Vu','1992-06-02',0,'Ho chi minh','Dau dau, so mui, chong mat, buon non!'),(16,'Quang Vu','1992-06-02',0,'Ho chi minh','Dau dau, so mui, chong mat, buon non!'),(17,'Quang Vu','1992-06-02',0,'Ho chi minh','Dau dau, so mui, chong mat, buon non!'),(18,'','1992-06-02',1,'',''),(19,'','1992-06-02',1,'',''),(20,'abc','1992-06-02',1,'','dau bung'),(21,'','1992-06-02',1,'',''),(22,'','1992-06-02',1,'',''),(23,'','1992-06-02',1,'',''),(24,'','1992-06-02',1,'','');
/*!40000 ALTER TABLE `appointment_patient` ENABLE KEYS */;
UNLOCK TABLES;

--
-- Table structure for table `appointment_prescription`
--

DROP TABLE IF EXISTS `appointment_prescription`;
/*!40101 SET @saved_cs_client     = @@character_set_client */;
/*!40101 SET character_set_client = utf8 */;
CREATE TABLE `appointment_prescription` (
  `id` int(11) unsigned NOT NULL AUTO_INCREMENT,
  `booking_id` int(11) unsigned NOT NULL,
  `date` date NOT NULL,
  `instruction` text NOT NULL,
  PRIMARY KEY (`id`),
  KEY `booking_id` (`booking_id`),
  CONSTRAINT `fk_appointment_prescription_id_appointment_booking_id` FOREIGN KEY (`booking_id`) REFERENCES `appointment_booking` (`id`)
) ENGINE=InnoDB AUTO_INCREMENT=12 DEFAULT CHARSET=utf8;
/*!40101 SET character_set_client = @saved_cs_client */;

--
-- Dumping data for table `appointment_prescription`
--

LOCK TABLES `appointment_prescription` WRITE;
/*!40000 ALTER TABLE `appointment_prescription` DISABLE KEYS */;
/*!40000 ALTER TABLE `appointment_prescription` ENABLE KEYS */;
UNLOCK TABLES;

--
-- Table structure for table `calendar`
--

DROP TABLE IF EXISTS `calendar`;
/*!40101 SET @saved_cs_client     = @@character_set_client */;
/*!40101 SET character_set_client = utf8 */;
CREATE TABLE `calendar` (
  `id` int(11) NOT NULL,
  `code` varchar(45) DEFAULT NULL,
  `name` varchar(45) DEFAULT NULL,
  `type` tinyint(1) DEFAULT NULL,
  `slot` bigint(20) DEFAULT NULL,
  `date` bigint(20) DEFAULT NULL,
  `available` tinyint(1) DEFAULT NULL,
  `configuration_id` int(11) DEFAULT NULL,
  `account_id` int(11) DEFAULT NULL,
  `is_blocked` tinyint(1) DEFAULT '0',
  `created_by` int(11) DEFAULT NULL,
  `created_datetime` bigint(20) DEFAULT NULL,
  `last_updated_by` int(11) DEFAULT NULL,
  `last_updated` bigint(11) DEFAULT NULL,
  `is_deleted` tinyint(1) DEFAULT '0',
  PRIMARY KEY (`id`),
  KEY `fk_calendar_account_idx` (`account_id`),
  KEY `FK_grar0vt1grsig5irlyh9n6btw` (`configuration_id`),
  CONSTRAINT `FK_grar0vt1grsig5irlyh9n6btw` FOREIGN KEY (`configuration_id`) REFERENCES `configuration` (`id`),
  CONSTRAINT `fk_calendar_account` FOREIGN KEY (`account_id`) REFERENCES `account` (`id`) ON DELETE NO ACTION ON UPDATE NO ACTION
) ENGINE=InnoDB DEFAULT CHARSET=latin1;
/*!40101 SET character_set_client = @saved_cs_client */;

--
-- Dumping data for table `calendar`
--

LOCK TABLES `calendar` WRITE;
/*!40000 ALTER TABLE `calendar` DISABLE KEYS */;
/*!40000 ALTER TABLE `calendar` ENABLE KEYS */;
UNLOCK TABLES;

--
-- Table structure for table `category`
--

DROP TABLE IF EXISTS `category`;
/*!40101 SET @saved_cs_client     = @@character_set_client */;
/*!40101 SET character_set_client = utf8 */;
CREATE TABLE `category` (
  `id` int(11) NOT NULL AUTO_INCREMENT,
  `major_id` int(11) DEFAULT NULL,
  `code` varchar(45) NOT NULL,
  `name` varchar(450) NOT NULL,
  `description` varchar(1000) DEFAULT NULL,
  `i18n_lang_key_prefix` varchar(100) DEFAULT NULL,
  `view_radius_limit` bigint(20) DEFAULT NULL,
  `is_deleted` tinyint(1) DEFAULT '0',
  `created_by` int(11) DEFAULT NULL,
  `created_datetime` bigint(20) DEFAULT NULL,
  `last_updated_by` int(11) DEFAULT NULL,
  `last_updated` bigint(20) DEFAULT NULL,
  PRIMARY KEY (`id`),
  UNIQUE KEY `code_UNIQUE` (`code`),
  KEY `FK_CATEGORY_MAJOR` (`major_id`),
  CONSTRAINT `FK_CATEGORY_MAJOR` FOREIGN KEY (`major_id`) REFERENCES `major` (`id`) ON DELETE NO ACTION ON UPDATE NO ACTION
) ENGINE=InnoDB AUTO_INCREMENT=11 DEFAULT CHARSET=utf8;
/*!40101 SET character_set_client = @saved_cs_client */;

--
-- Dumping data for table `category`
--

LOCK TABLES `category` WRITE;
/*!40000 ALTER TABLE `category` DISABLE KEYS */;
INSERT INTO `category` VALUES (8,5,'NOI','Nội',NULL,NULL,NULL,0,NULL,NULL,NULL,NULL),(9,5,'NGOAI','Ngoại',NULL,NULL,NULL,0,NULL,NULL,NULL,NULL),(10,6,'CHAM_SOC_SAN','Chăm sóc sản',NULL,NULL,NULL,0,NULL,NULL,NULL,NULL);
/*!40000 ALTER TABLE `category` ENABLE KEYS */;
UNLOCK TABLES;

--
-- Table structure for table `clinic_right`
--

DROP TABLE IF EXISTS `clinic_right`;
/*!40101 SET @saved_cs_client     = @@character_set_client */;
/*!40101 SET character_set_client = utf8 */;
CREATE TABLE `clinic_right` (
  `id` int(11) NOT NULL AUTO_INCREMENT,
  `code` varchar(45) NOT NULL COMMENT 'view/approve/create/reject',
  `name` varchar(450) NOT NULL,
  `description` varchar(1000) DEFAULT NULL,
  `is_deleted` tinyint(1) DEFAULT '0',
  `created_by` int(11) DEFAULT NULL,
  `created_datetime` bigint(20) DEFAULT NULL,
  `last_updated_by` int(11) DEFAULT NULL,
  `last_updated` bigint(20) DEFAULT NULL,
  PRIMARY KEY (`id`)
) ENGINE=InnoDB AUTO_INCREMENT=14 DEFAULT CHARSET=utf8;
/*!40101 SET character_set_client = @saved_cs_client */;

--
-- Dumping data for table `clinic_right`
--

LOCK TABLES `clinic_right` WRITE;
/*!40000 ALTER TABLE `clinic_right` DISABLE KEYS */;
INSERT INTO `clinic_right` VALUES (1,'RIGHT_UPDATE_TIMINGS','Update timings','Update doctor / nurse timings',0,NULL,NULL,NULL,NULL),(2,'RIGHT_BOOK_APPOINTMENT','Patient book appointment right','Patient book appointment right',0,NULL,NULL,NULL,NULL),(3,'RIGHT_APPROVE_APPOINTMENT','Approve appointment',NULL,0,NULL,NULL,NULL,NULL),(4,'RIGHT_CANCEL_APPOINTMENT','Cancel appointment','Cancel appointment',0,NULL,NULL,NULL,NULL),(5,'RIGHT_REJECT_APPOINTMENT','Reject appointment','Reject appointment',0,NULL,NULL,NULL,NULL),(6,'RIGHT_START_APPOINTMENT','Start appointment','Start appointment',0,NULL,NULL,NULL,NULL),(7,'RIGHT_GET_MEDICAR_APPOINTMENT','Get medicar appointments','Get medicar appointments',0,NULL,NULL,NULL,NULL),(8,'RIGHT_SUBMIT_PRESCRIPTION','Medicar can submit owned prescription','Medicar can submit owned prescription',0,NULL,NULL,NULL,NULL),(9,'RIGHT_GET_PRESCRIPTION_HISTORY','Medicar can get prescription of patient in appointment','Medicar can get prescription of patient in appointment',0,NULL,NULL,NULL,NULL),(10,'RIGHT_BLOCK_VACATION','User can own block vacations','User can own block vacations',0,NULL,NULL,NULL,NULL),(11,'RIGHT_HAS_MEDICAR_PROFILE','User can have medicar\'s profile','User can have medicar\'s profile',0,NULL,NULL,NULL,NULL),(12,'RIGHT_UPDATE_MEDICAR_PROFILE','User can update medicar profile of all users','User can update medicar profile of all users',0,NULL,NULL,NULL,NULL),(13,'RIGHT_RATING','Right rating',NULL,0,NULL,NULL,NULL,NULL);
/*!40000 ALTER TABLE `clinic_right` ENABLE KEYS */;
UNLOCK TABLES;

--
-- Table structure for table `comment`
--

DROP TABLE IF EXISTS `comment`;
/*!40101 SET @saved_cs_client     = @@character_set_client */;
/*!40101 SET character_set_client = utf8 */;
CREATE TABLE `comment` (
  `id` int(11) NOT NULL,
  `code` varchar(45) DEFAULT NULL,
  `name` varchar(45) DEFAULT NULL,
  `is_deleted` tinyint(1) DEFAULT NULL,
  `created_by` int(11) DEFAULT NULL,
  `created_datetime` bigint(20) DEFAULT NULL,
  `last_updated` bigint(20) DEFAULT NULL,
  `last_updated_by` int(11) DEFAULT NULL,
  `content` text,
  `medicar_id` int(11) DEFAULT NULL,
  `patient_id` int(11) DEFAULT NULL,
  PRIMARY KEY (`id`),
  KEY `fk_comment_account_idx` (`medicar_id`),
  KEY `fk_comment_account_patient_idx` (`patient_id`),
  CONSTRAINT `fk_comment_account_medicar` FOREIGN KEY (`medicar_id`) REFERENCES `account` (`id`) ON DELETE NO ACTION ON UPDATE NO ACTION,
  CONSTRAINT `fk_comment_account_patient` FOREIGN KEY (`patient_id`) REFERENCES `account` (`id`) ON DELETE NO ACTION ON UPDATE NO ACTION
) ENGINE=InnoDB DEFAULT CHARSET=utf8;
/*!40101 SET character_set_client = @saved_cs_client */;

--
-- Dumping data for table `comment`
--

LOCK TABLES `comment` WRITE;
/*!40000 ALTER TABLE `comment` DISABLE KEYS */;
/*!40000 ALTER TABLE `comment` ENABLE KEYS */;
UNLOCK TABLES;

--
-- Table structure for table `configuration`
--

DROP TABLE IF EXISTS `configuration`;
/*!40101 SET @saved_cs_client     = @@character_set_client */;
/*!40101 SET character_set_client = utf8 */;
CREATE TABLE `configuration` (
  `id` int(11) NOT NULL,
  `code` varchar(45) DEFAULT NULL,
  `name` varchar(45) DEFAULT NULL,
  `description` varchar(45) DEFAULT NULL,
  `value` varchar(45) DEFAULT NULL,
  `created_by` int(11) DEFAULT NULL,
  `created_datetime` bigint(20) DEFAULT NULL,
  `last_updated_by` int(11) DEFAULT NULL,
  `last_updated` bigint(20) DEFAULT NULL,
  `is_deleted` tinyint(1) DEFAULT '0',
  PRIMARY KEY (`id`),
  UNIQUE KEY `code_UNIQUE` (`code`)
) ENGINE=InnoDB DEFAULT CHARSET=latin1;
/*!40101 SET character_set_client = @saved_cs_client */;

--
-- Dumping data for table `configuration`
--

LOCK TABLES `configuration` WRITE;
/*!40000 ALTER TABLE `configuration` DISABLE KEYS */;
/*!40000 ALTER TABLE `configuration` ENABLE KEYS */;
UNLOCK TABLES;

--
-- Table structure for table `cost`
--

DROP TABLE IF EXISTS `cost`;
/*!40101 SET @saved_cs_client     = @@character_set_client */;
/*!40101 SET character_set_client = utf8 */;
CREATE TABLE `cost` (
  `id` int(11) NOT NULL AUTO_INCREMENT,
  `code` varchar(45) DEFAULT NULL,
  `name` varchar(45) DEFAULT NULL,
  `description` varchar(45) DEFAULT NULL,
  `price` double DEFAULT NULL,
  `is_deleted` tinyint(1) DEFAULT '0',
  `created_by` int(11) DEFAULT NULL,
  `created_datetime` bigint(20) DEFAULT NULL,
  `last_updated_by` int(11) DEFAULT NULL,
  `last_updated` bigint(20) DEFAULT NULL,
  PRIMARY KEY (`id`),
  UNIQUE KEY `id_UNIQUE` (`id`)
) ENGINE=InnoDB AUTO_INCREMENT=3 DEFAULT CHARSET=utf8;
/*!40101 SET character_set_client = @saved_cs_client */;

--
-- Dumping data for table `cost`
--

LOCK TABLES `cost` WRITE;
/*!40000 ALTER TABLE `cost` DISABLE KEYS */;
INSERT INTO `cost` VALUES (1,'home','home',NULL,150,0,NULL,NULL,NULL,NULL),(2,'clinic','clinic',NULL,50,0,NULL,NULL,NULL,NULL);
/*!40000 ALTER TABLE `cost` ENABLE KEYS */;
UNLOCK TABLES;

--
-- Table structure for table `custom_timings`
--

DROP TABLE IF EXISTS `custom_timings`;
/*!40101 SET @saved_cs_client     = @@character_set_client */;
/*!40101 SET character_set_client = utf8 */;
CREATE TABLE `custom_timings` (
  `id` int(11) unsigned NOT NULL AUTO_INCREMENT,
  `account_id` int(11) NOT NULL,
  `date` date NOT NULL,
  `begin` smallint(5) unsigned NOT NULL,
  `length` smallint(5) unsigned NOT NULL,
  `type` tinyint(4) NOT NULL,
  `is_deleted` tinyint(1) NOT NULL DEFAULT '0',
  PRIMARY KEY (`id`),
  KEY `index_account_id` (`account_id`),
  KEY `index_type` (`type`),
  KEY `index_date` (`date`,`begin`) USING BTREE,
  CONSTRAINT `fk_custom_timings_account_id_account_id` FOREIGN KEY (`account_id`) REFERENCES `account` (`id`)
) ENGINE=InnoDB DEFAULT CHARSET=utf8;
/*!40101 SET character_set_client = @saved_cs_client */;

--
-- Dumping data for table `custom_timings`
--

LOCK TABLES `custom_timings` WRITE;
/*!40000 ALTER TABLE `custom_timings` DISABLE KEYS */;
/*!40000 ALTER TABLE `custom_timings` ENABLE KEYS */;
UNLOCK TABLES;

--
-- Table structure for table `major`
--

DROP TABLE IF EXISTS `major`;
/*!40101 SET @saved_cs_client     = @@character_set_client */;
/*!40101 SET character_set_client = utf8 */;
CREATE TABLE `major` (
  `id` int(11) NOT NULL AUTO_INCREMENT,
  `code` varchar(45) NOT NULL,
  `name` varchar(450) NOT NULL,
  `description` varchar(1000) DEFAULT NULL,
  `is_deleted` tinyint(1) DEFAULT '0',
  `created_by` int(11) DEFAULT NULL,
  `created_datetime` bigint(20) DEFAULT NULL,
  `last_updated_by` int(11) DEFAULT NULL,
  `last_updated` bigint(20) DEFAULT NULL,
  PRIMARY KEY (`id`),
  UNIQUE KEY `code_UNIQUE` (`code`)
) ENGINE=InnoDB AUTO_INCREMENT=7 DEFAULT CHARSET=utf8;
/*!40101 SET character_set_client = @saved_cs_client */;

--
-- Dumping data for table `major`
--

LOCK TABLES `major` WRITE;
/*!40000 ALTER TABLE `major` DISABLE KEYS */;
INSERT INTO `major` VALUES (5,'DOCTOR','Bác sĩ',NULL,0,NULL,NULL,NULL,NULL),(6,'NURSE','Điều dưỡng',NULL,0,NULL,NULL,NULL,NULL);
/*!40000 ALTER TABLE `major` ENABLE KEYS */;
UNLOCK TABLES;

--
-- Table structure for table `medicar_profile`
--

DROP TABLE IF EXISTS `medicar_profile`;
/*!40101 SET @saved_cs_client     = @@character_set_client */;
/*!40101 SET character_set_client = utf8 */;
CREATE TABLE `medicar_profile` (
  `id` int(11) NOT NULL AUTO_INCREMENT,
  `account_id` int(11) NOT NULL,
  `license_number` varchar(256) NOT NULL,
  `graduated_school` varchar(256) DEFAULT NULL,
  `graduated_year` year(4) DEFAULT NULL,
  `master_year` year(4) DEFAULT NULL,
  `master_spec` varchar(256) DEFAULT NULL,
  `doctor_year` year(4) DEFAULT NULL,
  `doctor_spec` varchar(256) DEFAULT NULL,
  `specialist_1_year` year(4) DEFAULT NULL,
  `specialist_1_spec` varchar(256) DEFAULT NULL,
  `specialist_2_year` year(4) DEFAULT NULL,
  `specialist_2_spec` varchar(256) DEFAULT NULL,
  `other_specialist_year` year(4) DEFAULT NULL,
  `other_specialist_spec` varchar(256) DEFAULT NULL,
  `other_training` text,
  `level` tinyint(3) unsigned NOT NULL,
  `clinic_price` int(11) unsigned NOT NULL,
  `patient_home_price` int(11) unsigned NOT NULL,
  `is_deleted` bit(1) DEFAULT NULL,
  `created_by` int(11) DEFAULT NULL,
  `created_datetime` bigint(20) DEFAULT NULL,
  `last_updated` bigint(20) DEFAULT NULL,
  `last_updated_by` int(11) DEFAULT NULL,
  `licenseNumber` varchar(256) DEFAULT NULL,
  PRIMARY KEY (`id`),
  UNIQUE KEY `account_id_2` (`account_id`),
  KEY `account_id` (`account_id`),
  CONSTRAINT `fk_doctor_profile_account_id_account_id` FOREIGN KEY (`account_id`) REFERENCES `account` (`id`)
) ENGINE=InnoDB DEFAULT CHARSET=utf8;
/*!40101 SET character_set_client = @saved_cs_client */;

--
-- Dumping data for table `medicar_profile`
--

LOCK TABLES `medicar_profile` WRITE;
/*!40000 ALTER TABLE `medicar_profile` DISABLE KEYS */;
/*!40000 ALTER TABLE `medicar_profile` ENABLE KEYS */;
UNLOCK TABLES;

--
-- Table structure for table `notification`
--

DROP TABLE IF EXISTS `notification`;
/*!40101 SET @saved_cs_client     = @@character_set_client */;
/*!40101 SET character_set_client = utf8 */;
CREATE TABLE `notification` (
  `id` bigint(20) unsigned NOT NULL AUTO_INCREMENT,
  `owner` int(11) NOT NULL,
  `sender` int(11) DEFAULT NULL,
  `content` text NOT NULL,
  `type` tinyint(3) unsigned NOT NULL DEFAULT '0',
  `is_read` tinyint(1) NOT NULL DEFAULT '0',
  PRIMARY KEY (`id`),
  KEY `owner` (`owner`),
  KEY `sender` (`sender`),
  CONSTRAINT `FK_r3mhugotx5tcjxteuti1xixkw` FOREIGN KEY (`sender`) REFERENCES `account` (`id`),
  CONSTRAINT `FK_rg0ks2jlh334m1n721ao16ko8` FOREIGN KEY (`owner`) REFERENCES `account` (`id`)
) ENGINE=InnoDB AUTO_INCREMENT=9 DEFAULT CHARSET=utf8;
/*!40101 SET character_set_client = @saved_cs_client */;

--
-- Dumping data for table `notification`
--

LOCK TABLES `notification` WRITE;
/*!40000 ALTER TABLE `notification` DISABLE KEYS */;
INSERT INTO `notification` VALUES (1,6,NULL,'Bệnh nhân Đỗ a Vương đã đặt một lịch khám vào lúc 19:39 ngày 16-04-2016',0,0),(2,1,NULL,'Bác sĩ Nguyên Văn Vu đã từ chối cuộc hẹn bạn đặt vào lúc 19:39 ngày 16-04-2016',0,0),(3,1,NULL,'Bệnh nhân Đỗ a Vương đã đặt một lịch khám vào lúc 01:50 ngày 18-04-2016',0,0),(4,1,NULL,'Bệnh nhân Đỗ a Vương đã đặt một lịch khám vào lúc 09:00 ngày 17-04-2016',0,0),(5,1,NULL,'Bệnh nhân Đỗ a Vương đã đặt một lịch khám vào lúc 15:02 ngày 16-04-2016',0,0),(6,1,NULL,'Bệnh nhân Đỗ a Vương đã đặt một lịch khám vào lúc 15:32 ngày 16-04-2016',0,0),(7,1,NULL,'Bệnh nhân Đỗ a Vương đã đặt một lịch khám vào lúc 16:02 ngày 16-04-2016',0,0),(8,1,NULL,'Bác sĩ Đỗ a Vương đã chấp nhận cuộc hẹn bạn đặt vào lúc 15:32 ngày 16-04-2016',0,0);
/*!40000 ALTER TABLE `notification` ENABLE KEYS */;
UNLOCK TABLES;

--
-- Table structure for table `place`
--

DROP TABLE IF EXISTS `place`;
/*!40101 SET @saved_cs_client     = @@character_set_client */;
/*!40101 SET character_set_client = utf8 */;
CREATE TABLE `place` (
  `id` int(11) NOT NULL AUTO_INCREMENT,
  `address_id` int(11) NOT NULL,
  `cost_id` int(11) DEFAULT NULL,
  `code` varchar(45) NOT NULL,
  `name` varchar(450) NOT NULL,
  `description` text,
  `note` varchar(1000) DEFAULT NULL,
  `phone_number` varchar(45) DEFAULT NULL,
  `email` varchar(450) DEFAULT NULL,
  `website` varchar(450) DEFAULT NULL,
  `fax` varchar(45) DEFAULT NULL,
  `daily_open_time` bigint(20) DEFAULT NULL,
  `daily_close_time` bigint(20) DEFAULT NULL,
  `image_url` varchar(500) DEFAULT NULL,
  `status` tinyint(1) DEFAULT NULL,
  `is_deleted` tinyint(1) DEFAULT '0',
  `created_by` int(11) DEFAULT NULL,
  `created_datetime` bigint(20) DEFAULT NULL,
  `last_updated_by` int(11) DEFAULT NULL,
  `last_updated` bigint(20) DEFAULT NULL,
  `longtitude` double DEFAULT NULL,
  `node` varchar(1000) DEFAULT NULL,
  `latitude` double DEFAULT NULL,
  PRIMARY KEY (`id`),
  UNIQUE KEY `code_UNIQUE` (`code`),
  KEY `fk_place_address1_idx` (`address_id`),
  KEY `fk_place_cost_idx` (`cost_id`),
  KEY `coord` (`longtitude`,`latitude`) USING BTREE,
  CONSTRAINT `fk_place_address` FOREIGN KEY (`address_id`) REFERENCES `address` (`id`) ON DELETE NO ACTION ON UPDATE NO ACTION,
  CONSTRAINT `fk_place_cost` FOREIGN KEY (`cost_id`) REFERENCES `cost` (`id`) ON DELETE NO ACTION ON UPDATE NO ACTION
) ENGINE=InnoDB AUTO_INCREMENT=2 DEFAULT CHARSET=utf8;
/*!40101 SET character_set_client = @saved_cs_client */;

--
-- Dumping data for table `place`
--

LOCK TABLES `place` WRITE;
/*!40000 ALTER TABLE `place` DISABLE KEYS */;
INSERT INTO `place` VALUES (1,2,2,'PK_DOCTOR_00002','PK KMS 1',NULL,NULL,'233123','ck@gmail.com','xxx.com',NULL,NULL,NULL,NULL,NULL,0,NULL,NULL,NULL,NULL,NULL,NULL,NULL);
/*!40000 ALTER TABLE `place` ENABLE KEYS */;
UNLOCK TABLES;

--
-- Table structure for table `prescription_doctor_note`
--

DROP TABLE IF EXISTS `prescription_doctor_note`;
/*!40101 SET @saved_cs_client     = @@character_set_client */;
/*!40101 SET character_set_client = utf8 */;
CREATE TABLE `prescription_doctor_note` (
  `id` int(11) unsigned NOT NULL,
  `text` text NOT NULL,
  `image` varchar(1024) DEFAULT NULL,
  PRIMARY KEY (`id`),
  CONSTRAINT `fk_appointment_doctor_note_id_appointment_prescription_id` FOREIGN KEY (`id`) REFERENCES `appointment_prescription` (`id`)
) ENGINE=InnoDB DEFAULT CHARSET=utf8;
/*!40101 SET character_set_client = @saved_cs_client */;

--
-- Dumping data for table `prescription_doctor_note`
--

LOCK TABLES `prescription_doctor_note` WRITE;
/*!40000 ALTER TABLE `prescription_doctor_note` DISABLE KEYS */;
INSERT INTO `prescription_doctor_note` VALUES (9,'Tinh trang binh thuong, uong thuoc xong chet!',NULL),(10,'Tinh trang binh thuong, uong thuoc xong chet!',NULL),(11,'Tinh trang binh thuong, uong thuoc xong chet!',NULL);
/*!40000 ALTER TABLE `prescription_doctor_note` ENABLE KEYS */;
UNLOCK TABLES;

--
-- Table structure for table `prescription_medicine`
--

DROP TABLE IF EXISTS `prescription_medicine`;
/*!40101 SET @saved_cs_client     = @@character_set_client */;
/*!40101 SET character_set_client = utf8 */;
CREATE TABLE `prescription_medicine` (
  `id` int(11) unsigned NOT NULL AUTO_INCREMENT,
  `prescription_id` int(11) unsigned NOT NULL,
  `name` varchar(512) NOT NULL,
  `quant_total` smallint(5) unsigned NOT NULL,
  `instr` varchar(1024) NOT NULL,
  `quant_morning` double unsigned NOT NULL,
  `quant_noon` double unsigned NOT NULL,
  `quant_afternoon` double unsigned NOT NULL,
  `quant_night` double unsigned NOT NULL,
  PRIMARY KEY (`id`),
  KEY `prescription_id` (`prescription_id`),
  CONSTRAINT `fk_prescription_id` FOREIGN KEY (`prescription_id`) REFERENCES `appointment_prescription` (`id`)
) ENGINE=InnoDB AUTO_INCREMENT=10 DEFAULT CHARSET=utf8;
/*!40101 SET character_set_client = @saved_cs_client */;

--
-- Dumping data for table `prescription_medicine`
--

LOCK TABLES `prescription_medicine` WRITE;
/*!40000 ALTER TABLE `prescription_medicine` DISABLE KEYS */;
INSERT INTO `prescription_medicine` VALUES (1,9,'aspirin',0,'',2,0,0,2),(2,9,'beta lecosoda',0,'',1,0,0,1),(3,9,'medax',0,'',1,1,1,1),(4,10,'aspirin',0,'',2,0,0,2),(5,10,'beta lecosoda',0,'',1,0,0,1),(6,10,'medax',0,'',1,1,1,1),(7,11,'aspirin',0,'',2,0,0,2),(8,11,'beta lecosoda',0,'',1,0,0,1),(9,11,'medax',0,'',1,1,1,1);
/*!40000 ALTER TABLE `prescription_medicine` ENABLE KEYS */;
UNLOCK TABLES;

--
-- Table structure for table `rate`
--

DROP TABLE IF EXISTS `rate`;
/*!40101 SET @saved_cs_client     = @@character_set_client */;
/*!40101 SET character_set_client = utf8 */;
CREATE TABLE `rate` (
  `id` int(11) NOT NULL AUTO_INCREMENT,
  `name` varchar(45) DEFAULT NULL,
  `code` varchar(45) DEFAULT NULL,
  `is_deleted` tinyint(1) DEFAULT NULL,
  `last_updated` bigint(20) DEFAULT NULL,
  `last_update_by` int(11) DEFAULT NULL,
  `created_by` int(11) DEFAULT NULL,
  `created_datetime` bigint(11) DEFAULT NULL,
  `mark` double DEFAULT '0',
  `count` int(11) DEFAULT NULL,
  `last_updated_by` int(11) DEFAULT NULL,
  `medicar_id` int(11) DEFAULT NULL,
  PRIMARY KEY (`id`),
  KEY `fk_rate_account_idx` (`medicar_id`),
  CONSTRAINT `fk_rate_account` FOREIGN KEY (`medicar_id`) REFERENCES `account` (`id`) ON DELETE NO ACTION ON UPDATE NO ACTION
) ENGINE=InnoDB AUTO_INCREMENT=2 DEFAULT CHARSET=utf8;
/*!40101 SET character_set_client = @saved_cs_client */;

--
-- Dumping data for table `rate`
--

LOCK TABLES `rate` WRITE;
/*!40000 ALTER TABLE `rate` DISABLE KEYS */;
/*!40000 ALTER TABLE `rate` ENABLE KEYS */;
UNLOCK TABLES;

--
-- Table structure for table `rate_trace`
--

DROP TABLE IF EXISTS `rate_trace`;
/*!40101 SET @saved_cs_client     = @@character_set_client */;
/*!40101 SET character_set_client = utf8 */;
CREATE TABLE `rate_trace` (
  `id` int(11) NOT NULL AUTO_INCREMENT,
  `is_deleted` bit(1) DEFAULT NULL,
  `created_by` int(11) DEFAULT NULL,
  `created_datetime` bigint(20) DEFAULT NULL,
  `last_updated` bigint(20) DEFAULT NULL,
  `last_updated_by` int(11) DEFAULT NULL,
  `comment` varchar(255) DEFAULT NULL,
  `mark` double NOT NULL,
  `appointment_booking_id` int(11) unsigned NOT NULL,
  `partient_id` int(11) NOT NULL,
  PRIMARY KEY (`id`),
  KEY `fk_rate_trace_account_idx` (`partient_id`),
  KEY `fk_rate_trace_appointment_booking_idx` (`appointment_booking_id`),
  CONSTRAINT `fk_rate_trace_account` FOREIGN KEY (`partient_id`) REFERENCES `account` (`id`) ON DELETE NO ACTION ON UPDATE NO ACTION,
  CONSTRAINT `fk_rate_trace_appointment_booking` FOREIGN KEY (`appointment_booking_id`) REFERENCES `appointment_booking` (`id`)
) ENGINE=InnoDB AUTO_INCREMENT=5 DEFAULT CHARSET=utf8;
/*!40101 SET character_set_client = @saved_cs_client */;

--
-- Dumping data for table `rate_trace`
--

LOCK TABLES `rate_trace` WRITE;
/*!40000 ALTER TABLE `rate_trace` DISABLE KEYS */;
/*!40000 ALTER TABLE `rate_trace` ENABLE KEYS */;
UNLOCK TABLES;

--
-- Table structure for table `role`
--

DROP TABLE IF EXISTS `role`;
/*!40101 SET @saved_cs_client     = @@character_set_client */;
/*!40101 SET character_set_client = utf8 */;
CREATE TABLE `role` (
  `id` int(11) NOT NULL AUTO_INCREMENT,
  `code` varchar(45) NOT NULL COMMENT 'doctor/nuser/admin',
  `name` varchar(450) NOT NULL,
  `description` varchar(1000) DEFAULT NULL,
  `is_deleted` tinyint(1) DEFAULT '0',
  `created_by` int(11) DEFAULT NULL,
  `created_datetime` bigint(20) DEFAULT NULL,
  `last_updated_by` int(11) DEFAULT NULL,
  `last_updated` bigint(20) DEFAULT NULL,
  PRIMARY KEY (`id`)
) ENGINE=InnoDB AUTO_INCREMENT=6 DEFAULT CHARSET=utf8;
/*!40101 SET character_set_client = @saved_cs_client */;

--
-- Dumping data for table `role`
--

LOCK TABLES `role` WRITE;
/*!40000 ALTER TABLE `role` DISABLE KEYS */;
INSERT INTO `role` VALUES (1,'DOCTOR_ROLE','Doctor\'s roles','Doctor\'s roles',0,NULL,NULL,NULL,NULL),(2,'PATIENT_ROLE','Patient\'s role','Patient\'s role',0,NULL,NULL,NULL,NULL),(3,'NURSE_ROLE','Nurse\'s role','Nurse\'s role',0,NULL,NULL,NULL,NULL),(4,'ADMIN_ROLE','Admin\'s role','Admin\'s role',0,NULL,NULL,NULL,NULL),(5,'NURSE_ROLE','Nurse\'s role','Nurse\'s role',0,NULL,NULL,NULL,NULL);
/*!40000 ALTER TABLE `role` ENABLE KEYS */;
UNLOCK TABLES;

--
-- Table structure for table `role_right`
--

DROP TABLE IF EXISTS `role_right`;
/*!40101 SET @saved_cs_client     = @@character_set_client */;
/*!40101 SET character_set_client = utf8 */;
CREATE TABLE `role_right` (
  `id` int(11) NOT NULL AUTO_INCREMENT,
  `role_id` int(11) NOT NULL,
  `clinic_right_id` int(11) NOT NULL,
  `is_deleted` tinyint(1) DEFAULT '0',
  `created_by` int(11) DEFAULT NULL,
  `created_datetime` bigint(20) DEFAULT NULL,
  `last_updated_by` int(11) DEFAULT NULL,
  `last_updated` bigint(20) DEFAULT NULL,
  PRIMARY KEY (`id`),
  KEY `fk_role_right_maper_right_idx` (`clinic_right_id`),
  KEY `fk_role_right_role_idx` (`role_id`),
  CONSTRAINT `fk_role_right_clinic_right` FOREIGN KEY (`clinic_right_id`) REFERENCES `clinic_right` (`id`) ON DELETE NO ACTION ON UPDATE NO ACTION,
  CONSTRAINT `fk_role_right_role` FOREIGN KEY (`role_id`) REFERENCES `role` (`id`) ON DELETE NO ACTION ON UPDATE NO ACTION
) ENGINE=InnoDB AUTO_INCREMENT=24 DEFAULT CHARSET=utf8;
/*!40101 SET character_set_client = @saved_cs_client */;

--
-- Dumping data for table `role_right`
--

LOCK TABLES `role_right` WRITE;
/*!40000 ALTER TABLE `role_right` DISABLE KEYS */;
INSERT INTO `role_right` VALUES (1,1,1,0,NULL,NULL,NULL,NULL),(2,2,2,0,NULL,NULL,NULL,NULL),(3,1,3,0,NULL,NULL,NULL,NULL),(4,1,4,0,NULL,NULL,NULL,NULL),(5,1,5,0,NULL,NULL,NULL,NULL),(6,1,6,0,NULL,NULL,NULL,NULL),(7,1,7,0,NULL,NULL,NULL,NULL),(8,1,8,0,NULL,NULL,NULL,NULL),(9,1,9,0,NULL,NULL,NULL,NULL),(10,1,10,0,NULL,NULL,NULL,NULL),(11,1,11,0,NULL,NULL,NULL,NULL),(12,4,12,0,NULL,NULL,NULL,NULL),(13,3,1,0,NULL,NULL,NULL,NULL),(14,3,3,0,NULL,NULL,NULL,NULL),(15,3,4,0,NULL,NULL,NULL,NULL),(16,3,5,0,NULL,NULL,NULL,NULL),(17,3,6,0,NULL,NULL,NULL,NULL),(18,3,7,0,NULL,NULL,NULL,NULL),(19,3,8,0,NULL,NULL,NULL,NULL),(20,3,9,0,NULL,NULL,NULL,NULL),(21,3,10,0,NULL,NULL,NULL,NULL),(22,3,11,0,NULL,NULL,NULL,NULL),(23,2,4,0,NULL,NULL,NULL,NULL);
/*!40000 ALTER TABLE `role_right` ENABLE KEYS */;
UNLOCK TABLES;

--
-- Table structure for table `session_log`
--

DROP TABLE IF EXISTS `session_log`;
/*!40101 SET @saved_cs_client     = @@character_set_client */;
/*!40101 SET character_set_client = utf8 */;
CREATE TABLE `session_log` (
  `id` int(11) NOT NULL AUTO_INCREMENT,
  `session_id` varchar(45) DEFAULT NULL,
  `login_time` bigint(20) DEFAULT NULL,
  `logout_time` bigint(20) DEFAULT NULL,
  `expired_time` bigint(20) NOT NULL,
  `account_id` int(11) DEFAULT NULL,
  `is_deleted` tinyint(1) DEFAULT '0',
  `last_updated` bigint(20) DEFAULT NULL,
  `last_updated_by` int(11) DEFAULT NULL,
  `created_by` int(11) DEFAULT NULL,
  `created_datetime` bigint(20) DEFAULT NULL,
  PRIMARY KEY (`id`),
  UNIQUE KEY `session_id_2` (`session_id`),
  UNIQUE KEY `account_id` (`account_id`),
  KEY `fk_sessionlog_account_idx` (`account_id`),
  KEY `login_time_expired_time` (`login_time`,`expired_time`) USING BTREE,
  KEY `session_id` (`session_id`),
  CONSTRAINT `fk_sessionlog_account` FOREIGN KEY (`account_id`) REFERENCES `account` (`id`) ON DELETE NO ACTION ON UPDATE NO ACTION
) ENGINE=InnoDB AUTO_INCREMENT=5 DEFAULT CHARSET=utf8;
/*!40101 SET character_set_client = @saved_cs_client */;

--
-- Dumping data for table `session_log`
--

LOCK TABLES `session_log` WRITE;
/*!40000 ALTER TABLE `session_log` DISABLE KEYS */;
INSERT INTO `session_log` VALUES (2,'c43d78dd-fb51-43a0-b52e-eb409f2d7ded',1460480992346,NULL,1460482192346,1,0,1460795612072,1,1,1460480992346),(3,'a0b25eeb-badf-428d-bf6e-a2e47d0a40e3',1460609318920,NULL,1460610518920,2,0,1460609318920,2,2,1460609318920),(4,'6675b1ee-39b4-4d05-8d12-1579236b18e4',1460661906725,NULL,1460663106725,6,0,1460792821648,6,6,1460661906725);
/*!40000 ALTER TABLE `session_log` ENABLE KEYS */;
UNLOCK TABLES;

--
-- Table structure for table `status`
--

DROP TABLE IF EXISTS `status`;
/*!40101 SET @saved_cs_client     = @@character_set_client */;
/*!40101 SET character_set_client = utf8 */;
CREATE TABLE `status` (
  `id` int(11) NOT NULL,
  `code` varchar(45) DEFAULT NULL,
  `name` varchar(45) DEFAULT NULL,
  `description` varchar(45) DEFAULT NULL,
  `created_by` int(11) DEFAULT NULL,
  `created_datetime` bigint(20) DEFAULT NULL,
  `last_updated_by` int(11) DEFAULT NULL,
  `last_updated` bigint(20) DEFAULT NULL,
  `is_deleted` tinyint(1) DEFAULT '0',
  PRIMARY KEY (`id`),
  UNIQUE KEY `code_UNIQUE` (`code`)
) ENGINE=InnoDB DEFAULT CHARSET=utf8;
/*!40101 SET character_set_client = @saved_cs_client */;

--
-- Dumping data for table `status`
--

LOCK TABLES `status` WRITE;
/*!40000 ALTER TABLE `status` DISABLE KEYS */;
/*!40000 ALTER TABLE `status` ENABLE KEYS */;
UNLOCK TABLES;

--
-- Table structure for table `subcategory`
--

DROP TABLE IF EXISTS `subcategory`;
/*!40101 SET @saved_cs_client     = @@character_set_client */;
/*!40101 SET character_set_client = utf8 */;
CREATE TABLE `subcategory` (
  `id` int(11) NOT NULL AUTO_INCREMENT,
  `name` varchar(1000) DEFAULT NULL,
  `code` varchar(45) DEFAULT NULL,
  `description` varchar(45) DEFAULT NULL,
  `created_by` int(11) DEFAULT NULL,
  `create_datetime` bigint(20) DEFAULT NULL,
  `last_updated_by` int(11) DEFAULT NULL,
  `last_updated` bigint(20) DEFAULT NULL,
  `created_datetime` bigint(20) DEFAULT NULL,
  `is_deleted` tinyint(1) DEFAULT '0',
  `category_id` int(11) DEFAULT NULL,
  `clinic_dur` smallint(5) unsigned NOT NULL,
  `patient_home_dur` smallint(5) unsigned NOT NULL,
  PRIMARY KEY (`id`),
  KEY `fk_subcategory_category` (`category_id`),
  CONSTRAINT `fk_subcategory_category` FOREIGN KEY (`category_id`) REFERENCES `category` (`id`)
) ENGINE=InnoDB AUTO_INCREMENT=10 DEFAULT CHARSET=utf8;
/*!40101 SET character_set_client = @saved_cs_client */;

--
-- Dumping data for table `subcategory`
--

LOCK TABLES `subcategory` WRITE;
/*!40000 ALTER TABLE `subcategory` DISABLE KEYS */;
INSERT INTO `subcategory` VALUES (1,'Tim mạch','TIM',NULL,NULL,NULL,NULL,NULL,NULL,0,8,10,30),(2,'Hô hấp','HOHAP',NULL,NULL,NULL,NULL,NULL,NULL,0,8,10,30),(3,'Tắm ','TAM_BE',NULL,NULL,NULL,NULL,NULL,NULL,0,10,10,30),(4,'Theo dõi vàng da','THEO_DOI_VANG_DA',NULL,NULL,NULL,NULL,NULL,NULL,0,10,10,30),(5,'Chăm sóc thiếu tháng','CHAM_SOC_THIEU_THANG',NULL,NULL,NULL,NULL,NULL,NULL,0,10,10,30),(6,'Chăm sóc vết mổ','CHAM_SOC_VET_MO',NULL,NULL,NULL,NULL,NULL,NULL,0,10,10,30),(7,'Chăm sóc hậu phẩu thuật','CHAM_SOC_HAU_PHAU_THUAT',NULL,NULL,NULL,NULL,NULL,NULL,0,10,10,30),(8,'Chăm sóc căng sữa','CHAM_SOC_CANG_SUA',NULL,NULL,NULL,NULL,NULL,NULL,0,10,10,30);
/*!40000 ALTER TABLE `subcategory` ENABLE KEYS */;
UNLOCK TABLES;

--
-- Table structure for table `timings`
--

DROP TABLE IF EXISTS `timings`;
/*!40101 SET @saved_cs_client     = @@character_set_client */;
/*!40101 SET character_set_client = utf8 */;
CREATE TABLE `timings` (
  `id` int(11) NOT NULL AUTO_INCREMENT,
  `account_timings_id` int(11) NOT NULL,
  `begin` smallint(6) NOT NULL,
  `length` smallint(6) NOT NULL,
  `type` tinyint(4) NOT NULL,
  PRIMARY KEY (`id`),
  KEY `timings_index_account_timings_id` (`account_timings_id`),
  KEY `timings_index_begin` (`begin`) USING BTREE,
  CONSTRAINT `fk_timings_account_timings_id_account_timings_id` FOREIGN KEY (`account_timings_id`) REFERENCES `account_timings` (`id`) ON DELETE NO ACTION ON UPDATE NO ACTION
) ENGINE=InnoDB AUTO_INCREMENT=62 DEFAULT CHARSET=utf8;
/*!40101 SET character_set_client = @saved_cs_client */;

--
-- Dumping data for table `timings`
--

LOCK TABLES `timings` WRITE;
/*!40000 ALTER TABLE `timings` DISABLE KEYS */;
INSERT INTO `timings` VALUES (1,10,480,210,0),(2,10,810,240,0),(3,11,480,210,0),(4,11,810,240,0),(5,12,480,210,0),(6,12,810,240,0),(7,13,0,30,0),(8,14,0,1130,0),(9,15,772,360,0),(10,16,0,30,0),(11,17,1168,30,0),(12,18,0,30,0),(13,18,1168,30,0),(14,19,0,30,0),(15,19,1168,30,0),(16,19,1239,30,0),(17,20,0,30,0),(18,20,1168,30,0),(19,20,1239,30,0),(20,20,1303,30,0),(21,21,0,30,0),(22,21,1168,30,0),(23,21,1239,30,0),(24,21,1303,30,0),(25,21,1409,30,1),(26,22,0,30,0),(27,22,1112,10,0),(28,22,1168,30,0),(29,22,1239,30,0),(30,22,1303,30,0),(31,22,1409,30,1),(32,23,1112,86,0),(33,24,1112,86,0),(34,24,1201,10,0),(35,25,1112,99,0),(36,26,546,720,0),(37,27,126,10,0),(38,27,546,720,0),(39,28,126,10,0),(40,28,187,10,0),(41,28,546,720,0),(42,29,126,10,0),(43,29,187,1079,0),(44,30,0,10,0),(45,30,126,10,0),(46,30,187,1079,0),(47,31,0,1266,0),(48,32,0,10,0),(49,33,0,10,0),(50,33,878,10,0),(51,34,0,10,0),(52,34,878,10,0),(53,35,1179,30,1),(54,36,0,1266,0),(55,37,0,776,0),(56,38,480,297,0),(57,39,0,10,0),(58,39,480,297,0),(59,40,0,10,0),(60,40,480,297,0),(61,40,832,180,0);
/*!40000 ALTER TABLE `timings` ENABLE KEYS */;
UNLOCK TABLES;

--
-- Table structure for table `working_history`
--

DROP TABLE IF EXISTS `working_history`;
/*!40101 SET @saved_cs_client     = @@character_set_client */;
/*!40101 SET character_set_client = utf8 */;
CREATE TABLE `working_history` (
  `id` int(11) unsigned NOT NULL,
  `account_id` int(11) NOT NULL,
  `from_year` year(4) NOT NULL,
  `to_year` year(4) NOT NULL,
  `workplace` varchar(256) DEFAULT NULL,
  `specialist` varchar(256) DEFAULT NULL,
  PRIMARY KEY (`id`),
  KEY `account_id` (`account_id`),
  CONSTRAINT `fk_working_history_account_id_account_id` FOREIGN KEY (`account_id`) REFERENCES `account` (`id`)
) ENGINE=InnoDB DEFAULT CHARSET=utf8;
/*!40101 SET character_set_client = @saved_cs_client */;

--
-- Dumping data for table `working_history`
--

LOCK TABLES `working_history` WRITE;
/*!40000 ALTER TABLE `working_history` DISABLE KEYS */;
/*!40000 ALTER TABLE `working_history` ENABLE KEYS */;
UNLOCK TABLES;
/*!40103 SET TIME_ZONE=@OLD_TIME_ZONE */;

/*!40101 SET SQL_MODE=@OLD_SQL_MODE */;
/*!40014 SET FOREIGN_KEY_CHECKS=@OLD_FOREIGN_KEY_CHECKS */;
/*!40014 SET UNIQUE_CHECKS=@OLD_UNIQUE_CHECKS */;
/*!40101 SET CHARACTER_SET_CLIENT=@OLD_CHARACTER_SET_CLIENT */;
/*!40101 SET CHARACTER_SET_RESULTS=@OLD_CHARACTER_SET_RESULTS */;
/*!40101 SET COLLATION_CONNECTION=@OLD_COLLATION_CONNECTION */;
/*!40111 SET SQL_NOTES=@OLD_SQL_NOTES */;

-- Dump completed on 2016-04-16 15:35:27
