<?xml version="1.0" encoding="UTF-8"?>
<configuration>
	<contextListener class="ch.qos.logback.classic.jul.LevelChangePropagator">
		<resetJUL>true</resetJUL>
	</contextListener>

	<!-- To enable JMX Management -->
	<jmxConfigurator/>

	<!-- Appenders definitions -->
	<appender name="CONSOLE" class="ch.qos.logback.core.ConsoleAppender">
		<encoder>
			<pattern>%d{ISO8601} %-5p \(%t\) \(%L\) [%C.%M] - %msg%n</pattern>
		</encoder>
	</appender>
	<appender name="FULLLOG" class="ch.qos.logback.core.rolling.RollingFileAppender">
		<file>/var/log/cliniccore/webapp-full.log</file>
		<rollingPolicy class="ch.qos.logback.core.rolling.TimeBasedRollingPolicy">
			<!-- rollover daily -->
			<fileNamePattern>/var/log/cliniccore/webapp-full-%d{yyyy-MM-dd}.%i.log</fileNamePattern>
			<maxHistory>10</maxHistory>
			<timeBasedFileNamingAndTriggeringPolicy class="ch.qos.logback.core.rolling.SizeAndTimeBasedFNATP">
				<!-- or whenever the file size reaches 100MB -->
				<maxFileSize>20MB</maxFileSize>
			</timeBasedFileNamingAndTriggeringPolicy>
		</rollingPolicy>
		<append>true</append>
		<encoder>
			<pattern>%d{ISO8601} %-5p \(%t\) \(%L\) [%C.%M] - %msg%n</pattern>
		</encoder>
	</appender>
	<appender name="PERSISTENCELOG" class="ch.qos.logback.core.rolling.RollingFileAppender">
		<file>/var/log/cliniccore/persistence-layer.log</file>
		<rollingPolicy class="ch.qos.logback.core.rolling.TimeBasedRollingPolicy">
			<!-- rollover daily -->
			<fileNamePattern>/var/log/cliniccore/persistence-layer-%d{yyyy-MM-dd}.%i.log</fileNamePattern>
			<maxHistory>10</maxHistory>
			<timeBasedFileNamingAndTriggeringPolicy class="ch.qos.logback.core.rolling.SizeAndTimeBasedFNATP">
				<!-- or whenever the file size reaches 100MB -->
				<maxFileSize>10MB</maxFileSize>
			</timeBasedFileNamingAndTriggeringPolicy>
		</rollingPolicy>
		<append>true</append>
		<encoder>
			<pattern>%d{ISO8601} %-5p \(%t\) \(%L\) [%C.%M] - %msg%n</pattern>
		</encoder>
	</appender>
	<appender name="BIZLOGICLOG" class="ch.qos.logback.core.rolling.RollingFileAppender">
		<file>/var/log/cliniccore/bizlogic-layer.log</file>
		<rollingPolicy class="ch.qos.logback.core.rolling.TimeBasedRollingPolicy">
			<!-- rollover daily -->
			<fileNamePattern>/var/log/cliniccore/bizlogic-layer-%d{yyyy-MM-dd}.%i.log</fileNamePattern>
			<maxHistory>10</maxHistory>
			<timeBasedFileNamingAndTriggeringPolicy class="ch.qos.logback.core.rolling.SizeAndTimeBasedFNATP">
				<!-- or whenever the file size reaches 100MB -->
				<maxFileSize>10MB</maxFileSize>
			</timeBasedFileNamingAndTriggeringPolicy>
		</rollingPolicy>
		<append>true</append>
		<encoder>
			<pattern>%d{ISO8601} %-5p \(%t\) \(%L\) [%C.%M] - %msg%n</pattern>
		</encoder>
	</appender>
	<appender name="PRESENTATIONLOG" class="ch.qos.logback.core.rolling.RollingFileAppender">
		<file>/var/log/cliniccore/presentation-layer.log</file>
		<rollingPolicy class="ch.qos.logback.core.rolling.TimeBasedRollingPolicy">
			<!-- rollover daily -->
			<fileNamePattern>/var/log/cliniccore/presentation-layer-%d{yyyy-MM-dd}.%i.log</fileNamePattern>
			<maxHistory>10</maxHistory>
			<timeBasedFileNamingAndTriggeringPolicy class="ch.qos.logback.core.rolling.SizeAndTimeBasedFNATP">
				<!-- or whenever the file size reaches 100MB -->
				<maxFileSize>10MB</maxFileSize>
			</timeBasedFileNamingAndTriggeringPolicy>
		</rollingPolicy>
		<append>true</append>
		<encoder>
			<pattern>%d{ISO8601} %-5p \(%t\) \(%L\) [%C.%M] - %msg%n</pattern>
		</encoder>
	</appender>
	<appender name="WEBAPPFWKLOG" class="ch.qos.logback.core.rolling.RollingFileAppender">
		<file>/var/log/cliniccore/webapp-framework.log</file>
		<rollingPolicy class="ch.qos.logback.core.rolling.TimeBasedRollingPolicy">
			<!-- rollover daily -->
			<fileNamePattern>/var/log/cliniccore/webapp-framework-%d{yyyy-MM-dd}.%i.log</fileNamePattern>
			<maxHistory>10</maxHistory>
			<timeBasedFileNamingAndTriggeringPolicy class="ch.qos.logback.core.rolling.SizeAndTimeBasedFNATP">
				<!-- or whenever the file size reaches 100MB -->
				<maxFileSize>10MB</maxFileSize>
			</timeBasedFileNamingAndTriggeringPolicy>
		</rollingPolicy>
		<append>true</append>
		<encoder>
			<pattern>%d{ISO8601} %-5p \(%t\) \(%L\) [%C.%M] - %msg%n</pattern>
		</encoder>
	</appender>
	<appender name="WEBSERVICESLOG" class="ch.qos.logback.core.rolling.RollingFileAppender">
		<file>/var/log/cliniccore/webservices-api.log</file>
		<rollingPolicy class="ch.qos.logback.core.rolling.TimeBasedRollingPolicy">
			<!-- rollover daily -->
			<fileNamePattern>/var/log/cliniccore/webservices-api-%d{yyyy-MM-dd}.%i.log</fileNamePattern>
			<maxHistory>10</maxHistory>
			<timeBasedFileNamingAndTriggeringPolicy class="ch.qos.logback.core.rolling.SizeAndTimeBasedFNATP">
				<!-- or whenever the file size reaches 100MB -->
				<maxFileSize>10MB</maxFileSize>
			</timeBasedFileNamingAndTriggeringPolicy>
		</rollingPolicy>
		<append>true</append>
		<encoder>
			<pattern>%d{ISO8601} %-5p \(%t\) \(%L\) [%C.%M] - %msg%n</pattern>
		</encoder>
	</appender>
	
	<!-- Loggers definitions -->
	<logger name="com.clinic.clinic.api.persistence" level="debug">
		<appender-ref ref="PERSISTENCELOG"/>
	</logger>
	<logger name="com.clinic.clinic.api.bizlogic" level="debug">
		<appender-ref ref="BIZLOGICLOG"/>
	</logger>
	<logger name="com.clinic.clinic.api.ws" level="debug">
		<appender-ref ref="WEBSERVICESLOG"/>
	</logger>	
	<logger name="org.springframework" level="info">
		<appender-ref ref="WEBAPPFWKLOG"/>
	</logger>
	<logger name="org.springframework.beans" level="info">
		<appender-ref ref="WEBAPPFWKLOG"/>
	</logger>

	<root level="info">
		<appender-ref ref="CONSOLE" />
		<appender-ref ref="FULLLOG" />
	</root>
</configuration>